term_normalized,source_slug,line,excerpt,extraction_method,has_avoid_marker,has_capitalization_rule
"""losing a loved one"" cliche",tja-stylebook-2026-01,1008,"### [the ""losing a loved one"" cliche](#losing-loved-one){.header-anchor} {#losing-loved-one updated=""2023-08-25"" tabinde",glossary,yes,no
#blacklivesmatter,diversity-style-guide-2023-11,661,"- [Black Lives Matter, #BlackLivesMatter](https://www.diversitystyleguide.com/glossary/black-lives-matter-blacklivesmatt",glossary,no,no
#blackoutday,diversity-style-guide-2023-11,81,"- [#BlackoutDay, #TheBlackout](https://www.diversitystyleguide.com/glossary/blackoutday-theblackout/){.glossaryLink .cmt",glossary,no,no
#theblackout,diversity-style-guide-2023-11,81,"- [#BlackoutDay, #TheBlackout](https://www.diversitystyleguide.com/glossary/blackoutday-theblackout/){.glossaryLink .cmt",glossary,no,no
a.d,cair-journalists-guide-2021-08,119,"Peninsula. Within a hundred years after the Prophet’s* passing in 633 A.D., Islam reached as far west",keyword,no,no
a.d,diversity-style-guide-2023-11,86,- [A.D.](https://www.diversitystyleguide.com/glossary/a-d/){.glossaryLink .cmtt_Christianity},glossary,no,no
abaya,diversity-style-guide-2023-11,91,- [abaya](https://www.diversitystyleguide.com/glossary/abaya/){.glossaryLink .cmtt_Arab .American .cmtt_Islam},glossary,no,no
abaya,religion-stylebook-2026-06,431,## abaya,glossary,no,no
abc,define-american-media-reference-2024-01,963,detained on A Million Little Things (ABC).,keyword,no,no
abc,diversity-style-guide-2023-11,96,- [ABC](https://www.diversitystyleguide.com/glossary/abc/){.glossaryLink .cmtt_Asian .American .cmtt_Race},glossary,no,no
abc,hrw-describing-migrants-2014-06,24,"A number of media groups have discontinued the use of the term “illegal” immigrants and related terminology, including t",keyword,no,no
abcd,diversity-style-guide-2023-11,101,- [ABCD](https://www.diversitystyleguide.com/glossary/abcd/){.glossaryLink .cmtt_Indian .American},glossary,no,no
able bodied,apa-inclusive-language-2023-10,1400,able-bodied,keyword,no,no
able bodied,diversity-style-guide-2023-11,106,- [able-bodied](https://www.diversitystyleguide.com/glossary/able-bodied/){.glossaryLink .cmtt_Disability},glossary,no,no
able bodied,ncdj-disability-style-guide-2021,122,### [Able-bodied]{.highlight-gold},glossary,no,no
able bodied,racial-equity-tools-glossary-2023,947,Example: Able-bodied people who object to strategies for making buildings accessible because of the expense.,keyword,no,no
able bodied,sumofus-progressive-styleguide-2016,499,yy able-bodied,keyword,no,no
ableism,apa-inclusive-language-2023-10,271,"heterosexuality, ableism, and other identities and take responsibility for advancing equity. It is important to be inter",keyword,no,no
ableism,diversity-style-guide-2023-11,111,- [ableism](%20https://www.diversitystyleguide.com/glossary/ableism/%20){.glossaryLink .cmtt_Disability},glossary,no,no
ableism,ncdj-disability-style-guide-2021,134,### [Ableism/Ableist]{.highlight-gold},glossary,no,no
ableism,racial-equity-tools-glossary-2023,189,"[[[[Ableism]{.wixui-rich-text__text style=""letter-spacing:0.03em;""}]{.wixui-rich-text__text style=""font-size:22px;""}]{.c",keyword,no,no
ableism,sierra-club-equity-language-guide-2021,30,ABLEISM. ...............................................................................................................,keyword,yes,no
ableism,sumofus-progressive-styleguide-2016,367,Anti-ableism framework,keyword,no,no
ableist,apa-inclusive-language-2023-10,1308,Ableist terms and phrases in everyday language,keyword,no,no
ableist,ncdj-disability-style-guide-2021,134,### [Ableism/Ableist]{.highlight-gold},glossary,no,no
ableist,racial-equity-tools-glossary-2023,1031,"We recognize the problematic ableist language of this term, but we reference it as used by scholars to describe an impor",keyword,no,no
ableist,sumofus-progressive-styleguide-2016,369,"that is better than all others, and ableists build a world in which",keyword,no,no
ablution,religion-stylebook-2026-06,13,## ablution,glossary,no,no
abnormal,diversity-style-guide-2023-11,116,- [abnormal/abnormality](https://www.diversitystyleguide.com/glossary/abnormalabnormality/){.glossaryLink .cmtt_Disabili,glossary,no,no
abnormal,nabj-style-guide-2022-10,1910,"| | | [sickle cell anemia:]{style=""font-weight: bold;""} Inherited chronic anemia found chiefly among blacks, characteriz",keyword,no,no
abnormal,ncdj-disability-style-guide-2021,148,### [Abnormal/abnormality]{.highlight-gold},glossary,yes,no
abnormal,racial-equity-tools-glossary-2023,1931,"The assumption that everyone is heterosexual, and that heterosexuality is superior to all other sexualities. This includ",keyword,no,no
abnormality,diversity-style-guide-2023-11,116,- [abnormal/abnormality](https://www.diversitystyleguide.com/glossary/abnormalabnormality/){.glossaryLink .cmtt_Disabili,glossary,no,no
abnormality,ncdj-disability-style-guide-2021,148,### [Abnormal/abnormality]{.highlight-gold},glossary,yes,no
abolition,diversity-style-guide-2023-11,121,"- [abolition](https://www.diversitystyleguide.com/glossary/abolition/){.glossaryLink .cmtt_African .American, .Black}",glossary,no,no
abolition,movement-strategy-center-glossary-2024,21,#### Abolition,glossary,no,no
abolition,racial-equity-tools-glossary-2023,226,"[[[[Abolition]{.wixui-rich-text__text style=""letter-spacing:0.03em;""}]{.wixui-rich-text__text style=""font-size:22px;""}]{",keyword,no,no
abortion,diversity-style-guide-2023-11,126,- [abortion](https://www.diversitystyleguide.com/glossary/abortion/){.glossaryLink .cmtt_Abortion .cmtt_Religion},glossary,no,no
abortion,gcjt-style-guide-trauma-2021,643,"abortion and sterilization, economic or educational deprivation and",keyword,no,no
abortion,sumofus-progressive-styleguide-2016,1595,"abortion. “Women’s health issues,” Conway averred, “are",keyword,no,no
accents and direct quotation of,diversity-style-guide-2023-11,131,- [accents and direct quotation of](https://www.diversitystyleguide.com/glossary/accents-and-direct-quotation-of/){.glos,glossary,no,no
accessibility,apa-inclusive-language-2023-10,88,Accessibility,keyword,no,no
accessibility,diversity-style-guide-2023-11,136,"- [accessibility, accessible](https://www.diversitystyleguide.com/glossary/accessibility/){.glossaryLink .cmtt_Disabilit",glossary,no,no
accessible,define-american-media-reference-2024-01,554,"and accessible, regardless of",keyword,no,no
accessible,diversity-style-guide-2023-11,136,"- [accessibility, accessible](https://www.diversitystyleguide.com/glossary/accessibility/){.glossaryLink .cmtt_Disabilit",glossary,no,no
accessible,gcjt-style-guide-trauma-2021,3135,"Legal Lynching offers a succinct, accessible introduction to the debate",keyword,no,no
accessible,racial-equity-tools-glossary-2023,947,Example: Able-bodied people who object to strategies for making buildings accessible because of the expense.,keyword,no,no
accessible,seiu-stylebook-2020-01,3172,"accessible en ligne, accessible sur le",keyword,no,no
accessible,sierra-club-equity-language-guide-2021,485,items designed to make a space more accessible.,keyword,no,no
accessible,sumofus-progressive-styleguide-2016,62,"are accessible, user-friendly, clear, and aligned with progressives’",keyword,no,no
accountability,casey-editorial-guide-2013-04,1306,"accountability (overused without explanation and begs the question: for what, to whom and with",keyword,no,no
accountability,color-of-change-antiracist-protest-reporting-2020,65,"demand accountability for police violence, justice for Black",keyword,no,no
accountability,dcfpi-inclusive-language-2017-12,387,"• Use language that supports accountability and healing, and promotes agency",keyword,yes,no
accountability,define-american-media-reference-2024-01,1047,"criminal organizations,” credible sources report that HSI has limited accountability",keyword,no,no
accountability,gcjt-style-guide-trauma-2021,552,and cohesion can be undermined and accountability may prove,keyword,no,no
accountability,movement-strategy-center-glossary-2024,25,#### Accountability,glossary,no,no
accountability,racial-equity-tools-glossary-2023,230,"1. The action of abolishing a system, practice, or institution. Abolition centers on getting rid of prison, jails, polic",keyword,no,no
accountability,seiu-stylebook-2020-01,1905,Standard: Working together with accountability,keyword,no,no
accountability,sumofus-progressive-styleguide-2016,2329,"use language that supports accountability and healing, that",keyword,no,no
acting,diversity-style-guide-2023-11,141,"- [acting, appearing (gay, straight)](https://www.diversitystyleguide.com/glossary/acting-appearing-gay-straight/){.glos",glossary,no,no
acting,nlgja-stylebook-lgbtq-2025-06,153,"**acting, appearing\**",glossary,yes,no
activist,apa-inclusive-language-2023-10,1437,"neurodiversity activist (Boston University, n.d.).",keyword,no,no
activist,color-of-change-antiracist-protest-reporting-2020,317,of color. Some activists want to abolish police,keyword,no,no
activist,color-of-change-black-survivors-styleguide-2022,1066,"Activists, Academics, and Experts",keyword,no,no
activist,diversity-style-guide-2023-11,146,"- [activist, advocate](https://www.diversitystyleguide.com/glossary/activist-advocate/){.glossaryLink}",glossary,no,no
activist,gcjt-style-guide-trauma-2021,1111,"describe the specific motivations or goals of activists. For example,",keyword,no,no
activist,nabj-style-guide-2022-10,1304,"| | | [Kwanzaa:]{style=""font-weight: bold;""} Swahili for first fruits of the harvest; an African-American cultural holid",keyword,no,no
activist,racial-equity-tools-glossary-2023,1400,"Disability justice activists, organizers, and cultural workers understand that able-bodied supremacy has been formed in ",keyword,no,no
activist,seiu-stylebook-2020-01,1935,"membership as TEAM Leaders and 10 percent as member activists. Taken together, we’re on our way to develop",keyword,no,no
activist,sierra-club-equity-language-guide-2021,217,queer activist” would make it clear that this person,keyword,no,no
activist,sumofus-progressive-styleguide-2016,37,"members, grassroots leaders, activists, and progressive funders –",keyword,no,no
addict,apa-inclusive-language-2023-10,693,addict,keyword,no,no
addict,diversity-style-guide-2023-11,151,"- [addict, addiction](https://www.diversitystyleguide.com/glossary/addict-addiction/){.glossaryLink .cmtt_Drugs .and .al",glossary,no,no
addict,gcjt-style-guide-trauma-2021,1692,"[Terms such as ""addict"" or ""drug abuser"" should generally not be used as",keyword,yes,no
addict,ncdj-disability-style-guide-2021,158,### [Addict/addiction]{.highlight-gold},glossary,yes,no
addiction,apa-inclusive-language-2023-10,430,"substance misuse and addiction, and cardiovascular disease. Acute problems of domestic violence or alcohol misuse may",keyword,no,no
addiction,color-of-change-antiracist-protest-reporting-2020,315,responses to addiction and mental illness to,keyword,no,no
addiction,dcfpi-inclusive-language-2017-12,735,"Frameworks Institute, Talking About Addiction",keyword,no,no
addiction,diversity-style-guide-2023-11,151,"- [addict, addiction](https://www.diversitystyleguide.com/glossary/addict-addiction/){.glossaryLink .cmtt_Drugs .and .al",glossary,no,no
addiction,gcjt-style-guide-trauma-2021,1694,"heroin addiction"" is preferable to ""she was a heroin",keyword,no,no
addiction,ncdj-disability-style-guide-2021,158,### [Addict/addiction]{.highlight-gold},glossary,yes,no
addiction,sumofus-progressive-styleguide-2016,3145,34 http://www.recoveryanswers.org/pressrelease/confronting-inadvertent-stigma-andpejorative-language-in-addiction-schola,keyword,no,no
adhan,cair-journalists-guide-2021-08,348,Adhan – The Muslim call to prayer. The “dh” is pronounced like the “th” in “thus.”,keyword,no,no
adhan,diversity-style-guide-2023-11,156,- [adhan](https://www.diversitystyleguide.com/glossary/adhan/){.glossaryLink .cmtt_Islam .cmtt_Religion},glossary,no,no
adhan,religion-stylebook-2026-06,443,## adhan,glossary,no,no
adi granth,diversity-style-guide-2023-11,161,- [Adi Granth](https://www.diversitystyleguide.com/glossary/adi-granth/){.glossaryLink .cmtt_Religion .cmtt_Sikhism},glossary,no,no
adoption,casey-editorial-guide-2013-04,1196,post-adoption (adj.),keyword,no,no
adoption,color-of-change-black-survivors-styleguide-2022,102,the adoption and utility of the Style Guide in order to uphold,keyword,no,no
adoption,define-american-media-reference-2024-01,656,Transnational Adoption or,keyword,no,no
adoption,diversity-style-guide-2023-11,166,- [adoption](https://www.diversitystyleguide.com/glossary/adoption/){.glossaryLink .cmtt_Age/generations},glossary,no,no
adultism,diversity-style-guide-2023-11,171,- [adultism](https://www.diversitystyleguide.com/glossary/adultism/){.glossaryLink .cmtt_Age/generations},glossary,no,no
adultism,sumofus-progressive-styleguide-2016,175,Anti-adultism framework,keyword,no,no
advocate,cair-journalists-guide-2021-08,213,"Islam advocates both freedom of religion and freedom of conscience, a position supported by verses",keyword,no,no
advocate,color-of-change-black-families-narrative-2020,330,"your networks, and advocate",keyword,no,no
advocate,comm-unity-style-guide-2021,119,They have family or loved ones hurt by their absence who eagerly await and often advocate for their,keyword,no,no
advocate,dcfpi-inclusive-language-2017-12,56,"in their own story, and should not be positioning ourselves, as advocates and nonprofit employees, as",keyword,no,no
advocate,diversity-style-guide-2023-11,146,"- [activist, advocate](https://www.diversitystyleguide.com/glossary/activist-advocate/){.glossaryLink}",glossary,no,no
advocate,gcjt-style-guide-trauma-2021,1112,make sure to distinguish between gun control advocates (who support,keyword,no,no
advocate,hrw-describing-migrants-2014-06,38,"[6] Amanda Holpuch, “New York Times public editor won’t advocate against ‘illegal immigrant’,” Guardian, October 2, 2012",keyword,no,no
advocate,idp-journalist-style-guide-2020,97,often advocate for their release.,keyword,no,no
advocate,interact-intersex-media-guide-2017,73,"controversial and pathologizing, and while some advocates",keyword,no,no
advocate,nabj-style-guide-2022-10,1115,"| | | | [National Association of Black Journalists (NABJ)]{style=""font-weight: bold;""} - based in College Park, Md., an ",keyword,no,no
advocate,opportunity-agenda-social-justice-phrase-guide-2015,106,advocates want.,keyword,no,no
advocate,racial-equity-tools-glossary-2023,867,"**SOURCE: **S. Killermann, *A Guide to Gender: The Social Justice Advocate's Handbook*, Austin, TX: Impetus Books, 2017.",keyword,no,no
advocate,seiu-stylebook-2020-01,1939,"Member activists are volunteering to organize, advocate and take action to build power.",keyword,no,no
advocate,sierra-club-equity-language-guide-2021,343,"of neurodiversity, which advocates that neurological",keyword,no,no
advocate,sumofus-progressive-styleguide-2016,1669,yy abortion rights advocate,keyword,no,no
affirm identities,radicalcopyeditor-trans-style-guide-2017,62,"**Affirm identities:** ""Trans women are women, trans men are men, and non-binary people are non-binary."" Avoid language ",glossary,yes,no
affirmative action,diversity-style-guide-2023-11,176,- [affirmative action](https://www.diversitystyleguide.com/glossary/affirmative-action/){.glossaryLink .cmtt_African .Am,glossary,no,no
affirmative action,nabj-style-guide-2022-10,689,"| | | [diversity:]{style=""font-weight: bold;""} Catchall term to describe a condition or environment that is multiracial ",keyword,no,no
affirmative action,racial-equity-tools-glossary-2023,316,"[[[[Affirmative Action]{.wixui-rich-text__text style=""letter-spacing:0.03em;""}]{.wixui-rich-text__text style=""font-size:",keyword,no,no
afflicted with,apa-inclusive-language-2023-10,673,afflicted with [condition],keyword,no,no
afflicted with,diversity-style-guide-2023-11,181,- [afflicted with/stricken with/suffers from/victim of](https://www.diversitystyleguide.com/glossary/afflicted-withstric,glossary,no,no
afflicted with,ncdj-disability-style-guide-2021,176,### [Afflicted with/stricken with/suffers from/victim of]{.highlight-gold},glossary,no,no
africa,apa-inclusive-language-2023-10,409,"“Refers broadly to the regions of Latin America, Asia, Africa, and Oceania that are mostly (although not all) low-income",keyword,no,no
africa,cair-journalists-guide-2021-08,120,"as Africa and Western Europe, and as far east as Southeast Asia, spawning empires, civilizations and a",keyword,no,no
africa,diversity-style-guide-2023-11,186,"- [Africa](https://www.diversitystyleguide.com/glossary/africa/){.glossaryLink .cmtt_African .American, .Black .cmtt_Geo",glossary,no,no
africa,gcjt-style-guide-trauma-2021,3707,"### King Leopold\'s Ghost: A Story of Greed, Terror, and Heroism in Colonial Africa",keyword,no,no
africa,nabj-style-guide-2022-10,683,"| | | [dark continent:]{style=""font-weight: bold;""} Avoid using as a description for Africa. Considered offensive. | | F",keyword,yes,yes
africa,picum-words-matter-2017-03,530,fleeing the Holocaust; people and acts in violation of the segregationist laws of South Africa,keyword,no,no
africa,racial-equity-tools-glossary-2023,4121,Settler colonialism refers to colonization in which colonizing powers create permanent or long-term settlement on land o,keyword,no,no
africa,sumofus-progressive-styleguide-2016,2504,"as Canadian, or if they are white, born in Africa, and recently",keyword,no,no
african american,apa-inclusive-language-2023-10,1461,African American/Black,keyword,no,no
african american,casey-editorial-guide-2013-04,729,"For nouns: African American, Asian American, black, Hispanic, Latino, Native American, nonHispanic white, white (do not ",keyword,yes,no
african american,color-of-change-black-families-narrative-2020,2434,"DeFina, Robert and Hannon, Lance, “Violent Crime in African American and White Neighborhoods: Is",keyword,no,no
african american,color-of-change-black-survivors-styleguide-2022,1000,• “Sexual Violence in the Lives of African-American,keyword,no,no
african american,comm-unity-style-guide-2021,139,• “African American adults are 5.9 times as likely to be incarcerated than whites and [Latinxs] are,keyword,no,no
african american,dcfpi-inclusive-language-2017-12,166,"• Generally use Black, rather than African American, unless this is the preferred language in a specific",keyword,no,no
african american,diversity-style-guide-2023-11,191,"- [African American, African-American, Black, black](https://www.diversitystyleguide.com/glossary/african-american-afric",glossary,no,no
african american,gcjt-style-guide-trauma-2021,1588,referred to as Black or African American.,keyword,no,no
african american,idp-journalist-style-guide-2020,138,• “African-American adults are 5.9 times as likely to be incarcerated than whites and,keyword,no,no
african american,nabj-style-guide-2022-10,449,"| | | [Black:]{style=""font-weight: bold;""} See African, African American. (New Guidance) | | | |",keyword,no,no
african american,racial-equity-tools-glossary-2023,91,"[Many of the terms in this glossary have evolved over time. For example, given the changing demographic trends in the Un",keyword,no,no
african american,seiu-stylebook-2020-01,127,African American [no hyphen],keyword,no,no
african american,sierra-club-equity-language-guide-2021,1130,"of mixed Choctaw and African American descent,”",keyword,no,no
african american,sumofus-progressive-styleguide-2016,2498,"identifying someone’s ancestry: African American, AfroCuban, Eurasian. These should be capitalized. These are",keyword,no,no
african american english,diversity-style-guide-2023-11,651,"- [Black English, African American English](https://www.diversitystyleguide.com/glossary/black-english/){.glossaryLink}",glossary,no,no
african american language,diversity-style-guide-2023-11,211,- [African-American language](https://www.diversitystyleguide.com/glossary/african-american-language/){.glossaryLink .cm,glossary,no,no
african diaspora,diversity-style-guide-2023-11,196,- [African diaspora](https://www.diversitystyleguide.com/glossary/african-diaspora/){.glossaryLink .cmtt_African .Americ,glossary,no,no
african methodist episcopal zion,diversity-style-guide-2023-11,201,- [African Methodist Episcopal Zion](https://www.diversitystyleguide.com/glossary/african-methodist-episcopal-zion/){.gl,glossary,no,no
african methodist episocopal church,diversity-style-guide-2023-11,206,- [African Methodist Episocopal (AME) Church](https://www.diversitystyleguide.com/glossary/97/){.glossaryLink .cmtt_Afri,glossary,no,no
afro american,apa-inclusive-language-2023-10,1466,"descent who are also of African ancestry. The terms “Negro,” “colored,” and “Afro-American” are outdated, and their use",keyword,yes,no
afro american,diversity-style-guide-2023-11,216,"- [Afro-American](https://www.diversitystyleguide.com/glossary/afro-american-2/){.glossaryLink .cmtt_African .American, ",glossary,no,no
afro american,nabj-style-guide-2022-10,1109,"| | | | [The Capital Press Club]{style=""font-weight: bold;""} - based in Washington, established in 1944 to expose black ",keyword,no,no
afro latinx,movement-strategy-center-glossary-2024,33,#### Afro-Latinx,glossary,no,no
afrocentric,diversity-style-guide-2023-11,221,"- [Afrocentric, Afrocentrism](https://www.diversitystyleguide.com/glossary/afrocentric-afrocentrism/){.glossaryLink .cmt",glossary,no,no
afrocentrism,diversity-style-guide-2023-11,221,"- [Afrocentric, Afrocentrism](https://www.diversitystyleguide.com/glossary/afrocentric-afrocentrism/){.glossaryLink .cmt",glossary,no,no
afrofuturism,movement-strategy-center-glossary-2024,29,#### Afrofuturism,glossary,no,no
ageism,apa-inclusive-language-2023-10,578,"prejudice based on chronological age is ageism; and prejudice based on disability is ableism (APA, 2021c).",keyword,no,no
ageism,diversity-style-guide-2023-11,226,- [ageism](https://www.diversitystyleguide.com/glossary/ageism/){.glossaryLink .cmtt_Age/generations},glossary,no,no
ageism,gcjt-style-guide-trauma-2021,1409,"[**Ageism: **This term was coined in 1969 by Robert N. Butler, the first",keyword,no,no
ageism,movement-strategy-center-glossary-2024,36,#### Ageism,glossary,no,no
ageism,racial-equity-tools-glossary-2023,2500,The structures of domination working together as a network---not just one group dominating another. Its branches include,keyword,no,no
ageism,sierra-club-equity-language-guide-2021,33,AGEISM..................................................................................................................,keyword,no,no
ageism,sumofus-progressive-styleguide-2016,202,Anti-ageism framework,keyword,no,no
agender,apa-inclusive-language-2023-10,1982,agender,keyword,no,no
agender,dcfpi-inclusive-language-2017-12,461,Agender,keyword,no,no
agender,diversity-style-guide-2023-11,231,- [agender](https://www.diversitystyleguide.com/glossary/agender/){.glossaryLink .cmtt_LGBTQ .cmtt_Transgender},glossary,no,no
agender,nlgja-stylebook-lgbtq-2025-06,159,**agender\**,glossary,no,no
agender,sumofus-progressive-styleguide-2016,3264,115 http://nonbinary.org/wiki/Agender,keyword,no,no
agender,tja-stylebook-2026-01,1078,"### [agender (adj.)](#def-agender){.header-anchor} {#def-agender updated=""2023-08-25"" tabindex=""-1""}",glossary,no,no
aging,apa-inclusive-language-2023-10,151,Committee on Aging,keyword,no,no
aging,diversity-style-guide-2023-11,236,- [aging](https://www.diversitystyleguide.com/glossary/aging/){.glossaryLink .cmtt_Age/generations},glossary,no,no
aging,gcjt-style-guide-trauma-2021,1421,"[Avoid generalizations when covering topics around aging, as well as",keyword,yes,no
aging,seiu-stylebook-2020-01,3519,rapidly aging,keyword,no,no
aging,sierra-club-equity-language-guide-2021,549,Women tend to face harsher social penalties for aging,keyword,no,no
aging in place,diversity-style-guide-2023-11,241,- [aging in place](https://www.diversitystyleguide.com/glossary/aging-in-place/){.glossaryLink .cmtt_Age/generations},glossary,no,no
agnostic,apa-inclusive-language-2023-10,1703,"About a quarter (27%) of U.S. Jewish adults described themselves (religiously) as atheist, agnostic, or nothing in",keyword,no,no
agnostic,diversity-style-guide-2023-11,246,- [agnostic](https://www.diversitystyleguide.com/glossary/agnostic/){.glossaryLink .cmtt_Religion},glossary,no,no
agnostic,racial-equity-tools-glossary-2023,3998,"The systematic subordination of minority religious groups, such as Buddhists, Hindus, Jews, Muslims, Sikhs, Native Ameri",keyword,no,no
ahl al kitab,religion-stylebook-2026-06,447,## Ahl al-Kitab,glossary,no,no
aids,apa-inclusive-language-2023-10,420,"individuals with disabilities encounter multiple obstacles to equitably access health care, including the lack of govern",keyword,no,no
aids,gcjt-style-guide-trauma-2021,1689,"""people living with AIDS"" rather than people ""suffering from",keyword,no,no
aids,nlgja-stylebook-lgbtq-2025-06,156,**AIDS\**,glossary,no,no
aids,seiu-stylebook-2020-01,128,AIDS [Aquired Immune Deficiency Syndrome],keyword,no,no
aids,sumofus-progressive-styleguide-2016,1642,(AIDS victim) and take the time to re-word or frame the issue,keyword,no,no
al aqsa,religion-stylebook-2026-06,451,## Al-Aqsa,glossary,no,no
al isra wal miraj,religion-stylebook-2026-06,455,## Al-Isra Wal Miraj,glossary,no,no
al qaida,religion-stylebook-2026-06,459,## al-Qaida,glossary,no,no
alaska native,diversity-style-guide-2023-11,251,- [Alaska Native](https://www.diversitystyleguide.com/glossary/alaska-native/){.glossaryLink .cmtt_Alaska .Native .cmtt_,glossary,no,no
albinism,ncdj-disability-style-guide-2021,188,### [Albino/albinism]{.highlight-gold},glossary,no,no
albino,ncdj-disability-style-guide-2021,188,### [Albino/albinism]{.highlight-gold},glossary,no,no
alcoholic,apa-inclusive-language-2023-10,698,alcoholic,keyword,no,no
alcoholic,diversity-style-guide-2023-11,256,"- [alcoholic, alcoholism](https://www.diversitystyleguide.com/glossary/alcoholic-alcoholism/){.glossaryLink .cmtt_Drugs ",glossary,no,no
alcoholic,ncdj-disability-style-guide-2021,202,### [Alcoholic/alcoholism]{.highlight-gold},glossary,no,no
alcoholic,sumofus-progressive-styleguide-2016,502,yy alcoholic,keyword,no,no
alcoholics anonymous,diversity-style-guide-2023-11,261,- [Alcoholics Anonymous](https://www.diversitystyleguide.com/glossary/alcoholics-anonymous/){.glossaryLink .cmtt_Drugs .,glossary,no,no
alcoholics anonymous,ncdj-disability-style-guide-2021,214,### [Alcoholics Anonymous]{.highlight-gold},glossary,no,no
alcoholism,diversity-style-guide-2023-11,256,"- [alcoholic, alcoholism](https://www.diversitystyleguide.com/glossary/alcoholic-alcoholism/){.glossaryLink .cmtt_Drugs ",glossary,no,no
alcoholism,ncdj-disability-style-guide-2021,202,### [Alcoholic/alcoholism]{.highlight-gold},glossary,no,no
alien,comm-unity-style-guide-2021,273,“Criminal alien”,keyword,yes,no
alien,define-american-media-reference-2024-01,341,"illegals, illegal immigrant, alien, illegal",keyword,no,no
alien,diversity-style-guide-2023-11,266,- [alien](https://www.diversitystyleguide.com/glossary/alien/){.glossaryLink .cmtt_Immigration},glossary,no,no
alien,hrw-describing-migrants-2014-06,16,"Terms such as “illegal immigrants,” Illegal aliens,” “illegal migrants” and “illegals” are problematic for several reaso",keyword,no,no
alien,idp-journalist-style-guide-2020,313,“Criminal alien”,keyword,yes,no
alien,racial-equity-tools-glossary-2023,1660,An especially virulent form of far-right populist ultra-nationalism that celebrates the nation or the race as an organic,keyword,no,no
alien,sierra-club-equity-language-guide-2021,877,• alien,keyword,no,no
alien,sumofus-progressive-styleguide-2016,1916,phrase ‘illegal immigrant’ or ‘illegal alien’ to describe,keyword,no,no
alien land laws,diversity-style-guide-2023-11,271,- [Alien Land Laws](https://www.diversitystyleguide.com/glossary/alien-land-laws/){.glossaryLink .cmtt_Immigration},glossary,no,no
all american,diversity-style-guide-2023-11,276,- [All-American](https://www.diversitystyleguide.com/glossary/all-american/){.glossaryLink .cmtt_Race},glossary,no,no
all american,gcjt-style-guide-trauma-2021,3854,thousand German civilians died---a figure twice that of all American war,keyword,no,no
all american,sumofus-progressive-styleguide-2016,2844,or the “all-American” blonde family?,keyword,no,no
allah,cair-journalists-guide-2021-08,307,MYTH 5: “Allah” in the Quran is not the same God worshiped by Christians and Jews,keyword,no,no
allah,diversity-style-guide-2023-11,281,- [Allah](https://www.diversitystyleguide.com/glossary/allah/){.glossaryLink .cmtt_Islam .cmtt_Religion},glossary,no,no
allah,nabj-style-guide-2022-10,1099,"| | | | [Islam:]{style=""font-weight: bold;""} Youngest of the world\'s three major monotheistic religions. Like Judaism a",keyword,no,no
allah,religion-stylebook-2026-06,463,## Allah,glossary,yes,no
allahu akbar,cair-journalists-guide-2021-08,355,Allahu Akbar – Arabic phrase meaning “God is Great.” This phrase is used in many situations.,keyword,no,no
allahu akbar,diversity-style-guide-2023-11,286,- [Allahu akbar](https://www.diversitystyleguide.com/glossary/allahu-akbar/){.glossaryLink .cmtt_Islam .cmtt_Religion},glossary,no,no
allahu akbar,religion-stylebook-2026-06,467,## Allahu akbar,glossary,no,no
ally,apa-inclusive-language-2023-10,265,"risk of their own comfort and well-being. Whereas an ally might work to make changes on an individual level, an accompli",keyword,no,no
ally,color-of-change-black-families-narrative-2020,1160,politic­ally motivated attacks on Black,keyword,no,no
ally,diversity-style-guide-2023-11,291,- [ally](https://www.diversitystyleguide.com/glossary/ally-2/){.glossaryLink .cmtt_Disability .cmtt_LGBTQ .cmtt_Race .cm,glossary,no,no
ally,hrc-glossary-2023-05,48,**Ally \|** A term used to describe someone who is actively supportive of LGBTQ+ people. It encompasses straight and cis,glossary,no,no
ally,movement-strategy-center-glossary-2024,39,#### Ally,glossary,no,no
ally,nlgja-stylebook-lgbtq-2025-06,162,**ally\**,glossary,no,no
ally,racial-equity-tools-glossary-2023,365,"[[[[Ally]{.wixui-rich-text__text style=""letter-spacing:0.03em;""}]{.wixui-rich-text__text style=""font-size:22px;""}]{.colo",keyword,no,no
ally,sumofus-progressive-styleguide-2016,3325,146 http://mashable.com/2015/06/04/ally-vocabulary-banned-words/#Iqew6TZBrsqo,keyword,no,no
america,apa-inclusive-language-2023-10,409,"“Refers broadly to the regions of Latin America, Asia, Africa, and Oceania that are mostly (although not all) low-income",keyword,no,no
america,cair-journalists-guide-2021-08,132,"In America, the Muslim community is as diverse and dynamic as in the Muslim world, reflecting a",keyword,no,no
america,color-of-change-black-families-narrative-2020,133,"In America, we routinely punish certain families for experiencing the same",keyword,no,no
america,color-of-change-black-survivors-styleguide-2022,1025,Women in America by Melissa Harris-Perry,keyword,no,no
america,dcfpi-inclusive-language-2017-12,586,"• United States or U.S., not America",keyword,no,no
america,define-american-media-reference-2024-01,120,"America home, 11 million of whom are",keyword,no,no
america,diversity-style-guide-2023-11,301,- [America](https://www.diversitystyleguide.com/glossary/america/){.glossaryLink .cmtt_Geography},glossary,no,no
america,gcjt-style-guide-trauma-2021,1509,North America. The term should only be used to describe groups of two or,keyword,no,no
america,nabj-style-guide-2022-10,441,"| | | [Baptist church:]{style=""font-weight: bold;""} Black people were allowed to join the Baptist fold starting in the 1",keyword,no,no
america,naja-indigenous-terminology-2023-06,27,America as well as pre-existing,keyword,no,no
america,racial-equity-tools-glossary-2023,775,1\. Considering the Black experience as unique and foundational to shaping America's economic and social policies:,keyword,no,no
america,seiu-stylebook-2020-01,3459,America,keyword,no,no
america,sierra-club-equity-language-guide-2021,844,"living in the U.S., consider that in Latin America, the",keyword,no,no
america,sumofus-progressive-styleguide-2016,2112,sort of blood quantum system apparent in South America,keyword,no,no
america,wordsaboutwar-full-2025,760,Avoid saying “United States” or “America” when you mean the US,keyword,yes,no
american,diversity-style-guide-2023-11,306,- [American](https://www.diversitystyleguide.com/glossary/american/){.glossaryLink .cmtt_Geography},glossary,no,no
american arab,apa-inclusive-language-2023-10,180,"American Arab, Middle Eastern, and North African Psychological",keyword,no,no
american arab,diversity-style-guide-2023-11,391,"- [Arab American, American Arab](https://www.diversitystyleguide.com/glossary/arab-american-american-arab/){.glossaryLin",glossary,no,no
american indian,apa-inclusive-language-2023-10,1640,be preferred to “American Indian”). “Indian” usually refers to people from India. Specify the nation or people if,keyword,no,no
american indian,diversity-style-guide-2023-11,311,- [American Indian](https://www.diversitystyleguide.com/glossary/american-indian/){.glossaryLink .cmtt_American .Indian ,glossary,no,no
american indian,naja-indigenous-terminology-2023-06,42,the continental United States and some in Alaska. Native American and American Indian can,keyword,no,no
american indian,native-governance-center-style-guide-2021-02,82,"Capitalize Indigenous, Native, and American Indian.",keyword,no,yes
american indian,racial-equity-tools-glossary-2023,91,"[Many of the terms in this glossary have evolved over time. For example, given the changing demographic trends in the Un",keyword,no,no
american indian,sierra-club-equity-language-guide-2021,1595,"Native American, American Indian), it is best to refer",keyword,no,no
american indian movement,diversity-style-guide-2023-11,316,- [American Indian Movement](https://www.diversitystyleguide.com/glossary/american-indian-movement/){.glossaryLink .cmtt,glossary,no,no
american sign language,apa-inclusive-language-2023-10,1154,American Sign Language—,keyword,no,no
american sign language,diversity-style-guide-2023-11,326,- [American Sign Language](https://www.diversitystyleguide.com/glossary/american-sign-language/){.glossaryLink .cmtt_Dis,glossary,no,no
american sign language,ncdj-disability-style-guide-2021,238,### [American Sign Language (ASL)/signer/interpreter]{.highlight-gold},glossary,no,no
americans with disabilities act,diversity-style-guide-2023-11,331,- [Americans with Disabilities Act (ADA)](https://www.diversitystyleguide.com/glossary/americans-with-disabilities-act-a,glossary,no,no
americans with disabilities act,ncdj-disability-style-guide-2021,226,### [Americans with Disabilities Act (ADA)]{.highlight-gold},glossary,no,no
amish,diversity-style-guide-2023-11,336,- [Amish](https://www.diversitystyleguide.com/glossary/amish/){.glossaryLink .cmtt_Religion},glossary,no,no
amputation,diversity-style-guide-2023-11,341,"- [amputation, amputee](https://www.diversitystyleguide.com/glossary/amputation-amputee/){.glossaryLink .cmtt_Disability",glossary,no,no
amputation,ncdj-disability-style-guide-2021,254,### [Amputation/amputee]{.highlight-gold},glossary,yes,no
amputee,diversity-style-guide-2023-11,341,"- [amputation, amputee](https://www.diversitystyleguide.com/glossary/amputation-amputee/){.glossaryLink .cmtt_Disability",glossary,no,no
amputee,ncdj-disability-style-guide-2021,254,### [Amputation/amputee]{.highlight-gold},glossary,yes,no
anchor baby,diversity-style-guide-2023-11,346,"- [anchor baby, anchor child](https://www.diversitystyleguide.com/glossary/anchor-baby-anchor-child/){.glossaryLink .cmt",glossary,no,no
anchor baby,sierra-club-equity-language-guide-2021,879,• anchor baby,keyword,no,no
anchor child,diversity-style-guide-2023-11,346,"- [anchor baby, anchor child](https://www.diversitystyleguide.com/glossary/anchor-baby-anchor-child/){.glossaryLink .cmt",glossary,no,no
androgyne,diversity-style-guide-2023-11,351,- [androgyne](https://www.diversitystyleguide.com/glossary/androgyne/){.glossaryLink .cmtt_LGBTQ},glossary,no,no
androphilic,diversity-style-guide-2023-11,356,"- [androphilic, gynephilic](https://www.diversitystyleguide.com/glossary/androphilic-gynephilic/){.glossaryLink .cmtt_LG",glossary,no,no
angel island,diversity-style-guide-2023-11,361,- [Angel Island](https://www.diversitystyleguide.com/glossary/angel-island/){.glossaryLink .cmtt_Asian .American .cmtt_I,glossary,no,no
angels,cair-journalists-guide-2021-08,72,"God’s Holy books, angels, the Day of Judgment, afterlife, and divine destiny.",keyword,no,no
angels,religion-stylebook-2026-06,17,## angels,glossary,no,yes
annul,diversity-style-guide-2023-11,366,"- [annul, annulment](https://www.diversitystyleguide.com/glossary/annul-annulment/){.glossaryLink .cmtt_Catholicism .cmt",glossary,no,no
annulment,diversity-style-guide-2023-11,366,"- [annul, annulment](https://www.diversitystyleguide.com/glossary/annul-annulment/){.glossaryLink .cmtt_Catholicism .cmt",glossary,no,no
anti black,apa-inclusive-language-2023-10,3018,"Stevens-Watkins, D. (2020). Critical consciousness of anti-Black racism:",keyword,no,no
anti black,color-of-change-black-families-narrative-2020,48,Historical Overview of the Origins of Anti-Black Terms and Narratives,keyword,no,no
anti black,color-of-change-black-survivors-styleguide-2022,193,"gender-based violence, or perpetuate anti-Black or misogynist stereotypes.",keyword,no,no
anti black,movement-strategy-center-glossary-2024,43,#### Anti-Black,glossary,no,no
anti black,racial-equity-tools-glossary-2023,408,"[[[[Anti-Black]{.wixui-rich-text__text style=""letter-spacing:0.03em;""}]{.wixui-rich-text__text style=""font-size:22px;""}]",keyword,no,no
anti black,seiu-stylebook-2020-01,148,anti-Black,keyword,no,no
anti racist,apa-inclusive-language-2023-10,2686,P. (2023). Anti-racist mentorship: A multicultural and social justice,keyword,no,no
anti racist,color-of-change-antiracist-protest-reporting-2020,16,Anti-racist protest reporting,keyword,no,no
anti racist,color-of-change-black-families-narrative-2020,11,An anti-racist guide for avoiding the,keyword,no,no
anti racist,color-of-change-black-survivors-styleguide-2022,85,an anti-racist and survivor-centered approach in covering,keyword,no,no
anti racist,movement-strategy-center-glossary-2024,47,#### Anti-racist,glossary,no,no
anti racist,racial-equity-tools-glossary-2023,281,**SOURCE:** [[*Accountability and White Anti-Racist Organizing: Stories from Our Work*]{.underline}](https://www.worldca,keyword,no,no
anti racist,seiu-stylebook-2020-01,151,anti-racist,keyword,no,no
anti semitism,apa-inclusive-language-2023-10,2621,Anti-Defamation League. (n.d.). Spelling of antisemitism vs. anti-Semitism.,keyword,no,no
anti semitism,religion-stylebook-2026-06,21,## anti-Semitism,glossary,no,no
anti trans misinformation surrounding mass shootings and extremist activities,tja-stylebook-2026-01,729,### [anti-trans misinformation surrounding mass shootings and extremist activities](#shooting-misinformation){.header-an,glossary,no,no
antiretroviral therapy,nlgja-stylebook-lgbtq-2025-06,648,**antiretroviral therapy\**,glossary,no,no
antisemitism,apa-inclusive-language-2023-10,288,antisemitism,keyword,no,no
antisemitism,diversity-style-guide-2023-11,371,- [antisemitism](https://www.diversitystyleguide.com/glossary/anti-semitism/){.glossaryLink .cmtt_Judaism .cmtt_Religion,glossary,no,no
antisemitism,racial-equity-tools-glossary-2023,535,"[[[[Antisemitism]{.wixui-rich-text__text style=""letter-spacing:0.03em;""}]{.wixui-rich-text__text style=""font-size:22px;""",keyword,no,no
apartheid,apa-inclusive-language-2023-10,2694,"Collins, C., & Yeskel, F. (2005). Economic apartheid. New Press.",keyword,no,no
apartheid,diversity-style-guide-2023-11,376,"- [apartheid](https://www.diversitystyleguide.com/glossary/apartheid/){.glossaryLink .cmtt_African .American, .Black .cm",glossary,no,no
apartheid,racial-equity-tools-glossary-2023,4121,Settler colonialism refers to colonization in which colonizing powers create permanent or long-term settlement on land o,keyword,no,no
apocalypse,diversity-style-guide-2023-11,381,"- [apocalypse, apocalyptic](https://www.diversitystyleguide.com/glossary/apocalypse-apocalyptic/){.glossaryLink .cmtt_Ch",glossary,no,no
apocalypse,religion-stylebook-2026-06,25,"## apocalypse, apocalyptic",glossary,no,yes
apocalyptic,diversity-style-guide-2023-11,381,"- [apocalypse, apocalyptic](https://www.diversitystyleguide.com/glossary/apocalypse-apocalyptic/){.glossaryLink .cmtt_Ch",glossary,no,no
apocalyptic,religion-stylebook-2026-06,25,"## apocalypse, apocalyptic",glossary,no,yes
appearing,diversity-style-guide-2023-11,141,"- [acting, appearing (gay, straight)](https://www.diversitystyleguide.com/glossary/acting-appearing-gay-straight/){.glos",glossary,no,no
appearing,nlgja-stylebook-lgbtq-2025-06,153,"**acting, appearing\**",glossary,yes,no
appearing,seiu-stylebook-2020-01,1719,”Working Together for Quality Patient Care.” And appearing,keyword,no,no
aqiqah,religion-stylebook-2026-06,475,## Aqiqah,glossary,no,no
arab,apa-inclusive-language-2023-10,180,"American Arab, Middle Eastern, and North African Psychological",keyword,no,no
arab,cair-journalists-guide-2021-08,130,Only some 20 percent of the world Muslim population is Arab. The countries with the largest Muslim,keyword,no,no
arab,diversity-style-guide-2023-11,386,- [Arab](https://www.diversitystyleguide.com/glossary/arab/){.glossaryLink .cmtt_Arab .American .cmtt_Race},glossary,no,no
arab,gcjt-style-guide-trauma-2021,2186,Country Called Amreeka: U.S. History Retold through Arab-American,keyword,no,no
arab,nabj-style-guide-2022-10,1099,"| | | | [Islam:]{style=""font-weight: bold;""} Youngest of the world\'s three major monotheistic religions. Like Judaism a",keyword,no,no
arab,sierra-club-equity-language-guide-2021,1344,with Arab; African American Muslims are the largest,keyword,no,no
arab,sumofus-progressive-styleguide-2016,1450,Socialist People’s Libyan Arab Jamahiriyya” and so there are some,keyword,no,no
arab american,diversity-style-guide-2023-11,391,"- [Arab American, American Arab](https://www.diversitystyleguide.com/glossary/arab-american-american-arab/){.glossaryLin",glossary,no,no
arab american,gcjt-style-guide-trauma-2021,2186,Country Called Amreeka: U.S. History Retold through Arab-American,keyword,no,no
arab league,diversity-style-guide-2023-11,396,- [Arab League](https://www.diversitystyleguide.com/glossary/arab-league/){.glossaryLink .cmtt_Arab .American},glossary,no,no
arabian,cair-journalists-guide-2021-08,107,"in Mecca in the Arabian Peninsula in what is now Saudi Arabia, in 570 CE, Muhammad* was an",keyword,no,no
arabian,diversity-style-guide-2023-11,401,- [Arabian](https://www.diversitystyleguide.com/glossary/arabian/){.glossaryLink .cmtt_Arab .American},glossary,no,no
arabic,cair-journalists-guide-2021-08,58,"Islam, an Arabic word that means submission to God’s will, originated in seventh century CE, Arabia.",keyword,no,no
arabic,diversity-style-guide-2023-11,406,- [Arabic](https://www.diversitystyleguide.com/glossary/arabic/){.glossaryLink .cmtt_Arab .American .cmtt_Race},glossary,no,no
arabic,nabj-style-guide-2022-10,1099,"| | | | [Islam:]{style=""font-weight: bold;""} Youngest of the world\'s three major monotheistic religions. Like Judaism a",keyword,no,no
arabic,picum-words-matter-2017-03,400,Arabic (,keyword,no,no
argeelah,diversity-style-guide-2023-11,411,"- [argilah, argeelah](https://www.diversitystyleguide.com/glossary/argilah-argeelah/){.glossaryLink .cmtt_Arab .American",glossary,no,no
argilah,diversity-style-guide-2023-11,411,"- [argilah, argeelah](https://www.diversitystyleguide.com/glossary/argilah-argeelah/){.glossaryLink .cmtt_Arab .American",glossary,no,no
ark,casey-editorial-guide-2013-04,710,¥ Ala. Ariz. Ark. Calif. Colo. Conn. Del. Fla. Ga. Ill. Ind. Kan. Ky. La. Md. Mass. Mich. Minn. Miss.,keyword,no,no
ark,gcjt-style-guide-trauma-2021,1346,"Journalists*](https://unesdoc.unesco.org/ark:/48223/pf0000247074){target=""_blank""} or",keyword,no,no
ark,religion-stylebook-2026-06,29,## Ark,glossary,no,no
ark,seiu-stylebook-2020-01,902,I read the Little Rock (Ark.) Herald-Crier.,keyword,no,no
aromantic,diversity-style-guide-2023-11,416,- [aromantic](https://www.diversitystyleguide.com/glossary/aromantic/){.glossaryLink},glossary,no,no
aromantic,nlgja-stylebook-lgbtq-2025-06,165,**aromantic\**,glossary,no,no
articulate,diversity-style-guide-2023-11,421,- [articulate](https://www.diversitystyleguide.com/glossary/articulate/){.glossaryLink .cmtt_Race},glossary,no,no
articulate,gcjt-style-guide-trauma-2021,1801,this ultimately makes a person sound less articulate than they,keyword,no,no
articulate,seiu-stylebook-2020-01,1884,SEIU leaders articulate the vision for a just society—where all workers are valued and all people are,keyword,no,no
aryan,diversity-style-guide-2023-11,426,- [Aryan](https://www.diversitystyleguide.com/glossary/aryan/){.glossaryLink .cmtt_Race},glossary,no,no
asexual,apa-inclusive-language-2023-10,2075,"SGM populations include, but are not limited to, individuals who identify as lesbian, gay, bisexual, asexual, transgende",keyword,no,no
asexual,diversity-style-guide-2023-11,431,- [asexual](https://www.diversitystyleguide.com/glossary/asexual/){.glossaryLink},glossary,no,no
asexual,hrc-glossary-2023-05,50,"**Asexual \|** Often called ""ace"" for short, asexual refers to a complete or partial lack of sexual attraction or lack o",glossary,no,no
asexual,nlgja-stylebook-lgbtq-2025-06,168,**asexual\**,glossary,no,no
asexual,sierra-club-equity-language-guide-2021,665,"described. Terms like bisexual, pansexual, and asexual",keyword,no,no
asexual,sumofus-progressive-styleguide-2016,1223,"transgender, intersex, asexual, two-spirit) people’s lives and",keyword,no,no
ash wednesday,diversity-style-guide-2023-11,436,- [Ash Wednesday](https://www.diversitystyleguide.com/glossary/ash-wednesday/){.glossaryLink .cmtt_Catholicism .cmtt_Chr,glossary,no,no
ashkenazi,diversity-style-guide-2023-11,441,- [Ashkenazi](https://www.diversitystyleguide.com/glossary/ashkenazi/){.glossaryLink .cmtt_Judaism .cmtt_Religion},glossary,no,no
ashkenazi,gcjt-style-guide-trauma-2021,1593,as Irish American or Ashkenazi Jewish. Do not hyphenate when referring,keyword,no,no
ashkenazi,religion-stylebook-2026-06,33,## Ashkenazi,glossary,no,no
asia,diversity-style-guide-2023-11,446,- [Asia](https://www.diversitystyleguide.com/glossary/asia/){.glossaryLink .cmtt_Asian .American .cmtt_Geography},glossary,no,no
asian,apa-inclusive-language-2023-10,176,Asian American Psychological Association,keyword,no,no
asian,cair-journalists-guide-2021-08,433,"But in Islam, as in many Asian cultures, lowering one’s gaze is encouraged for both modest men",keyword,no,no
asian,casey-editorial-guide-2013-04,729,"For nouns: African American, Asian American, black, Hispanic, Latino, Native American, nonHispanic white, white (do not ",keyword,yes,no
asian,color-of-change-antiracist-protest-reporting-2020,358,Asian-on-Asian crime. US neighborhoods are deeply,keyword,no,no
asian,comm-unity-style-guide-2021,540,Asian Law Caucus,keyword,no,no
asian,define-american-media-reference-2024-01,1442,Representation of Asian American and Pacific,keyword,no,no
asian,diversity-style-guide-2023-11,461,- [Asian](https://www.diversitystyleguide.com/glossary/asian/){.glossaryLink .cmtt_Asian .American},glossary,no,no
asian,gcjt-style-guide-trauma-2021,2681,"Iraq War, the South Asian tsunami, Hurricane Katrina), students and",keyword,no,no
asian,idp-journalist-style-guide-2020,637,Asian Law,keyword,no,no
asian,nabj-style-guide-2022-10,216,| | | Sources consulted in developing NABJ Style include other media stylebooks; those from NABJ\'s alliance partners ([,keyword,no,no
asian,naja-indigenous-terminology-2023-06,95,Asian Country Pushes Legal Overhaul,keyword,no,no
asian,native-governance-center-style-guide-2021-02,83,"Capitalize other racial and ethnic identifiers, such as Asian and Latinx.",keyword,no,yes
asian,racial-equity-tools-glossary-2023,91,"[Many of the terms in this glossary have evolved over time. For example, given the changing demographic trends in the Un",keyword,no,no
asian,seiu-stylebook-2020-01,974,Asian,keyword,yes,no
asian,sierra-club-equity-language-guide-2021,153,insight from the Asian American Journalists Association,keyword,no,no
asian,sumofus-progressive-styleguide-2016,2493,"and religious identities: Indigenous Peoples, Arab, FrenchCanadian, Inuit, Jew, Latin, Asian, Cree, etc.",keyword,no,no
asian,wordsaboutwar-full-2025,749,"inaccurate. Both fuel Sinophobia, anti-Asian, and anti-Asian American sentiment.",keyword,no,no
asian american,apa-inclusive-language-2023-10,176,Asian American Psychological Association,keyword,no,no
asian american,casey-editorial-guide-2013-04,729,"For nouns: African American, Asian American, black, Hispanic, Latino, Native American, nonHispanic white, white (do not ",keyword,yes,no
asian american,define-american-media-reference-2024-01,1442,Representation of Asian American and Pacific,keyword,no,no
asian american,diversity-style-guide-2023-11,466,- [Asian American](https://www.diversitystyleguide.com/glossary/asian-american-asian-american/){.glossaryLink .cmtt_Asia,glossary,no,no
asian american,nabj-style-guide-2022-10,216,| | | Sources consulted in developing NABJ Style include other media stylebooks; those from NABJ\'s alliance partners ([,keyword,no,no
asian american,racial-equity-tools-glossary-2023,91,"[Many of the terms in this glossary have evolved over time. For example, given the changing demographic trends in the Un",keyword,no,no
asian american,sierra-club-equity-language-guide-2021,153,insight from the Asian American Journalists Association,keyword,no,no
asian american,wordsaboutwar-full-2025,749,"inaccurate. Both fuel Sinophobia, anti-Asian, and anti-Asian American sentiment.",keyword,no,no
asian exclusion acts,diversity-style-guide-2023-11,471,- [Asian Exclusion Acts](https://www.diversitystyleguide.com/glossary/asian-exclusion-acts/){.glossaryLink .cmtt_Asian .,glossary,no,no
asian names,diversity-style-guide-2023-11,476,- [Asian names](https://www.diversitystyleguide.com/glossary/asian-names/){.glossaryLink .cmtt_Asian .American .cmtt_Geo,glossary,no,no
asian ness of,diversity-style-guide-2023-11,3996,"- [yellow skin, Asian-ness of](https://www.diversitystyleguide.com/glossary/yellow-skin-asian-ness-of/){.glossaryLink .c",glossary,no,no
asian religions,diversity-style-guide-2023-11,481,- [Asian religions](https://www.diversitystyleguide.com/glossary/asian-religions/){.glossaryLink .cmtt_Asian .American .,glossary,no,no
asiatic,define-american-media-reference-2024-01,1935,"Chinese Exclusion Act to most Asians by designating an ""Asiatic",keyword,no,no
asiatic,diversity-style-guide-2023-11,491,- [Asiatic](https://www.diversitystyleguide.com/glossary/asiatic/){.glossaryLink .cmtt_Race},glossary,no,no
asl,diversity-style-guide-2023-11,496,- [ASL](https://www.diversitystyleguide.com/glossary/asl/){.glossaryLink .cmtt_Disability},glossary,no,no
asperger's,ncdj-disability-style-guide-2021,266,### [Asperger's/Asperger's syndrome]{.highlight-gold},glossary,no,no
asperger's syndrome,ncdj-disability-style-guide-2021,266,### [Asperger's/Asperger's syndrome]{.highlight-gold},glossary,no,no
assigned sex at birth,racial-equity-tools-glossary-2023,4547,"Often shortened to trans, from the Latin prefix for ""on a different side as."" A term describing a person's gender identi",keyword,no,no
assigned sex at birth,tja-stylebook-2026-01,386,"### [assigned sex at birth](#asab){.header-anchor} {#asab updated=""2023-08-25"" tabindex=""-1""}",glossary,yes,no
assistance animal,diversity-style-guide-2023-11,3361,- [service animal/assistance animal/guide dog/Seeing Eye dog](https://www.diversitystyleguide.com/glossary/service-anima,glossary,no,no
assistance animal,ncdj-disability-style-guide-2021,1364,### [Service animal/assistance animal/guide dog/Seeing Eye dog]{.highlight-gold},glossary,yes,no
assisted living facility,diversity-style-guide-2023-11,506,- [assisted living facility](https://www.diversitystyleguide.com/glossary/assisted-living-facility/){.glossaryLink .cmtt,glossary,no,no
atheist,apa-inclusive-language-2023-10,1703,"About a quarter (27%) of U.S. Jewish adults described themselves (religiously) as atheist, agnostic, or nothing in",keyword,no,no
atheist,diversity-style-guide-2023-11,511,- [atheist](https://www.diversitystyleguide.com/glossary/atheist/){.glossaryLink .cmtt_Religion},glossary,no,no
atheist,racial-equity-tools-glossary-2023,3998,"The systematic subordination of minority religious groups, such as Buddhists, Hindus, Jews, Muslims, Sikhs, Native Ameri",keyword,no,no
attention deficit,apa-inclusive-language-2023-10,1423,"para. 1). Although the word “neurodiversity” refers to the diversity of all people, it is often used in the context of n",keyword,no,no
attention deficit,ncdj-disability-style-guide-2021,274,### [Attention-deficit/hyperactivity disorder (ADHD)]{.highlight-gold},glossary,no,no
attention deficit disorder,diversity-style-guide-2023-11,516,- [attention-deficit disorder (ADD)/attention-deficit hyperactivity disorder (ADHD)](https://www.diversitystyleguide.com,glossary,no,no
attention deficit hyperactivity disorder,diversity-style-guide-2023-11,516,- [attention-deficit disorder (ADD)/attention-deficit hyperactivity disorder (ADHD)](https://www.diversitystyleguide.com,glossary,no,no
audism,ncdj-disability-style-guide-2021,288,### [Audism]{.highlight-gold},glossary,no,no
augmentative and alternative communication,ncdj-disability-style-guide-2021,300,### [Augmentative and alternative communication]{.highlight-gold},glossary,no,no
aunt,color-of-change-black-families-narrative-2020,1963,"their unmarried partners, siblings, aunts",keyword,no,no
aunt,define-american-media-reference-2024-01,584,"and fiancées. Grandparents, aunts, uncles,",keyword,no,no
aunt,diversity-style-guide-2023-11,526,"- [aunt, uncle](https://www.diversitystyleguide.com/glossary/aunt-uncle/){.glossaryLink .cmtt_Race}",glossary,no,no
aunt jemima,diversity-style-guide-2023-11,521,"- [Aunt Jemima](https://www.diversitystyleguide.com/glossary/aunt-jemima/){.glossaryLink .cmtt_African .American, .Black",glossary,no,no
auntie,diversity-style-guide-2023-11,531,- [auntie](https://www.diversitystyleguide.com/glossary/auntie/){.glossaryLink .cmtt_Race},glossary,no,no
autism,apa-inclusive-language-2023-10,163,Division on Intellectual and Developmental Disabilities/ Autism,keyword,no,no
autism,dcfpi-inclusive-language-2017-12,237,Use person-first language: people with disabilities. Note that the Deaf community typically prefers identityfirst langua,keyword,no,no
autism,diversity-style-guide-2023-11,536,- [autism/autism spectrum disorders](https://www.diversitystyleguide.com/glossary/autismautism-spectrum-disorders/){.glo,glossary,no,no
autism,gcjt-style-guide-trauma-2021,1449,"[**Autism, Autistic**: Autism spectrum disorder is a group of complex",keyword,no,no
autism,ncdj-disability-style-guide-2021,312,### [Autism/autism spectrum disorder/autistic]{.highlight-gold},glossary,no,no
autism,sierra-club-equity-language-guide-2021,107,autistic person” rather than someone “with autism”,keyword,no,no
autism,sumofus-progressive-styleguide-2016,477,yy on the autism spectrum,keyword,no,no
autism spectrum disorder,apa-inclusive-language-2023-10,2768,autism spectrum disorder. U.S. Department of Health and Human Services.,keyword,no,no
autism spectrum disorder,gcjt-style-guide-trauma-2021,1449,"[**Autism, Autistic**: Autism spectrum disorder is a group of complex",keyword,no,no
autism spectrum disorder,ncdj-disability-style-guide-2021,312,### [Autism/autism spectrum disorder/autistic]{.highlight-gold},glossary,no,no
autism spectrum disorders,diversity-style-guide-2023-11,536,- [autism/autism spectrum disorders](https://www.diversitystyleguide.com/glossary/autismautism-spectrum-disorders/){.glo,glossary,no,no
autistic,apa-inclusive-language-2023-10,635,"some cases, as with the Deaf community and autistic community, it is appropriate to use the preferred identity-first",keyword,no,no
autistic,gcjt-style-guide-trauma-2021,1449,"[**Autism, Autistic**: Autism spectrum disorder is a group of complex",keyword,no,no
autistic,ncdj-disability-style-guide-2021,312,### [Autism/autism spectrum disorder/autistic]{.highlight-gold},glossary,no,no
autistic,sierra-club-equity-language-guide-2021,107,autistic person” rather than someone “with autism”,keyword,no,no
ayatollah,cair-journalists-guide-2021-08,361,Ayatollah – A religious leader among Shia Muslims. It is used as a title of respect for one who is,keyword,no,no
ayatollah,diversity-style-guide-2023-11,541,- [ayatollah](https://www.diversitystyleguide.com/glossary/ayatollah/){.glossaryLink .cmtt_Islam .cmtt_Religion},glossary,no,no
ayatollah,religion-stylebook-2026-06,479,## ayatollah,glossary,no,yes
b.c,diversity-style-guide-2023-11,546,- [B.C.](https://www.diversitystyleguide.com/glossary/b-c/){.glossaryLink .cmtt_Religion},glossary,no,no
baby boom,diversity-style-guide-2023-11,551,- [baby boom](https://www.diversitystyleguide.com/glossary/baby-boom/){.glossaryLink .cmtt_Age/generations},glossary,no,no
bad neighborhood,diversity-style-guide-2023-11,3246,"- [safe neighborhood, bad neighborhood](https://www.diversitystyleguide.com/glossary/safe-neighborhood-bad-neighborhood/",glossary,no,no
bad neighborhood,sierra-club-equity-language-guide-2021,583,Good neighborhood/Bad neighborhood,keyword,no,no
bahá'í,diversity-style-guide-2023-11,556,"- [Bahá'í, the Bahá'í Faith](https://www.diversitystyleguide.com/glossary/bahai-the-bahai-faith/){.glossaryLink .cmtt_Re",glossary,no,no
bahá'í faith,diversity-style-guide-2023-11,556,"- [Bahá'í, the Bahá'í Faith](https://www.diversitystyleguide.com/glossary/bahai-the-bahai-faith/){.glossaryLink .cmtt_Re",glossary,no,no
balance,color-of-change-black-families-narrative-2020,1018,restoring balance and fairness in social,keyword,no,no
balance,color-of-change-black-survivors-styleguide-2022,260,• Balance the sexual abusers’ account of events with written statements from the,keyword,yes,no
balance,dcfpi-inclusive-language-2017-12,83,"Focus on how barriers impede people’s efforts to thrive. Describe the economy as being out of balance,",keyword,no,no
balance,gcjt-style-guide-trauma-2021,1187,"There are ways to balance these differing viewpoints. For example, only",keyword,yes,no
balance,nabj-style-guide-2022-10,1327,"| | | | [Swann vs. Charlotte-Mecklenburg Board of Education (1971)]{style=""font-weight: bold;""} - Supreme Court upholds ",keyword,no,no
balance,nlgja-stylebook-lgbtq-2025-06,171,"**balance, false balance\**",glossary,no,no
balance,sierra-club-equity-language-guide-2021,2017,"Overall, we should try to strike a balance between",keyword,no,no
balance,sumofus-progressive-styleguide-2016,2771,"• When describing an assault, try to strike a balance when",keyword,no,no
banana,diversity-style-guide-2023-11,561,- [banana](https://www.diversitystyleguide.com/glossary/banana/){.glossaryLink .cmtt_Asian .American .cmtt_Race},glossary,no,no
baptist,diversity-style-guide-2023-11,566,- [Baptist](https://www.diversitystyleguide.com/glossary/baptist/){.glossaryLink .cmtt_Christianity .cmtt_Religion},glossary,no,no
baptist,nabj-style-guide-2022-10,441,"| | | [Baptist church:]{style=""font-weight: bold;""} Black people were allowed to join the Baptist fold starting in the 1",keyword,no,no
bar mitzvah,diversity-style-guide-2023-11,571,"- [bar mitzvah, bat mitzvah](https://www.diversitystyleguide.com/glossary/bar-mitzvah-bat-mitzvah/){.glossaryLink .cmtt_",glossary,no,no
bar mitzvah,religion-stylebook-2026-06,41,## bar mitzvah,glossary,no,no
bat mitzvah,diversity-style-guide-2023-11,571,"- [bar mitzvah, bat mitzvah](https://www.diversitystyleguide.com/glossary/bar-mitzvah-bat-mitzvah/){.glossaryLink .cmtt_",glossary,no,no
bathroom,dcfpi-inclusive-language-2017-12,428,Bathroom bill,keyword,no,no
bathroom,diversity-style-guide-2023-11,2361,- [master bedroom/bathroom](https://www.diversitystyleguide.com/glossary/master-bedroom-bathroom/){.glossaryLink .cmtt_A,glossary,no,no
bathroom,racial-equity-tools-glossary-2023,863,"A discriminatory system that oppresses and marginalizes people whose gender identity and/or gender expression (e.g., tra",keyword,no,no
bathroom,sierra-club-equity-language-guide-2021,489,“accessible bathroom stall”.,keyword,no,no
bathroom,sumofus-progressive-styleguide-2016,1338,yy bathroom bill,keyword,no,no
bathroom bill,dcfpi-inclusive-language-2017-12,428,Bathroom bill,keyword,no,no
bathroom bill,nlgja-stylebook-lgbtq-2025-06,174,**bathroom bill\**,glossary,yes,no
bathroom bill,sumofus-progressive-styleguide-2016,1338,yy bathroom bill,keyword,no,no
bathroom restrictions,tja-stylebook-2026-01,660,"### [bathroom restrictions](#bathrooms){.header-anchor} {#bathrooms updated=""2024-11-21"" tabindex=""-1""}",glossary,no,no
battle,gcjt-style-guide-trauma-2021,2213,Comes Home: Washington\'s Battle against America\'s VeteransMadame,keyword,no,no
battle,nabj-style-guide-2022-10,1918,"| | | [Southern Cross:]{style=""font-weight: bold;""} Confederate battle flag used during the Civil War, which remains off",keyword,yes,no
battle,ncdj-disability-style-guide-2021,1455,### [Survivor/battle]{.highlight-gold},glossary,no,no
battle,picum-words-matter-2017-03,580,Language is constantly evolving. The battle for,keyword,no,no
battle,sierra-club-equity-language-guide-2021,1814,Almost all of us have talked about legislative “battles” or,keyword,no,no
battle,sumofus-progressive-styleguide-2016,1589,for their party to get more aggressive in the battle against,keyword,no,no
battle,wordsaboutwar-full-2025,661,English and part of the propaganda battle,keyword,no,no
be aware of slurs and other inflammatory language,tja-stylebook-2026-01,238,"### [be aware of slurs and other inflammatory language](#slurs){.header-anchor} {#slurs updated=""2024-12-06"" tabindex=""-",glossary,no,no
behavioral health,apa-inclusive-language-2023-10,428,"and Families, n.d., para. 1). Some people with historical trauma may experience “poor overall physical and behavioral he",keyword,no,no
behavioral health,ncdj-disability-style-guide-2021,332,### [Behavioral health]{.highlight-gold},glossary,no,no
belonging,define-american-media-reference-2024-01,111,to build a culture of belonging. Media can,keyword,yes,no
belonging,diversity-style-guide-2023-11,576,- [belonging](https://www.diversitystyleguide.com/glossary/belonging/){.glossaryLink .cmtt_Disability .cmtt_LGBTQ .cmtt_,glossary,no,no
belonging,racial-equity-tools-glossary-2023,2132,It is distinguishable from Tribal Sovereignty in that it is not a nation-state recognition of inherent sovereignty under,keyword,no,no
belonging,sumofus-progressive-styleguide-2016,2117,"describes Indigenous peoples as “belonging” to Canada, the",keyword,no,no
beloved community,movement-strategy-center-glossary-2024,50,#### Beloved Community,glossary,no,no
bi,cair-journalists-guide-2021-08,364,phrase. Pronounced bis-mil-lah.,keyword,no,no
bi,diversity-style-guide-2023-11,626,"- [bisexual, bi](https://www.diversitystyleguide.com/glossary/bisexual-bi/){.glossaryLink .cmtt_LGBTQ}",glossary,no,no
bi,sierra-club-equity-language-guide-2021,661,"people who identify as gay, transgender, bi, intersex, or",keyword,no,no
bible believing,diversity-style-guide-2023-11,586,- [Bible-believing](https://www.diversitystyleguide.com/glossary/bible-believing/){.glossaryLink .cmtt_Christianity .cmt,glossary,no,no
bible belt,diversity-style-guide-2023-11,581,- [Bible Belt](https://www.diversitystyleguide.com/glossary/bible-belt/){.glossaryLink .cmtt_Christianity .cmtt_Religion,glossary,no,no
bigender,dcfpi-inclusive-language-2017-12,462,Bigender,keyword,no,no
bigender,sumofus-progressive-styleguide-2016,1291,yy bigender,keyword,no,no
bigender,tja-stylebook-2026-01,1082,"### [bigender (adj.)](#def-bigender){.header-anchor} {#def-bigender updated=""2023-08-25"" tabindex=""-1""}",glossary,no,no
bigotry,apa-inclusive-language-2023-10,1822,people who belong to other racial groups. Interpersonal racism is therefore a form of bigotry (negative attitudes,keyword,no,no
bigotry,comm-unity-style-guide-2021,334,"Immigration status is an irrelevant factor and drawing attention to it can be interpreted as bigotry. Moreover,",keyword,no,no
bigotry,movement-strategy-center-glossary-2024,54,#### Bigotry,glossary,no,no
bigotry,racial-equity-tools-glossary-2023,543,"Antisemitism and Islamophobia are not only entangled, but deeply rooted in the same systems of white supremacy and Chris",keyword,no,no
bigotry,sierra-club-equity-language-guide-2021,1418,"organized bigotry and violence, so in order to be clear,",keyword,no,no
bigotry,sumofus-progressive-styleguide-2016,2573,"extension, a right to open racial bigotry as we have seen",keyword,no,no
bimah,religion-stylebook-2026-06,45,## bimah,glossary,no,no
binary,apa-inclusive-language-2023-10,1923,gender/sex binary,keyword,no,no
binary,dcfpi-inclusive-language-2017-12,402,gender binary.,keyword,no,no
binary,define-american-media-reference-2024-01,2168,"beyond the yes/no binary of these questions,",keyword,no,no
binary,gcjt-style-guide-trauma-2021,1019,"indicate a false binary: the end of a chapter, life before and after",keyword,no,no
binary,racial-equity-tools-glossary-2023,863,"A discriminatory system that oppresses and marginalizes people whose gender identity and/or gender expression (e.g., tra",keyword,no,no
binary,sierra-club-equity-language-guide-2021,707,encompassed by the gender binary.,keyword,no,no
binary,sumofus-progressive-styleguide-2016,1129,"• Despite their being problematic, be aware that binary gender",keyword,no,no
binary,tja-stylebook-2026-01,1086,"### [binary (adj.)](#def-binary){.header-anchor} {#def-binary updated=""2023-08-25"" tabindex=""-1""}",glossary,no,no
binary,wordsaboutwar-full-2025,270,This binary is common in discussions of the,keyword,no,no
bindhi,diversity-style-guide-2023-11,591,"- [bindi, or bindhi](https://www.diversitystyleguide.com/glossary/bindi-or-bindhi/){.glossaryLink .cmtt_Indian .American",glossary,no,no
bindi,diversity-style-guide-2023-11,591,"- [bindi, or bindhi](https://www.diversitystyleguide.com/glossary/bindi-or-bindhi/){.glossaryLink .cmtt_Indian .American",glossary,no,no
biological,apa-inclusive-language-2023-10,477,biological or molecular representation of intergenerational experiences may validate the experiences of children who,keyword,no,no
biological,color-of-change-black-families-narrative-2020,2135,"non-biological, extended and chosen family",keyword,no,no
biological,gcjt-style-guide-trauma-2021,579,[Alongside understanding the definition of depression and its biological,keyword,no,no
biological,interact-intersex-media-guide-2017,41,An umbrella term describing people born with biological characteristics,keyword,no,no
biological,nlgja-stylebook-lgbtq-2025-06,177,**biological\**,glossary,yes,no
biological,racial-equity-tools-glossary-2023,1740,A person's deeply held core sense of self in relation to gender. Gender identity does not always correspond to biologica,keyword,no,no
biological,sumofus-progressive-styleguide-2016,1089,biological sex – feminism has simultaneously unearthed myriad,keyword,no,no
biological gender,diversity-style-guide-2023-11,596,- [biological gender/biological sex](https://www.diversitystyleguide.com/glossary/biological-genderbiological-sex/){.glo,glossary,no,no
biological sex,diversity-style-guide-2023-11,596,- [biological gender/biological sex](https://www.diversitystyleguide.com/glossary/biological-genderbiological-sex/){.glo,glossary,no,no
biological sex,gcjt-style-guide-trauma-2021,640,individual based on their biological sex or gender identity. It includes,keyword,no,no
biological sex,interact-intersex-media-guide-2017,244,"Most of society thinks biological sex is either “male” or “female,” but it can actually be more complicated. This",keyword,no,no
biological sex,racial-equity-tools-glossary-2023,1740,A person's deeply held core sense of self in relation to gender. Gender identity does not always correspond to biologica,keyword,no,no
biological sex,sumofus-progressive-styleguide-2016,1089,biological sex – feminism has simultaneously unearthed myriad,keyword,no,no
biological sex,tja-stylebook-2026-01,410,"### [biological sex](#biological-sex){.header-anchor} {#biological-sex updated=""2025-09-24"" tabindex=""-1""}",glossary,no,no
biphobia,apa-inclusive-language-2023-10,576,is racism; prejudice based on perceived sexual orientation is homophobia and biphobia; prejudice based on sex or gender,keyword,no,no
biphobia,diversity-style-guide-2023-11,601,- [biphobia](https://www.diversitystyleguide.com/glossary/biphobia/){.glossaryLink .cmtt_LGBTQ},glossary,no,no
biphobia,hrc-glossary-2023-05,52,"**Biphobia \|** The fear and hatred of, or discomfort with, people who love and are sexually attracted to more than one ",glossary,no,no
bipoc,apa-inclusive-language-2023-10,1500,"BIPOC (Black, Indigenous, and people of color)",keyword,no,no
bipoc,diversity-style-guide-2023-11,606,"- [BIPOC](https://www.diversitystyleguide.com/glossary/bipoc/){.glossaryLink .cmtt_African .American, .Black .cmtt_Ameri",glossary,no,no
bipoc,movement-strategy-center-glossary-2024,58,#### BIPOC,glossary,no,no
bipoc,native-governance-center-style-guide-2021-02,86,"Use Black, Indigenous, People of Color (BIPOC) rather than People of Color (POC) if",keyword,no,no
bipoc,racial-equity-tools-glossary-2023,650,"[[[[BIPOC]{.wixui-rich-text__text style=""letter-spacing:0.03em;""}]{.wixui-rich-text__text style=""font-size:22px;""}]{.col",keyword,no,no
bipoc,sierra-club-equity-language-guide-2021,1259,• BIPOC,keyword,no,no
bipolar disorder,diversity-style-guide-2023-11,611,- [bipolar disorder](https://www.diversitystyleguide.com/glossary/bipolar-disorder/){.glossaryLink .cmtt_Disability},glossary,no,no
bipolar disorder,ncdj-disability-style-guide-2021,338,### [Bipolar disorder]{.highlight-gold},glossary,yes,no
biracial,diversity-style-guide-2023-11,616,"- [biracial, multiracial, mixed-race, two or more races](https://www.diversitystyleguide.com/glossary/biracial/){.glossa",glossary,no,no
biracial,nabj-style-guide-2022-10,447,"| | | [biracial:]{style=""font-weight: bold;""} Combination of two races. May be used to describe people or things. Not al",keyword,no,no
birth assignment language,radicalcopyeditor-trans-style-guide-2017,42,"**Birth assignment language:** Use ""assigned female/male at birth"" or ""sex assigned at birth."" Avoid ""natal sex,"" ""biolo",glossary,yes,no
birth defect,diversity-style-guide-2023-11,621,- [birth defect](https://www.diversitystyleguide.com/glossary/birth-defect/){.glossaryLink .cmtt_Disability},glossary,no,no
birth defect,ncdj-disability-style-guide-2021,350,### [Birth defect]{.highlight-gold},glossary,no,no
birth name,gcjt-style-guide-trauma-2021,1617,on or off the record. Do not use the birth name of a trans person unless,keyword,yes,no
birth name,nlgja-stylebook-lgbtq-2025-06,445,"**birth name, deadname\**",glossary,yes,no
bisexual,apa-inclusive-language-2023-10,1553,"gender nonconforming), sexual orientation (e.g., gay, lesbian, bisexual), and socioeconomic status (e.g., poor, working",keyword,no,no
bisexual,diversity-style-guide-2023-11,626,"- [bisexual, bi](https://www.diversitystyleguide.com/glossary/bisexual-bi/){.glossaryLink .cmtt_LGBTQ}",glossary,no,no
bisexual,hrc-glossary-2023-05,54,"**Bisexual \|** A person emotionally, romantically or sexually attracted to more than one gender, though not necessarily",glossary,no,no
bisexual,nabj-style-guide-2022-10,695,"| | | [down low, DL:]{style=""font-weight: bold;""} Slang for men who have sex with other men but do not classify themselv",keyword,no,no
bisexual,nlgja-stylebook-lgbtq-2025-06,180,**bisexual\**,glossary,no,no
bisexual,racial-equity-tools-glossary-2023,2623,"An acronym that collectively refers to individuals who are lesbian, gay, bisexual, transgender, or queer, sometimes stat",keyword,no,no
bisexual,seiu-stylebook-2020-01,612,"lesbian, gay, bisexual and transgender [LGBT]",keyword,no,no
bisexual,sierra-club-equity-language-guide-2021,665,"described. Terms like bisexual, pansexual, and asexual",keyword,no,no
bisexual,sumofus-progressive-styleguide-2016,1222,"LGBQQTIA2-S (lesbian, gay, bisexual, queer, questioning,",keyword,no,no
black,apa-inclusive-language-2023-10,487,"focused on Black women’s experiences with racism and sexism. The Combahee River Collective (1977/1995), a group of",keyword,no,no
black,casey-editorial-guide-2013-04,14,"black-and-white bear-like mammal, native to China. Eats, shoots and leaves.”",keyword,no,no
black,color-of-change-antiracist-protest-reporting-2020,17,& protecting Black reporters.,keyword,no,no
black,color-of-change-black-families-narrative-2020,10,Black Families,keyword,no,no
black,color-of-change-black-survivors-styleguide-2022,11,BLACK SURVIVORS,keyword,no,no
black,comm-unity-style-guide-2021,21,"to defend Black lives in the United States. Since then, the U.S. has continued to",keyword,no,no
black,dcfpi-inclusive-language-2017-12,70,"“this”, and “that” may leave readers unsure as to what is bring talked about. Such as: “Black residents",keyword,no,no
black,define-american-media-reference-2024-01,124,nation. One in every 10 Black Americans is,keyword,no,no
black,diversity-style-guide-2023-11,191,"- [African American, African-American, Black, black](https://www.diversitystyleguide.com/glossary/african-american-afric",glossary,no,no
black,gcjt-style-guide-trauma-2021,1168,Black.]{#docs-internal-guid-63d267ab-7fff-3934-a1d8-fd1a0ced4249},keyword,no,no
black,idp-journalist-style-guide-2020,18,to defend Black lives in the United States. Many immigrant rights organizations,keyword,no,no
black,nabj-style-guide-2022-10,123,"| | | [NABJ Statement on Capitalizing Black and Other Racial Identifiers]{style=""font-weight: bold;""} | | [Haven\'t regi",keyword,no,no
black,native-governance-center-style-guide-2021-02,81,Capitalize Black.,keyword,no,yes
black,opportunity-agenda-social-justice-phrase-guide-2015,24,than nouns (i.e. Black or White people vs. Blacks and,keyword,no,no
black,racial-equity-tools-glossary-2023,91,"[Many of the terms in this glossary have evolved over time. For example, given the changing demographic trends in the Un",keyword,no,no
black,seiu-stylebook-2020-01,148,anti-Black,keyword,no,no
black,sierra-club-equity-language-guide-2021,148,"For example, if you are writing a piece for a Black",keyword,no,no
black,sumofus-progressive-styleguide-2016,2154,"“blacks” or “Aborigines,” and almost never as individuals with",keyword,no,no
black,wordsaboutwar-full-2025,861,"National Association of Black Journalists, “Guidance on Coverage of Sept 11th, 20 Years Later,”",keyword,no,no
black africa,diversity-style-guide-2023-11,631,"- [Black Africa](https://www.diversitystyleguide.com/glossary/black-africa/){.glossaryLink .cmtt_African .American, .Bla",glossary,no,no
black church,diversity-style-guide-2023-11,636,"- [Black church](https://www.diversitystyleguide.com/glossary/black-church/){.glossaryLink .cmtt_African .American, .Bla",glossary,no,no
black church,nabj-style-guide-2022-10,451,"| | | [Black Church:]{style=""font-weight: bold;""} Collective noun that refers to the more than 65,000 Christian churches",keyword,no,no
black codes,diversity-style-guide-2023-11,641,"- [Black Codes](https://www.diversitystyleguide.com/glossary/black-codes/){.glossaryLink .cmtt_African .American, .Black",glossary,no,no
black codes,nabj-style-guide-2022-10,455,"| | | [Black Codes:]{style=""font-weight: bold;""} Statutes curtailing rights of African Americans during early years of R",keyword,no,no
black diaspora,diversity-style-guide-2023-11,646,"- [Black diaspora](https://www.diversitystyleguide.com/glossary/black-diaspora/){.glossaryLink .cmtt_African .American, ",glossary,no,no
black diaspora,nabj-style-guide-2022-10,161,| | | We are updating the organization\'s style guidance to reflect this determination. The organization believes it is ,keyword,no,yes
black english,diversity-style-guide-2023-11,651,"- [Black English, African American English](https://www.diversitystyleguide.com/glossary/black-english/){.glossaryLink}",glossary,no,no
black girl magic,movement-strategy-center-glossary-2024,62,#### Black Girl Magic,glossary,no,no
black leader,diversity-style-guide-2023-11,656,"- [Black leader](https://www.diversitystyleguide.com/glossary/black-leader/){.glossaryLink .cmtt_African .American, .Bla",glossary,no,no
black leader,nabj-style-guide-2022-10,480,"| | | | [Black leader:]{style=""font-weight: bold;""} Avoid using the term. It implies that one person is the spokesperson",keyword,yes,no
black lives matter,color-of-change-antiracist-protest-reporting-2020,53,The Black Lives Matter protests of the 2010s culminated,keyword,no,no
black lives matter,color-of-change-black-families-narrative-2020,1525,"[In response to Black Lives Matter protests] “These THUGS are dishonoring the memory of George Floyd, and I won’t let th",keyword,no,no
black lives matter,diversity-style-guide-2023-11,661,"- [Black Lives Matter, #BlackLivesMatter](https://www.diversitystyleguide.com/glossary/black-lives-matter-blacklivesmatt",glossary,no,no
black lives matter,gcjt-style-guide-trauma-2021,1579,could include covering a significant event (such as a Black Lives Matter,keyword,no,no
black lives matter,movement-strategy-center-glossary-2024,65,#### Black Lives Matter,glossary,no,no
black lives matter,racial-equity-tools-glossary-2023,687,"[[[[Black Lives Matter]{.wixui-rich-text__text style=""letter-spacing:0.03em;""}]{.wixui-rich-text__text style=""font-size:",keyword,no,no
black lives matter,seiu-stylebook-2020-01,2087,Black Lives Matter : La vie des Noires et Noirs importe,keyword,no,no
black muslim,diversity-style-guide-2023-11,666,"- [Black Muslim](https://www.diversitystyleguide.com/glossary/black-muslim/){.glossaryLink .cmtt_African .American, .Bla",glossary,no,no
black muslim,nabj-style-guide-2022-10,484,"| | | | [Black Muslim:]{style=""font-weight: bold;""} Archaic term to describe members of the American Muslim Mission. Mus",keyword,no,no
black muslims,religion-stylebook-2026-06,483,## Black Muslims,glossary,yes,no
black twitter,diversity-style-guide-2023-11,676,"- [Black Twitter](https://www.diversitystyleguide.com/glossary/black-twitter/){.glossaryLink .cmtt_African .American, .B",glossary,no,no
blessed virgin,religion-stylebook-2026-06,487,## Blessed Virgin,glossary,no,no
blind,diversity-style-guide-2023-11,686,- [blind/limited vision/low vision/partially sighted/visually impaired](https://www.diversitystyleguide.com/glossary/bli,glossary,no,no
blind,ncdj-disability-style-guide-2021,356,### [Blind/legally blind/limited vision/low vision/partially sighted/visually impaired]{.highlight-gold},glossary,no,no
blood donation,nlgja-stylebook-lgbtq-2025-06,651,**blood donation\**,glossary,no,no
body language,radicalcopyeditor-trans-style-guide-2017,60,"**Body language:** Avoid ""female-bodied"" or ""male-bodied."" Use neutral terms like ""genitals"" or ""reproductive organs"" wh",glossary,yes,no
bollywood,diversity-style-guide-2023-11,691,- [Bollywood](https://www.diversitystyleguide.com/glossary/bollywood/){.glossaryLink .cmtt_Indian .American .cmtt_Race},glossary,no,no
bombay,diversity-style-guide-2023-11,696,- [Bombay](https://www.diversitystyleguide.com/glossary/bombay/){.glossaryLink .cmtt_Geography},glossary,no,no
boomer,diversity-style-guide-2023-11,701,- [boomer](https://www.diversitystyleguide.com/glossary/boomer/){.glossaryLink .cmtt_Age/generations},glossary,no,no
boomer,seiu-stylebook-2020-01,2074,boomers,keyword,no,no
boricua,color-of-change-black-survivors-styleguide-2022,1105,"• Black-Boricua-Taíno, queer, trans survivor",keyword,no,no
boricua,diversity-style-guide-2023-11,706,- [Boricua](https://www.diversitystyleguide.com/glossary/boricua/){.glossaryLink .cmtt_Geography},glossary,no,no
born again,diversity-style-guide-2023-11,711,- [born-again](https://www.diversitystyleguide.com/glossary/born-again/){.glossaryLink .cmtt_Religion},glossary,no,no
borscht belt,diversity-style-guide-2023-11,716,- [Borscht Belt](https://www.diversitystyleguide.com/glossary/borscht-belt/){.glossaryLink .cmtt_Judaism .cmtt_Religion},glossary,no,no
bottom surgery,tja-stylebook-2026-01,1212,"### [top surgery, bottom surgery (n.)](#def-top-bottom-surgery){.header-anchor} {#def-top-bottom-surgery updated=""2024-1",glossary,no,no
brain injury,apa-inclusive-language-2023-10,1285,person with a traumatic brain injury,keyword,no,no
brain injury,ncdj-disability-style-guide-2021,377,### [Brain injury/traumatic brain injury (TBI)]{.highlight-gold},glossary,no,no
breeder,nlgja-stylebook-lgbtq-2025-06,183,**breeder\**,glossary,yes,no
bridal,nlgja-stylebook-lgbtq-2025-06,186,**bridal\**,glossary,no,no
bride,cair-journalists-guide-2021-08,251,“modern” concept of the pre-nuptial agreement is ancient by Islamic standards. Muslim brides have,keyword,no,no
bride,gcjt-style-guide-trauma-2021,4695,"brides, and features the people on every side, including those caught in",keyword,no,no
bride,nlgja-stylebook-lgbtq-2025-06,189,"**bride, groom\**",glossary,no,no
bris,religion-stylebook-2026-06,49,## brit milah or bris,glossary,no,no
brit milah,religion-stylebook-2026-06,49,## brit milah or bris,glossary,no,no
brown,apa-inclusive-language-2023-10,1406,"National Center on Disability and Journalism (2021) and the Glossary of Ableist Terms and Phrases (Brown, 2022).",keyword,no,no
brown,casey-editorial-guide-2013-04,874,"Kidder, T. (1981). The soul of a new machine. Boston, MA: Little, Brown & Company.",keyword,no,no
brown,color-of-change-antiracist-protest-reporting-2020,537,Support Black or Brown journalists on the front line.,keyword,no,no
brown,color-of-change-black-families-narrative-2020,1493,"describe poor Black and Brown folks regardless of whether or not they are criminals,",keyword,no,no
brown,nabj-style-guide-2022-10,169,"| | | NABJ also recommends that whenever a color is used to appropriately describe race then it should be capitalized, i",keyword,no,no
brown,racial-equity-tools-glossary-2023,2891,"**SOURCE: **[Asian American Activism: The Continuing Struggle](https://blogs.brown.edu/ethn-1890v-s01-fall-2016/ ""Asian ",keyword,no,no
brown,seiu-stylebook-2020-01,710,"I saw a brown-spotted cow. [white cow, brown spots]",keyword,no,no
brown,sierra-club-equity-language-guide-2021,1355,"• Brown bag: The term “brown bag,” often used to refer",keyword,no,no
brown,wordsaboutwar-full-2025,906,"Costs of War Project, February 8, 2022, https://watson.brown.edu/costsofwar/papers/2022/BeyondWarParadigm;",keyword,no,no
buddha,diversity-style-guide-2023-11,721,- [Buddha](https://www.diversitystyleguide.com/glossary/buddha/){.glossaryLink .cmtt_Buddhism .cmtt_Religion},glossary,no,no
buddhism,diversity-style-guide-2023-11,726,- [Buddhism](https://www.diversitystyleguide.com/glossary/buddhism/){.glossaryLink .cmtt_Buddhism .cmtt_Religion},glossary,no,no
burkini,diversity-style-guide-2023-11,731,- [burkini](https://www.diversitystyleguide.com/glossary/burkini/){.glossaryLink .cmtt_Arab .American .cmtt_Islam .cmtt_,glossary,no,no
burmese names,diversity-style-guide-2023-11,736,- [Burmese names](https://www.diversitystyleguide.com/glossary/burmese-names/){.glossaryLink .cmtt_Asian .American .cmtt,glossary,no,no
burqa,diversity-style-guide-2023-11,741,- [burqa](https://www.diversitystyleguide.com/glossary/burqa/){.glossaryLink .cmtt_Islam .cmtt_Religion},glossary,no,no
burqa,religion-stylebook-2026-06,491,## burqa,glossary,no,no
b’nai b’rith,religion-stylebook-2026-06,37,## B’nai B’rith,glossary,no,no
c.e,diversity-style-guide-2023-11,746,- [C.E.](https://www.diversitystyleguide.com/glossary/c-e/){.glossaryLink .cmtt_Religion},glossary,no,no
c.e,racial-equity-tools-glossary-2023,4510,"A political framework and approach for responding to violence, harm, and abuse. At its most basic, it seeks to respond t",keyword,no,no
cajun,diversity-style-guide-2023-11,751,"- [Cajun, Creole](https://www.diversitystyleguide.com/glossary/cajun-creole/){.glossaryLink .cmtt_African .American, .Bl",glossary,no,no
cajun,nabj-style-guide-2022-10,667,"| | | [Cajun, Creole:]{style=""font-weight: bold;""} Cajun is a native of Louisiana originally descended from the Acadian ",keyword,no,no
caliph,cair-journalists-guide-2021-08,138,"fourth and last of the “Rightly Guided Caliphs,” or rightly guided successors to Muhammad. Shias",keyword,no,no
caliph,religion-stylebook-2026-06,499,## caliph,glossary,no,no
caliphate,cair-journalists-guide-2021-08,139,believe that Ali should have been the first caliph and the caliphate should have been passed down,keyword,no,no
caliphate,religion-stylebook-2026-06,503,## caliphate,glossary,no,no
cambodian names,diversity-style-guide-2023-11,756,- [Cambodian names](https://www.diversitystyleguide.com/glossary/cambodian-names/){.glossaryLink .cmtt_Asian .American .,glossary,no,no
cantonese,diversity-style-guide-2023-11,761,- [Cantonese](https://www.diversitystyleguide.com/glossary/cantonese/){.glossaryLink .cmtt_Asian .American .cmtt_Geograp,glossary,no,no
cantor,religion-stylebook-2026-06,53,## cantor,glossary,no,yes
caregiver,apa-inclusive-language-2023-10,432,Multigenerational trauma has also been linked to high rates of suicide. Parents and caregivers/caretakers’ experiences,keyword,no,no
caregiver,gcjt-style-guide-trauma-2021,345,"by caregivers, or domestic violence of",keyword,no,no
caregiver,ncdj-disability-style-guide-2021,391,### [Caregiver/caretaker]{.highlight-gold},glossary,no,no
caregiver,seiu-stylebook-2020-01,203,caregiver [all uses],keyword,no,no
caretaker,apa-inclusive-language-2023-10,432,Multigenerational trauma has also been linked to high rates of suicide. Parents and caregivers/caretakers’ experiences,keyword,no,no
caretaker,ncdj-disability-style-guide-2021,391,### [Caregiver/caretaker]{.highlight-gold},glossary,no,no
caste,diversity-style-guide-2023-11,766,- [caste](https://www.diversitystyleguide.com/glossary/caste/){.glossaryLink .cmtt_Indian .American .cmtt_Race},glossary,no,no
caste,racial-equity-tools-glossary-2023,1107,"2. CRT is not a noun, but a verb. It cannot be confined to a static and narrow definition but is considered to be an evo",keyword,no,no
caste,sumofus-progressive-styleguide-2016,716,yy caste apartheid55,keyword,no,no
caste system,diversity-style-guide-2023-11,771,- [caste system](https://www.diversitystyleguide.com/glossary/caste-system/){.glossaryLink .cmtt_Hinduism .cmtt_Indian .,glossary,no,no
caste system,racial-equity-tools-glossary-2023,1107,"2. CRT is not a noun, but a verb. It cannot be confined to a static and narrow definition but is considered to be an evo",keyword,no,no
caste system,sumofus-progressive-styleguide-2016,2111,"and government-invented caste system. For example, the",keyword,no,no
catatonia,ncdj-disability-style-guide-2021,401,### [Catatonia/catatonic]{.highlight-gold},glossary,yes,no
catatonic,ncdj-disability-style-guide-2021,401,### [Catatonia/catatonic]{.highlight-gold},glossary,yes,no
catholic,diversity-style-guide-2023-11,776,"- [Catholic, catholic](https://www.diversitystyleguide.com/glossary/catholic-catholic/){.glossaryLink .cmtt_Catholicism ",glossary,no,no
catholic,nabj-style-guide-2022-10,451,"| | | [Black Church:]{style=""font-weight: bold;""} Collective noun that refers to the more than 65,000 Christian churches",keyword,no,no
caucasian,apa-inclusive-language-2023-10,1720,"European descent living in Europe, the United States, and Australia, respectively). Using the term “Caucasian” instead o",keyword,no,no
caucasian,casey-editorial-guide-2013-04,729,"For nouns: African American, Asian American, black, Hispanic, Latino, Native American, nonHispanic white, white (do not ",keyword,yes,no
caucasian,diversity-style-guide-2023-11,781,- [Caucasian](https://www.diversitystyleguide.com/glossary/caucasian/){.glossaryLink .cmtt_Race .cmtt_White},glossary,no,no
caucasian,seiu-stylebook-2020-01,1497,white [meaning Caucasian],keyword,no,no
caucasian,sumofus-progressive-styleguide-2016,3435,222 http://www.firstpost.com/world/the-racist-history-of-caucasian-945375.html,keyword,no,no
central,diversity-style-guide-2023-11,451,"- [Asia, Central](https://www.diversitystyleguide.com/glossary/asia-central/){.glossaryLink .cmtt_Geography}",glossary,no,no
central america,diversity-style-guide-2023-11,786,- [Central America](https://www.diversitystyleguide.com/glossary/central-america/){.glossaryLink .cmtt_Geography .cmtt_L,glossary,no,no
central america,nabj-style-guide-2022-10,667,"| | | [Cajun, Creole:]{style=""font-weight: bold;""} Cajun is a native of Louisiana originally descended from the Acadian ",keyword,no,no
central america,racial-equity-tools-glossary-2023,2537,"Land Back is the intersectional movement for racial justice by Indigenous peoples, with the end goal of having our lands",keyword,no,no
central america,sierra-club-equity-language-guide-2021,1553,and Central America.,keyword,yes,no
cerebral palsy,diversity-style-guide-2023-11,791,- [cerebral palsy](https://www.diversitystyleguide.com/glossary/cerebral-palsy/){.glossaryLink .cmtt_Disability},glossary,no,no
cerebral palsy,ncdj-disability-style-guide-2021,411,### [Cerebral palsy]{.highlight-gold},glossary,no,no
chabad,diversity-style-guide-2023-11,796,- [Chabad](https://www.diversitystyleguide.com/glossary/chabad/){.glossaryLink .cmtt_Judaism .cmtt_Religion},glossary,no,no
chabad,religion-stylebook-2026-06,57,## Chabad,glossary,no,no
chaldeans,diversity-style-guide-2023-11,801,- [Chaldeans](https://www.diversitystyleguide.com/glossary/chaldeans/){.glossaryLink .cmtt_Arab .American},glossary,no,no
charlie chan,diversity-style-guide-2023-11,806,- [Charlie Chan](https://www.diversitystyleguide.com/glossary/charlie-chan/){.glossaryLink .cmtt_Asian .American .cmtt_R,glossary,no,no
chemical and,ncdj-disability-style-guide-2021,421,### [Chemical and/or electrical sensitivities]{.highlight-gold},glossary,yes,no
chican@,diversity-style-guide-2023-11,811,- [Chican@](https://www.diversitystyleguide.com/glossary/chican/){.glossaryLink .cmtt_Latino/Latina .cmtt_Race},glossary,no,no
chicana,diversity-style-guide-2023-11,816,"- [Chicana, Chicano](https://www.diversitystyleguide.com/glossary/chicana-chicano/){.glossaryLink .cmtt_Latino/Latina .c",glossary,no,no
chicano,apa-inclusive-language-2023-10,1591,"Hispanic, Latino, Latina, Latino/a, Latin@, Latine, Latinx, or Chicano",keyword,no,no
chicano,diversity-style-guide-2023-11,816,"- [Chicana, Chicano](https://www.diversitystyleguide.com/glossary/chicana-chicano/){.glossaryLink .cmtt_Latino/Latina .c",glossary,no,no
chicano,seiu-stylebook-2020-01,236,Chicano[a],keyword,yes,no
chief,diversity-style-guide-2023-11,821,- [chief](https://www.diversitystyleguide.com/glossary/chief/){.glossaryLink .cmtt_American .Indian .or .Native .America,glossary,no,no
china doll,diversity-style-guide-2023-11,826,- [china doll](https://www.diversitystyleguide.com/glossary/china-doll/){.glossaryLink .cmtt_Asian .American .cmtt_Race},glossary,no,no
chinaman,diversity-style-guide-2023-11,831,- [Chinaman](https://www.diversitystyleguide.com/glossary/chinaman/){.glossaryLink .cmtt_Asian .American .cmtt_Race},glossary,no,no
chinese laundries,diversity-style-guide-2023-11,836,- [Chinese laundries](https://www.diversitystyleguide.com/glossary/chinese-laundries/){.glossaryLink .cmtt_Asian .Americ,glossary,no,no
chinese names,diversity-style-guide-2023-11,841,- [Chinese names](https://www.diversitystyleguide.com/glossary/chinese-names/){.glossaryLink .cmtt_Asian .American .cmtt,glossary,no,no
ching chong,diversity-style-guide-2023-11,846,- [ching-chong](https://www.diversitystyleguide.com/glossary/ching-chong/){.glossaryLink .cmtt_Asian .American .cmtt_Rac,glossary,no,no
chink,diversity-style-guide-2023-11,851,- [chink](https://www.diversitystyleguide.com/glossary/chink/){.glossaryLink .cmtt_Asian .American .cmtt_Race},glossary,no,no
chopsticks,diversity-style-guide-2023-11,861,- [chopsticks](https://www.diversitystyleguide.com/glossary/chopsticks/){.glossaryLink .cmtt_Asian .American .cmtt_Race},glossary,no,no
christianity,apa-inclusive-language-2023-10,270,"People who recognize the unearned privilege they receive from society’s privileging of Whiteness, male gender, Christian",keyword,no,no
christianity,cair-journalists-guide-2021-08,124,"worldwide, it is second only to Christianity. Muslims reside in almost every corner of the world;",keyword,no,no
christianity,diversity-style-guide-2023-11,866,- [Christianity](https://www.diversitystyleguide.com/glossary/christianity/){.glossaryLink .cmtt_Christianity .cmtt_Reli,glossary,no,no
christianity,nabj-style-guide-2022-10,1099,"| | | | [Islam:]{style=""font-weight: bold;""} Youngest of the world\'s three major monotheistic religions. Like Judaism a",keyword,no,no
christianity,racial-equity-tools-glossary-2023,3998,"The systematic subordination of minority religious groups, such as Buddhists, Hindus, Jews, Muslims, Sikhs, Native Ameri",keyword,no,no
chronic disease,nabj-style-guide-2022-10,1343,"| | | | [lupus:]{style=""font-weight: bold;""} Chronic disease that affects immunity. Normally, the body\'s immune system ",keyword,no,no
chronic disease,ncdj-disability-style-guide-2021,431,### [Chronic disease/chronic illness]{.highlight-gold},glossary,no,no
chronic illness,gcjt-style-guide-trauma-2021,1434,dependency ratios and chronic illness in older ages. As lifespans,keyword,no,no
chronic illness,ncdj-disability-style-guide-2021,431,### [Chronic disease/chronic illness]{.highlight-gold},glossary,no,no
church of jesus christ of latter day saints,diversity-style-guide-2023-11,871,- [Church of Jesus Christ of Latter-day Saints](https://www.diversitystyleguide.com/glossary/church-of-jesus-christ-of-l,glossary,no,no
cinco de mayo,diversity-style-guide-2023-11,876,- [Cinco de Mayo](https://www.diversitystyleguide.com/glossary/cinco-de-mayo/){.glossaryLink .cmtt_Latino/Latina .cmtt_R,glossary,no,no
cis,comm-unity-style-guide-2021,490,"• Center for Immigration Studies (CIS) “... has a decades-long history of circulating racist writers, while also",keyword,no,no
cis,diversity-style-guide-2023-11,881,"- [cisgender, cis](https://www.diversitystyleguide.com/glossary/925/){.glossaryLink .cmtt_LGBTQ .cmtt_Transgender}",glossary,no,no
cis,idp-journalist-style-guide-2020,570,Center for Immigration Studies (CIS) “... has a decades-long history of circulating racist,keyword,no,no
cis,racial-equity-tools-glossary-2023,826,A term (pronounced *sis-gender*) used to refer to an individual whose gender identity aligns with the sex assigned to th,keyword,yes,no
cis,tja-stylebook-2026-01,1090,"### [cis (adj.)](#def-cis){.header-anchor} {#def-cis updated=""2023-08-25"" tabindex=""-1""}",glossary,no,no
cisgender,apa-inclusive-language-2023-10,1910,"2022, Gender definition). Here is an example of when it is appropriate to use gender versus sex: “I am a cisgender woman",keyword,no,no
cisgender,diversity-style-guide-2023-11,881,"- [cisgender, cis](https://www.diversitystyleguide.com/glossary/925/){.glossaryLink .cmtt_LGBTQ .cmtt_Transgender}",glossary,no,no
cisgender,gcjt-style-guide-trauma-2021,1624,cisgender person whose gender identity matches the sex they were,keyword,no,no
cisgender,racial-equity-tools-glossary-2023,822,"[[[[Cisgender]{.wixui-rich-text__text style=""letter-spacing:0.03em;""}]{.wixui-rich-text__text style=""font-size:22px;""}]{",keyword,no,no
cisgender,sierra-club-equity-language-guide-2021,128,"speaking from the perspective of a cisgender, white,",keyword,no,no
cisgender,sumofus-progressive-styleguide-2016,3305,128 https://en.wiktionary.org/wiki/non-cisgender,keyword,no,no
cisgender,tja-stylebook-2026-01,1094,"### [cisgender (adj.)](#def-cisgender){.header-anchor} {#def-cisgender updated=""2023-08-25"" tabindex=""-1""}",glossary,no,no
civil rights act,diversity-style-guide-2023-11,886,"- [civil rights movement, Civil Rights Act](https://www.diversitystyleguide.com/glossary/civil-rights-movement-civil-rig",glossary,no,no
civil rights act,nabj-style-guide-2022-10,669,"| | | [civil-rights movement, Civil Rights Act:]{style=""font-weight: bold;""} Often used to describe the struggles of bla",keyword,yes,no
civil rights movement,diversity-style-guide-2023-11,886,"- [civil rights movement, Civil Rights Act](https://www.diversitystyleguide.com/glossary/civil-rights-movement-civil-rig",glossary,no,no
civil union,diversity-style-guide-2023-11,891,- [civil union](https://www.diversitystyleguide.com/glossary/civil-union/){.glossaryLink .cmtt_LGBTQ},glossary,no,no
civil union,nlgja-stylebook-lgbtq-2025-06,195,"**civil union, commitment ceremony, domestic partnership\**",glossary,no,no
classism,apa-inclusive-language-2023-10,882,"as well as other forms of oppression (e.g., sexism, ageism, racism, classism, transphobia, and/or xenophobia), and the",keyword,no,no
classism,color-of-change-black-survivors-styleguide-2022,323,"classism, misogynoir, and anti-Black racism all place Black women and girls at",keyword,no,no
classism,diversity-style-guide-2023-11,896,- [classism](https://www.diversitystyleguide.com/glossary/classism/){.glossaryLink},glossary,no,no
classism,racial-equity-tools-glossary-2023,902,"[[[[Classism]{.wixui-rich-text__text style=""letter-spacing:0.03em;""}]{.wixui-rich-text__text style=""font-size:22px;""}]{.",keyword,no,no
classism,sierra-club-equity-language-guide-2021,34,CLASSISM AND WEALTH. ...................................................................................................,keyword,no,no
classism,sumofus-progressive-styleguide-2016,603,"Classism is a system of beliefs, attitudes, and actions – fueled",keyword,no,no
cleft palate,ncdj-disability-style-guide-2021,443,### [Cleft palate or lip/harelip]{.highlight-gold},glossary,yes,no
climate justice,movement-strategy-center-glossary-2024,70,#### Climate Justice,glossary,no,no
climate justice,sierra-club-equity-language-guide-2021,1859,Instead try “united movement for climate justice” or,keyword,no,no
climate resilience,movement-strategy-center-glossary-2024,74,#### Climate Resilience,glossary,no,no
closed captions,diversity-style-guide-2023-11,901,- [closed captions](https://www.diversitystyleguide.com/glossary/closed-captions/){.glossaryLink .cmtt_Disability},glossary,no,no
closeted,diversity-style-guide-2023-11,906,"- [closeted, in the closet](https://www.diversitystyleguide.com/glossary/closeted-in-the-closet/){.glossaryLink .cmtt_LG",glossary,no,no
co optation,movement-strategy-center-glossary-2024,98,#### Co-optation,glossary,no,no
cochlear implant,diversity-style-guide-2023-11,911,- [cochlear implant](https://www.diversitystyleguide.com/glossary/cochlear-implant/){.glossaryLink .cmtt_Disability},glossary,no,no
cochlear implant,ncdj-disability-style-guide-2021,454,### [Cochlear implant]{.highlight-gold},glossary,yes,no
code switching,diversity-style-guide-2023-11,916,- [code switching](https://www.diversitystyleguide.com/glossary/code-switching/){.glossaryLink .cmtt_Race},glossary,no,no
code switching,movement-strategy-center-glossary-2024,82,#### Code-switching,glossary,no,no
coded language,color-of-change-black-families-narrative-2020,705,used coded language to play on people’s,keyword,no,no
coded language,diversity-style-guide-2023-11,921,"- [coded language](https://www.diversitystyleguide.com/glossary/coded-language/){.glossaryLink .cmtt_African .American, ",glossary,no,no
codeswitching,diversity-style-guide-2023-11,926,- [codeswitching](https://www.diversitystyleguide.com/glossary/codeswitching/){.glossaryLink .cmtt_Age/generations .cmtt,glossary,no,no
codger,diversity-style-guide-2023-11,931,- [codger](https://www.diversitystyleguide.com/glossary/codger/){.glossaryLink .cmtt_Age/generations},glossary,no,no
colonialism,apa-inclusive-language-2023-10,344,"Decolonization? section). A form of colonization, specifically settler colonialism, may be used to describe the way Whit",keyword,no,no
colonialism,color-of-change-antiracist-protest-reporting-2020,239,a key justification for colonialism. Includes the Ku Klux,keyword,no,no
colonialism,diversity-style-guide-2023-11,936,- [colonialism](https://www.diversitystyleguide.com/glossary/colonialism/){.glossaryLink},glossary,no,no
colonialism,naja-indigenous-terminology-2023-06,89,"oppression and colonialism, tribal nations are diverse and differ-",keyword,no,no
colonialism,racial-equity-tools-glossary-2023,988,"Ongoing and legacy colonialism impact power relations in most of the world today. For example, white supremacy as a phil",keyword,no,no
colonialism,sierra-club-equity-language-guide-2021,1495,Christopher Columbus and his legacy of colonialism and,keyword,no,no
colonialism,sumofus-progressive-styleguide-2016,2057,"these trends, to engage and oppose colonialism, as well",keyword,no,no
colonization,apa-inclusive-language-2023-10,339,"2021, p. 259). Colonization requires the dehumanization of peoples who are Indigenous to an area so that their land is",keyword,no,no
colonization,gcjt-style-guide-trauma-2021,1312,"in situations of civil conflict, colonization or violently-maintained",keyword,no,no
colonization,movement-strategy-center-glossary-2024,78,#### Colonization,glossary,no,no
colonization,nabj-style-guide-2022-10,457,"| | | [Black Diaspora:]{style=""font-weight: bold;""} Black people of African descent who are scattered throughout the wor",keyword,no,no
colonization,native-governance-center-style-guide-2021-02,103,colonization.,keyword,no,yes
colonization,racial-equity-tools-glossary-2023,980,"[[[[Colonization]{.wixui-rich-text__text style=""letter-spacing:0.03em;""}]{.wixui-rich-text__text style=""font-size:22px;""",keyword,no,no
colonization,sumofus-progressive-styleguide-2016,2026,"To this day, centuries-old global colonization continues to",keyword,no,no
color blindness,apa-inclusive-language-2023-10,2640,"Apfelbaum, E. P., Norton, M. I., & Sommers, S. R. (2012). Racial color blindness:",keyword,no,no
color blindness,dcfpi-inclusive-language-2017-12,473,Color Blindness,keyword,no,no
color blindness,movement-strategy-center-glossary-2024,85,#### Color-blindness,glossary,no,no
color blindness,racial-equity-tools-glossary-2023,1027,"[[[[Color-Blindness]{.wixui-rich-text__text style=""letter-spacing:0.03em;""}]{.wixui-rich-text__text style=""font-size:22p",keyword,no,no
colorblind,apa-inclusive-language-2023-10,3014,in a colorblind racism framework moderates perceptions of cultural,keyword,no,no
colorblind,ncdj-disability-style-guide-2021,466,### [Colorblind]{.highlight-gold},glossary,no,no
colorblind,racial-equity-tools-glossary-2023,322,"2. On June 29, 2023, the Supreme Court set the United States back decades, invalidating the policy that enabled institut",keyword,no,no
colored,apa-inclusive-language-2023-10,1466,"descent who are also of African ancestry. The terms “Negro,” “colored,” and “Afro-American” are outdated, and their use",keyword,yes,no
colored,diversity-style-guide-2023-11,941,"- [colored](https://www.diversitystyleguide.com/glossary/colored/){.glossaryLink .cmtt_African .American, .Black .cmtt_R",glossary,no,no
colored,nabj-style-guide-2022-10,671,"| | | [colored:]{style=""font-weight: bold;""} An archaic term for black. In some African countries, colored denotes those",keyword,yes,no
colored,racial-equity-tools-glossary-2023,3215,Often the preferred collective term for referring to non-White racial groups. Racial justice advocates have been using t,keyword,no,no
colored,seiu-stylebook-2020-01,287,colored persons,keyword,no,no
colorism,apa-inclusive-language-2023-10,1545,colorism,keyword,no,no
colorism,diversity-style-guide-2023-11,946,"- [colorism](https://www.diversitystyleguide.com/glossary/colorism/){.glossaryLink .cmtt_African .American, .Black .cmtt",glossary,no,no
colorism,racial-equity-tools-glossary-2023,1064,"[[[[Colorism]{.wixui-rich-text__text style=""letter-spacing:0.03em;""}]{.wixui-rich-text__text style=""font-size:22px;""}]{.",keyword,no,no
comatose,diversity-style-guide-2023-11,3876,- [vegetative state/comatose/non-response](https://www.diversitystyleguide.com/glossary/vegetative-statecomatosenon-resp,glossary,no,no
coming out,apa-inclusive-language-2023-10,3152,"Saguy, A. C., & Ward A. (2011). Coming out as fat: Rethinking",keyword,no,no
coming out,diversity-style-guide-2023-11,951,- [coming out](https://www.diversitystyleguide.com/glossary/coming-out/){.glossaryLink .cmtt_LGBTQ},glossary,no,no
coming out,nlgja-stylebook-lgbtq-2025-06,198,**coming out\**,glossary,no,no
coming out,sierra-club-equity-language-guide-2021,438,• The rhetoric coming out of the White House today is,keyword,no,no
commitment ceremony,diversity-style-guide-2023-11,956,- [commitment ceremony](https://www.diversitystyleguide.com/glossary/commitment-ceremony/){.glossaryLink .cmtt_LGBTQ},glossary,no,no
commitment ceremony,nlgja-stylebook-lgbtq-2025-06,195,"**civil union, commitment ceremony, domestic partnership\**",glossary,no,no
community,18doors-interfaith-glossary-2023,11,Keep in mind that interfaith couples and families are not only the people who belong to your community – they are also l,keyword,no,no
community,apa-inclusive-language-2023-10,189,"Jameta Barlow, PhD, MPH (Community Health Psychologist, Asst. Professor of Writing, George Washington University)",keyword,no,no
community,cair-journalists-guide-2021-08,45,"Guidelines on how to make contact and interact with the Muslim community are also offered, along",keyword,no,no
community,casey-editorial-guide-2013-04,129,reforms and community supports that more effectively meet the needs of todayÕs vulnerable children and,keyword,no,no
community,color-of-change-antiracist-protest-reporting-2020,250,Comes from the term anti-fascist. A community-based,keyword,no,no
community,color-of-change-black-families-narrative-2020,352,someone in your community,keyword,no,no
community,color-of-change-black-survivors-styleguide-2022,108,"“Black Women and Sexual Assault,” The National Center on Violence Against Women in the Black Community, October 2018, ht",keyword,no,no
community,comm-unity-style-guide-2021,100,long-term undocumented residents of the U.S. Among them are community members who have had,keyword,no,no
community,dcfpi-inclusive-language-2017-12,62,"and easy way of explaining their lived experience within a community, and progressive writing should",keyword,no,no
community,define-american-media-reference-2024-01,167,represent the nuances of an entire community.,keyword,no,no
community,diversity-style-guide-2023-11,961,- [community](https://www.diversitystyleguide.com/glossary/community/){.glossaryLink},glossary,no,no
community,gcjt-style-guide-trauma-2021,236,guide's relevance to the global community of,keyword,no,no
community,idp-journalist-style-guide-2020,76,and long-term undocumented residents of the U.S. Among them are community members who,keyword,no,no
community,interact-intersex-media-guide-2017,10,Covering the Intersex Community,keyword,no,no
community,nabj-style-guide-2022-10,84,| | ::::: {#FavoriteOptsPanelBody .bd} | Community Search | |,keyword,no,no
community,opportunity-agenda-social-justice-phrase-guide-2015,131,"we all share, communications can emphasize a community-focused mindset over staunchly individualistic thinking.",keyword,no,no
community,picum-words-matter-2017-03,48,The most comprehensive text on international migration adopted by the international community at the time affirmed,keyword,no,no
community,racial-equity-tools-glossary-2023,68,"Language can be used deliberately to engage and support community anti-racism coalitions and initiatives, or to inflame ",keyword,no,no
community,seiu-stylebook-2020-01,607,“Gay community” should only be used when a similar reference to,keyword,no,no
community,sierra-club-equity-language-guide-2021,111,and remember that no community speaks with one,keyword,no,no
community,sumofus-progressive-styleguide-2016,36,was born. We invite drivers of progressive change – community,keyword,no,no
community care,movement-strategy-center-glossary-2024,89,#### Community Care,glossary,no,no
community land trust,movement-strategy-center-glossary-2024,92,#### Community Land Trust,glossary,no,no
community organizing,color-of-change-black-survivors-styleguide-2022,1102,community organizing.,keyword,no,no
community organizing,movement-strategy-center-glossary-2024,95,#### Community Organizing,glossary,no,no
competitive advantage in youth sports,tja-stylebook-2026-01,910,"### [competitive advantage in youth sports](#youth-sports){.header-anchor} {#youth-sports updated=""2023-08-25"" tabindex=",glossary,no,no
confined to a wheelchair,apa-inclusive-language-2023-10,651,confined to a wheelchair,keyword,no,no
confined to a wheelchair,dcfpi-inclusive-language-2017-12,272,Confined to a wheelchair,keyword,no,no
confined to a wheelchair,diversity-style-guide-2023-11,3921,- [wheelchair/wheelchair-bound/confined to a wheelchair](https://www.diversitystyleguide.com/glossary/wheelchairwheelcha,glossary,no,no
confined to a wheelchair,sierra-club-equity-language-guide-2021,2089,instead of “confined to a wheelchair” or “wheelchairbound”,keyword,no,no
confucianism,diversity-style-guide-2023-11,966,- [Confucianism](https://www.diversitystyleguide.com/glossary/confucianism/){.glossaryLink .cmtt_Confucianism .cmtt_Reli,glossary,no,no
congenital disability,apa-inclusive-language-2023-10,1084,child with a congenital disability,keyword,no,no
congenital disability,diversity-style-guide-2023-11,971,- [congenital disability](https://www.diversitystyleguide.com/glossary/congenital-disability/){.glossaryLink .cmtt_Disab,glossary,no,no
congenital disability,ncdj-disability-style-guide-2021,476,### [Congenital disability]{.highlight-gold},glossary,yes,no
conservative judaism,religion-stylebook-2026-06,61,## Conservative Judaism,glossary,no,no
consider the interplay between gender identity and carceral policy,tja-stylebook-2026-01,816,### [consider the interplay between gender identity and carceral policy](#gender-carceral-policy){.header-anchor} {#gend,glossary,yes,no
consider whether protected health information is necessary to a story,tja-stylebook-2026-01,864,### [consider whether protected health information is necessary to a story](#necessary-health-info){.header-anchor} {#ne,glossary,no,no
consult broader industry best practices,tja-stylebook-2026-01,244,### [consult broader industry best practices](#broader-best-practices){.header-anchor} {#broader-best-practices updated=,glossary,no,no
contact the editors,nlgja-stylebook-lgbtq-2025-06,703,**Contact the Editors\**,glossary,no,no
content warnings,color-of-change-black-survivors-styleguide-2022,188,Disclaimers and Content Warnings,keyword,no,no
content warnings,ncdj-disability-style-guide-2021,1481,### [Triggers/Content Warnings]{.highlight-gold},glossary,yes,no
continuing care retirement community,diversity-style-guide-2023-11,976,- [continuing care retirement community](https://www.diversitystyleguide.com/glossary/continuing-care-retirement-communi,glossary,no,no
conversion therapy,nlgja-stylebook-lgbtq-2025-06,204,"**""conversion therapy""\**",glossary,no,no
convict,apa-inclusive-language-2023-10,746,convict,keyword,no,no
convict,color-of-change-black-families-narrative-2020,1247,"try, convict and incarcerate Black men,",keyword,no,no
convict,comm-unity-style-guide-2021,166,“Felon;” “convict;”,keyword,no,no
convict,define-american-media-reference-2024-01,1928,"considered ""convicts,"" ""lunatics,"" and ""likely to become a public",keyword,no,no
convict,diversity-style-guide-2023-11,981,- [convict](https://www.diversitystyleguide.com/glossary/convict/){.glossaryLink .cmtt_Criminal .justice},glossary,no,no
convict,gcjt-style-guide-trauma-2021,1853,"inmates, convicts, or incarcerated people? In my book I declined to use",keyword,no,no
convict,idp-journalist-style-guide-2020,157,“Felon;” “convict;”,keyword,no,no
coptic christians,diversity-style-guide-2023-11,986,"- [Copts, Coptics, Coptic Christians](https://www.diversitystyleguide.com/glossary/copts-coptics-coptic-christians/){.gl",glossary,no,no
coptics,diversity-style-guide-2023-11,986,"- [Copts, Coptics, Coptic Christians](https://www.diversitystyleguide.com/glossary/copts-coptics-coptic-christians/){.gl",glossary,no,no
copts,diversity-style-guide-2023-11,986,"- [Copts, Coptics, Coptic Christians](https://www.diversitystyleguide.com/glossary/copts-coptics-coptic-christians/){.gl",glossary,no,no
council on american islamic relations,religion-stylebook-2026-06,507,## Council on American-Islamic Relations,glossary,no,no
covering,diversity-style-guide-2023-11,991,- [covering](https://www.diversitystyleguide.com/glossary/covering/){.glossaryLink .cmtt_LGBTQ .cmtt_Race},glossary,no,no
crazed,diversity-style-guide-2023-11,996,"- [crazy/crazed, psycho, nuts, lunatic, deranged, wacko](https://www.diversitystyleguide.com/glossary/crazycrazed-psycho",glossary,no,no
crazy,apa-inclusive-language-2023-10,659,crazy,keyword,no,no
crazy,color-of-change-black-survivors-styleguide-2022,197,have sex with other people. These allegations are crazy and we have details,keyword,no,no
crazy,diversity-style-guide-2023-11,996,"- [crazy/crazed, psycho, nuts, lunatic, deranged, wacko](https://www.diversitystyleguide.com/glossary/crazycrazed-psycho",glossary,no,no
crazy,ncdj-disability-style-guide-2021,486,### [Crazy/loony/mad/psycho/nuts/deranged]{.highlight-gold},glossary,yes,no
crazy,sierra-club-equity-language-guide-2021,316,use of the word “crazy” or “insane” as a pejorative.,keyword,no,no
crazy,sumofus-progressive-styleguide-2016,504,yy crazy,keyword,no,no
creationism,diversity-style-guide-2023-11,1001,- [creationism](https://www.diversitystyleguide.com/glossary/creationism/){.glossaryLink .cmtt_Religion},glossary,no,no
creole,diversity-style-guide-2023-11,751,"- [Cajun, Creole](https://www.diversitystyleguide.com/glossary/cajun-creole/){.glossaryLink .cmtt_African .American, .Bl",glossary,no,no
creole,nabj-style-guide-2022-10,667,"| | | [Cajun, Creole:]{style=""font-weight: bold;""} Cajun is a native of Louisiana originally descended from the Acadian ",keyword,no,no
cretin,ncdj-disability-style-guide-2021,498,### [Cretin/cretinism]{.highlight-gold},glossary,yes,no
cretinism,ncdj-disability-style-guide-2021,498,### [Cretin/cretinism]{.highlight-gold},glossary,yes,no
crip,ncdj-disability-style-guide-2021,508,### [Cripple/crip]{.highlight-gold},glossary,yes,no
cripple,apa-inclusive-language-2023-10,1234,cripple,keyword,no,no
cripple,ncdj-disability-style-guide-2021,508,### [Cripple/crip]{.highlight-gold},glossary,yes,no
cripple,sierra-club-equity-language-guide-2021,407,“Cripple” is another word that historically refers to,keyword,yes,no
critical race theory,apa-inclusive-language-2023-10,2618,"Annamma, S. A., Jackson, D. D., & Morrison, D. (2017). Conceptualizing colorevasiveness: Using dis/ability critical race",keyword,no,no
critical race theory,movement-strategy-center-glossary-2024,101,#### Critical Race Theory,glossary,no,no
critical race theory,racial-equity-tools-glossary-2023,1101,"[[[[Critical Race Theory (CRT)]{.wixui-rich-text__text style=""letter-spacing:0.03em;""}]{.wixui-rich-text__text style=""fo",keyword,no,no
cross dresser,diversity-style-guide-2023-11,1011,- [cross-dresser](https://www.diversitystyleguide.com/glossary/cross-dresser/){.glossaryLink .cmtt_LGBTQ},glossary,no,no
cross dresser,nlgja-stylebook-lgbtq-2025-06,207,**cross-dresser\**,glossary,yes,no
crossdresser,sumofus-progressive-styleguide-2016,1294,yy crossdresser (if this is,keyword,no,no
crossdresser,tja-stylebook-2026-01,1098,"### [crossdresser (n.)](#def-crossdresser){.header-anchor} {#def-crossdresser updated=""2023-08-25"" tabindex=""-1""}",glossary,yes,no
cruising,diversity-style-guide-2023-11,1016,- [cruising](https://www.diversitystyleguide.com/glossary/cruising/){.glossaryLink .cmtt_LGBTQ},glossary,no,no
cruising,nlgja-stylebook-lgbtq-2025-06,210,**cruising\**,glossary,no,no
cued speech,ncdj-disability-style-guide-2021,522,### [Cued speech]{.highlight-gold},glossary,no,no
cultural appreciation,diversity-style-guide-2023-11,1021,- [cultural appreciation](https://www.diversitystyleguide.com/glossary/cultural-appreciation/){.glossaryLink .cmtt_Race ,glossary,no,no
cultural appropriation,apa-inclusive-language-2023-10,1556,cultural appropriation,keyword,no,no
cultural appropriation,color-of-change-black-families-narrative-2020,1649,“baby mama” and “baby daddy” as lighthearted forms of cultural appropriation that,keyword,no,no
cultural appropriation,movement-strategy-center-glossary-2024,109,#### Cultural Appropriation,glossary,no,no
cultural appropriation,racial-equity-tools-glossary-2023,1150,"[[[[Cultural Appropriation]{.wixui-rich-text__text style=""letter-spacing:0.03em;""}]{.wixui-rich-text__text style=""font-s",keyword,no,no
cultural appropriation,sierra-club-equity-language-guide-2021,53,Cultural Appropriation. ................................................................................................,keyword,no,no
cultural appropriation,sumofus-progressive-styleguide-2016,2592,yy cultural appropriation,keyword,no,no
cultural awareness,movement-strategy-center-glossary-2024,113,#### Cultural Awareness,glossary,no,no
cultural misappropriation,diversity-style-guide-2023-11,1026,- [cultural misappropriation](https://www.diversitystyleguide.com/glossary/cultural-misappropriation/){.glossaryLink .cm,glossary,no,no
cultural misappropriation,racial-equity-tools-glossary-2023,1187,"[[[[Cultural Misappropriation]{.wixui-rich-text__text style=""letter-spacing:0.03em;""}]{.wixui-rich-text__text style=""fon",keyword,no,no
cultural sensitivity,radicalcopyeditor-trans-style-guide-2017,58,"**Cultural sensitivity:** Some terms like ""Two Spirit,"" ""hijra,"" and ""fa'afafine"" are culturally specific and shouldn't ",glossary,no,no
culture,apa-inclusive-language-2023-10,225,"Race, Ethnicity, and Culture",keyword,no,no
culture,cair-journalists-guide-2021-08,121,culture that continues to intrigue many today.,keyword,no,no
culture,casey-editorial-guide-2013-04,1039,"practices, and doing what is needed in order to establish cultures of learning.",keyword,no,no
culture,color-of-change-black-families-narrative-2020,108,"Origins in Social Science, Culture & Politics",keyword,no,no
culture,color-of-change-black-survivors-styleguide-2022,70,the spokes-entity for rape culture.,keyword,no,no
culture,comm-unity-style-guide-2021,520,"Racism in U.S. laws/culture,",keyword,no,no
culture,dcfpi-inclusive-language-2017-12,61,"help validate experiences, cultures, and struggles. In fact, a person’s chosen labels can serve as a quick",keyword,no,no
culture,define-american-media-reference-2024-01,111,to build a culture of belonging. Media can,keyword,yes,no
culture,gcjt-style-guide-trauma-2021,229,"culture. Trauma study, too, is a field in which culture and identity are",keyword,no,no
culture,idp-journalist-style-guide-2020,599,"deportation; Racism in U.S. laws/culture,",keyword,no,no
culture,movement-strategy-center-glossary-2024,105,#### Culture,glossary,no,no
culture,nabj-style-guide-2022-10,145,"| | | However, it is equally important that the word is capitalized in news coverage and reporting about Black people, B",keyword,no,no
culture,naja-indigenous-terminology-2023-06,56,"systems and possession of distinct languages, cultures and beliefs. In the case of the United",keyword,no,no
culture,racial-equity-tools-glossary-2023,658,**SOURCE: **[[*Creating Cultures and Practices for Racial Equity: A Toolbox for Advancing Racial Equity for Arts and Cul,keyword,no,no
culture,seiu-stylebook-2020-01,1918,culture,keyword,no,no
culture,sierra-club-equity-language-guide-2021,46,Systemic Racism and White Supremacy Culture....................................................................... 14,keyword,no,no
culture,sumofus-progressive-styleguide-2016,111,"also lose aspects of their culture, agency, and spirit. Progressive",keyword,no,no
culture of poverty,movement-strategy-center-glossary-2024,117,#### Culture of Poverty,glossary,no,no
culture war,tja-stylebook-2026-01,428,"### [culture war (n.), culture-war (adj.)](#culture-war){.header-anchor} {#culture-war updated=""2025-09-24"" tabindex=""-1",glossary,yes,no
daca,define-american-media-reference-2024-01,66,DACA,keyword,no,no
daca,diversity-style-guide-2023-11,1031,- [DACA (Deferred Action for Childhood Arrivals)](https://www.diversitystyleguide.com/glossary/daca-deferred-action-for-,glossary,no,no
daca,seiu-stylebook-2020-01,399,DACA [Deferred Action for Childhood Arrivals],keyword,no,no
daoism,diversity-style-guide-2023-11,3631,"- [Taoism, Daoism](https://www.diversitystyleguide.com/glossary/taoism-daoism/){.glossaryLink .cmtt_Religion .cmtt_Taois",glossary,no,no
david,cair-journalists-guide-2021-08,99,"prophets that include Noah, Abraham, Ishmael, Isaac, Jacob, Joseph, Job, Moses, David, Solomon,",keyword,no,no
david,color-of-change-black-families-narrative-2020,1608,-DAVID CLARKE (Milwaukee,keyword,no,no
david,gcjt-style-guide-trauma-2021,2612,"David Riesman, and Margaret Mead, to Howard Zinn and Kurt Vonnegut,",keyword,no,no
david,religion-stylebook-2026-06,65,"## David, Star of",glossary,no,no
david,sumofus-progressive-styleguide-2016,597,"• David Morris, Words Matter: What the Language We Use",keyword,no,no
david,wordsaboutwar-full-2025,882,"George Friday, Shahed Ghoreishi, Mackenzie Hamilton, Maha Hilal, Patrick Hiller, Michél Legendre, Lisa Ling , Kevin Mart",keyword,no,no
day of atonement,religion-stylebook-2026-06,69,## Day of Atonement,glossary,no,no
da’wah,religion-stylebook-2026-06,511,## da’wah,glossary,no,no
dead name,diversity-style-guide-2023-11,1036,"- [dead name, deadname](https://www.diversitystyleguide.com/glossary/dead-name-deadname/){.glossaryLink .cmtt_LGBTQ .cmt",glossary,no,no
dead sea scrolls,religion-stylebook-2026-06,73,## Dead Sea Scrolls,glossary,no,no
deadname,diversity-style-guide-2023-11,1036,"- [dead name, deadname](https://www.diversitystyleguide.com/glossary/dead-name-deadname/){.glossaryLink .cmtt_LGBTQ .cmt",glossary,no,no
deadname,gcjt-style-guide-trauma-2021,1462,**Deadname:** A deadname is a name that a trans person no longer uses.,keyword,no,no
deadname,nlgja-stylebook-lgbtq-2025-06,445,"**birth name, deadname\**",glossary,yes,no
deadnames,gcjt-style-guide-trauma-2021,1463,"Don't publish deadnames in a story unless specifically relevant, and",keyword,no,no
deadnames,tja-stylebook-2026-01,280,"### [deadnames](#deadnames){.header-anchor} {#deadnames updated=""2023-08-25"" tabindex=""-1""}",glossary,no,no
deadnaming is violence,radicalcopyeditor-trans-style-guide-2017,50,"**Deadnaming is violence:** Never use someone's birth name without permission, even historically.",glossary,yes,no
deaf,apa-inclusive-language-2023-10,635,"some cases, as with the Deaf community and autistic community, it is appropriate to use the preferred identity-first",keyword,no,no
deaf,dcfpi-inclusive-language-2017-12,237,Use person-first language: people with disabilities. Note that the Deaf community typically prefers identityfirst langua,keyword,no,no
deaf,diversity-style-guide-2023-11,1051,"- [Deaf, deaf](https://www.diversitystyleguide.com/glossary/deaf-deaf/){.glossaryLink .cmtt_Disability}",glossary,no,no
deaf,gcjt-style-guide-trauma-2021,1482,"with disabilities, such as members of the Deaf community, prefer",keyword,no,no
deaf,ncdj-disability-style-guide-2021,536,### [Deaf]{.highlight-gold},glossary,yes,yes
deaf,opportunity-agenda-social-justice-phrase-guide-2015,50,"X “turn a deaf ear,” “turning a blind eye” or “the",keyword,yes,no
deaf,sierra-club-equity-language-guide-2021,355,• Legislators are “blind” (and/or “deaf”) to climate,keyword,no,no
deaf,sumofus-progressive-styleguide-2016,462,yy deaf,keyword,no,no
deaf and dumb,diversity-style-guide-2023-11,1041,- [Deaf and dumb/deaf-mute](https://www.diversitystyleguide.com/glossary/deaf-and-dumbdeaf-mute/){.glossaryLink .cmtt_Di,glossary,no,no
deaf and dumb,ncdj-disability-style-guide-2021,562,### [Deaf and dumb/deaf-mute]{.highlight-gold},glossary,yes,no
deaf blind,apa-inclusive-language-2023-10,1143,to the Deaf or Deaf-Blind,keyword,no,no
deaf blind,diversity-style-guide-2023-11,1046,"- [Deaf-blind, deaf-blind](https://www.diversitystyleguide.com/glossary/deaf-blind/){.glossaryLink .cmtt_Disability}",glossary,no,no
deaf blind,ncdj-disability-style-guide-2021,552,### [Deaf-blind or Deafblind or DeafBlind]{.highlight-gold},glossary,no,no
deaf mute,diversity-style-guide-2023-11,1041,- [Deaf and dumb/deaf-mute](https://www.diversitystyleguide.com/glossary/deaf-and-dumbdeaf-mute/){.glossaryLink .cmtt_Di,glossary,no,no
deaf mute,ncdj-disability-style-guide-2021,562,### [Deaf and dumb/deaf-mute]{.highlight-gold},glossary,yes,no
deafblind,ncdj-disability-style-guide-2021,552,### [Deaf-blind or Deafblind or DeafBlind]{.highlight-gold},glossary,no,no
decalogue,religion-stylebook-2026-06,77,## Decalogue,glossary,no,no
decolonization,apa-inclusive-language-2023-10,337,decolonization,keyword,no,no
decolonization,movement-strategy-center-glossary-2024,120,#### Decolonization,glossary,no,no
decolonization,racial-equity-tools-glossary-2023,988,"Ongoing and legacy colonialism impact power relations in most of the world today. For example, white supremacy as a phil",keyword,no,no
decolonization,sumofus-progressive-styleguide-2016,2018,"pathways to decolonization and sustainable selfdetermination192, Decolonization: Indigeneity, Education &",keyword,no,no
decouple anatomy from identity,radicalcopyeditor-trans-style-guide-2017,82,"**Decouple anatomy from identity:** Words like ""women"" and ""men"" don't indicate universal experiences or anatomy. Men ca",glossary,no,no
deep democracy,movement-strategy-center-glossary-2024,124,#### Deep Democracy,glossary,no,no
defect,apa-inclusive-language-2023-10,667,mental defect,keyword,no,no
defect,diversity-style-guide-2023-11,1056,"- [defect, birth defect](https://www.diversitystyleguide.com/glossary/defect-birth-defect/){.glossaryLink}",glossary,no,no
defect,ncdj-disability-style-guide-2021,575,### [Defect/birth defect]{.highlight-gold},glossary,yes,no
defense of marriage act,nlgja-stylebook-lgbtq-2025-06,213,**Defense of Marriage Act\**,glossary,no,no
deformed,ncdj-disability-style-guide-2021,585,### [Deformed/deformity]{.highlight-gold},glossary,yes,no
deformity,ncdj-disability-style-guide-2021,585,### [Deformed/deformity]{.highlight-gold},glossary,yes,no
dementia,diversity-style-guide-2023-11,1061,- [dementia/senility](https://www.diversitystyleguide.com/glossary/dementiasenility/){.glossaryLink .cmtt_Disability},glossary,no,no
dementia,ncdj-disability-style-guide-2021,595,### [Dementia/senility]{.highlight-gold},glossary,no,no
demi,nlgja-stylebook-lgbtq-2025-06,216,"**demi-, gray-\**",glossary,no,no
demi,seiu-stylebook-2020-01,1815,"The SEIU font is ITC Eras Std. ‘SEIU’ is BOLD with a 9º tilt, ‘Stronger Together’ is DEMI.",keyword,no,no
demigender,nlgja-stylebook-lgbtq-2025-06,451,**demigender\**,glossary,no,no
demisexual,nlgja-stylebook-lgbtq-2025-06,598,**demisexual\**,glossary,no,no
dependence,diversity-style-guide-2023-11,1066,- [dependence (drug)](https://www.diversitystyleguide.com/glossary/dependence-drug/){.glossaryLink .cmtt_Drugs .and .alc,glossary,no,no
dependence,sierra-club-equity-language-guide-2021,1668,"Tribal nations, many of which have historic dependence",keyword,yes,no
depression,apa-inclusive-language-2023-10,429,"including low self-esteem, depression, self-destructive behavior, marked propensity for violent or aggressive behavior,",keyword,no,no
depression,color-of-change-black-survivors-styleguide-2022,586,"on victims and survivors, such as depression, anxiety, suicidal ideation, and posttraumatic stress disorder (PTSD).1 It ",keyword,no,no
depression,gcjt-style-guide-trauma-2021,564,[**Depression**: The U.S. [National Institute of Mental,keyword,no,no
depression,interact-intersex-media-guide-2017,242,"surgeries, including poor self-esteem, depression, anxiety, and issues with trust and intimacy in relationships. While p",keyword,no,no
depression,nabj-style-guide-2022-10,1520,"| | | [Nation of Islam:]{style=""font-weight: bold;""} Religious movement established during the Great Depression in Detro",keyword,no,no
depression,ncdj-disability-style-guide-2021,613,### [Depression]{.highlight-gold},glossary,no,yes
deranged,diversity-style-guide-2023-11,996,"- [crazy/crazed, psycho, nuts, lunatic, deranged, wacko](https://www.diversitystyleguide.com/glossary/crazycrazed-psycho",glossary,no,no
deranged,ncdj-disability-style-guide-2021,486,### [Crazy/loony/mad/psycho/nuts/deranged]{.highlight-gold},glossary,yes,no
describing how trans people look,tja-stylebook-2026-01,936,"### [describing how trans people look](#describing-trans-people){.header-anchor} {#describing-trans-people updated=""2023",glossary,yes,no
describing the histories and cultures of trans people,tja-stylebook-2026-01,940,"### [describing the histories and cultures of trans people](#trans-history){.header-anchor} {#trans-history updated=""202",glossary,no,no
descriptive term,radicalcopyeditor-trans-style-guide-2017,36,"**Descriptive term:** ""Transgender"" describes a characteristic, not a gender identity itself. Someone might identify sim",glossary,no,no
desi,diversity-style-guide-2023-11,1071,- [Desi](https://www.diversitystyleguide.com/glossary/desi/){.glossaryLink .cmtt_Indian .American .cmtt_Race},glossary,no,no
detox,diversity-style-guide-2023-11,1076,"- [detoxification, detox](https://www.diversitystyleguide.com/glossary/detoxification-detox/){.glossaryLink .cmtt_Drugs ",glossary,no,no
detox center,diversity-style-guide-2023-11,3731,- [treatment/treatment center/rehab center/detox center](https://www.diversitystyleguide.com/glossary/treatmenttreatment,glossary,no,no
detox center,ncdj-disability-style-guide-2021,1505,### [Treatment/treatment center/rehab center/detox center]{.highlight-gold},glossary,no,no
detoxification,diversity-style-guide-2023-11,1076,"- [detoxification, detox](https://www.diversitystyleguide.com/glossary/detoxification-detox/){.glossaryLink .cmtt_Drugs ",glossary,no,no
detransition,tja-stylebook-2026-01,868,"### [detransition, retransition](#detransition-retransition){.header-anchor} {#detransition-retransition updated=""2025-0",glossary,no,no
detransitioner,tja-stylebook-2026-01,441,"### [detransitioner](#detransitioner){.header-anchor} {#detransitioner updated=""2023-08-25"" tabindex=""-1""}",glossary,yes,no
developed countries,diversity-style-guide-2023-11,1081,"- [developed countries, developed world](https://www.diversitystyleguide.com/glossary/developed-countries-developed-worl",glossary,no,no
developed world,diversity-style-guide-2023-11,1081,"- [developed countries, developed world](https://www.diversitystyleguide.com/glossary/developed-countries-developed-worl",glossary,no,no
developing countries,diversity-style-guide-2023-11,1086,"- [developing countries, developing world](https://www.diversitystyleguide.com/glossary/developing-countries-developing-",glossary,no,no
developing countries,nabj-style-guide-2022-10,1924,"| | | [Third World:]{style=""font-weight: bold;""} Commonly used to describe underdeveloped countries of Africa, Asia and ",keyword,yes,no
developing countries,sierra-club-equity-language-guide-2021,1041,"color in developing countries, as being the root cause",keyword,no,no
developing world,diversity-style-guide-2023-11,1086,"- [developing countries, developing world](https://www.diversitystyleguide.com/glossary/developing-countries-developing-",glossary,no,no
developmental disabilities,apa-inclusive-language-2023-10,163,Division on Intellectual and Developmental Disabilities/ Autism,keyword,no,no
developmental disabilities,ncdj-disability-style-guide-2021,625,### [Developmental disabilities/disability]{.highlight-gold},glossary,no,no
developmentally disabled,diversity-style-guide-2023-11,2396,"- [mentally retarded, mentally disabled, intellectually disabled, developmentally disabled](https://www.diversitystylegu",glossary,no,no
dharma,diversity-style-guide-2023-11,1091,- [dharma](https://www.diversitystyleguide.com/glossary/dharma/){.glossaryLink},glossary,no,no
dhikr,cair-journalists-guide-2021-08,368,"Dhikr – literally, “remembrance,” this Arabic word usually refers to remembrance of God. The “dh” is",keyword,no,no
dhikr,religion-stylebook-2026-06,515,## dhikr,glossary,no,no
diagnosis,apa-inclusive-language-2023-10,669,person with a diagnosis of a mental illness/mental health disorder/behavioral health,keyword,no,no
diagnosis,dcfpi-inclusive-language-2017-12,282,A child with [medical diagnosis],keyword,no,no
diagnosis,diversity-style-guide-2023-11,1096,"- [diagnosis, mental health](https://www.diversitystyleguide.com/glossary/diagnosis-mental-health/){.glossaryLink .cmtt_",glossary,no,no
diagnosis,gcjt-style-guide-trauma-2021,308,"a diagnosis such as PTSD. However, not everyone who experiences trauma",keyword,no,no
diagnosis,sierra-club-equity-language-guide-2021,96,patient” to avoid the implication that their diagnosis,keyword,yes,no
dialect,diversity-style-guide-2023-11,1101,- [dialect](https://www.diversitystyleguide.com/glossary/dialect/){.glossaryLink .cmtt_Race},glossary,no,no
dialect,nabj-style-guide-2022-10,687,"| | | [dialect:]{style=""font-weight: bold;""} Language forms, particularly oddities of pronunciation and syntax, that are",keyword,yes,no
diaspora,diversity-style-guide-2023-11,1106,- [diaspora](https://www.diversitystyleguide.com/glossary/diaspora/){.glossaryLink .cmtt_Geography .cmtt_Immigration},glossary,no,no
diaspora,movement-strategy-center-glossary-2024,128,#### Diaspora,glossary,no,no
diaspora,nabj-style-guide-2022-10,161,| | | We are updating the organization\'s style guidance to reflect this determination. The organization believes it is ,keyword,no,yes
diaspora,racial-equity-tools-glossary-2023,996,**Related Resources: **[[Diaspora and Colonization]{.underline}](https://www.racialequitytools.org/resources/fundamental,keyword,no,no
diaspora,religion-stylebook-2026-06,81,## Diaspora,glossary,no,yes
differences of sexual development,tja-stylebook-2026-01,1102,"### [differences of sexual development, disorders of sexual development (n.)](#def-dsd){.header-anchor} {#def-dsd update",glossary,no,no
different sex,diversity-style-guide-2023-11,1111,- [different sex](https://www.diversitystyleguide.com/glossary/different-sex/){.glossaryLink .cmtt_LGBTQ},glossary,no,no
differently abled,apa-inclusive-language-2023-10,1070,differently abled,keyword,no,no
differently abled,dcfpi-inclusive-language-2017-12,275,Differently abled,keyword,no,no
differently abled,ncdj-disability-style-guide-2021,637,### [Differently-abled]{.highlight-gold},glossary,yes,no
differently abled,sumofus-progressive-styleguide-2016,510,yy differently abled,keyword,no,no
disability,apa-inclusive-language-2023-10,87,"Meggin van der Hilst, AuD, Director, Disability Inclusion &",keyword,no,no
disability,color-of-change-black-families-narrative-2020,1977,disability programs also provide,keyword,no,no
disability,dcfpi-inclusive-language-2017-12,20,Disability .............................................................................................................,keyword,no,no
disability,gcjt-style-guide-trauma-2021,266,disability and gender,keyword,no,no
disability,ncdj-disability-style-guide-2021,625,### [Developmental disabilities/disability]{.highlight-gold},glossary,no,no
disability,racial-equity-tools-glossary-2023,1396,"[[[[Disability Justice]{.wixui-rich-text__text style=""letter-spacing:0.03em;""}]{.wixui-rich-text__text style=""font-size:",keyword,no,no
disability,sierra-club-equity-language-guide-2021,91,disability justice movement. Practicing people-first,keyword,no,no
disability,sumofus-progressive-styleguide-2016,74,Disability,keyword,no,no
disability discrimination,diversity-style-guide-2023-11,1116,- [disability discrimination](https://www.diversitystyleguide.com/glossary/disability-discrimination/){.glossaryLink .cm,glossary,no,no
disability studies,ncdj-disability-style-guide-2021,662,### [Disability studies]{.highlight-gold},glossary,no,no
disabled,apa-inclusive-language-2023-10,1076,disabled person,keyword,no,no
disabled,dcfpi-inclusive-language-2017-12,49,that one holds as secondary and non-essential. Defining a group by its condition - 'disabled people' vs.,keyword,no,no
disabled,define-american-media-reference-2024-01,824,are disabled or elderly. If parents naturalize,keyword,no,no
disabled,gcjt-style-guide-trauma-2021,1473,"[**Disabled, Disability: **Eschew outmoded terms that perpetuate",keyword,yes,no
disabled,ncdj-disability-style-guide-2021,650,### [Disabled/disability]{.highlight-gold},glossary,yes,no
disabled,opportunity-agenda-social-justice-phrase-guide-2015,27,with disabilities vs. disabled people; people living in poverty vs. poor people; people who are homeless vs. homeless,keyword,no,no
disabled,seiu-stylebook-2020-01,461,disabled,keyword,no,no
disabled,sumofus-progressive-styleguide-2016,427,‘problem’ that belongs to the disabled individual. It is,keyword,no,no
disabled people,dcfpi-inclusive-language-2017-12,49,that one holds as secondary and non-essential. Defining a group by its condition - 'disabled people' vs.,keyword,no,no
disabled people,ncdj-disability-style-guide-2021,673,### [Disabled people/people with disabilities]{.highlight-gold},glossary,no,no
disabled people,opportunity-agenda-social-justice-phrase-guide-2015,27,with disabilities vs. disabled people; people living in poverty vs. poor people; people who are homeless vs. homeless,keyword,no,no
disadvantaged,color-of-change-black-families-narrative-2020,856,out of any economically-disadvantaged,keyword,no,no
disadvantaged,dcfpi-inclusive-language-2017-12,124,Disadvantaged,keyword,no,no
disadvantaged,movement-strategy-center-glossary-2024,136,#### Disadvantaged,glossary,no,no
disadvantaged,nabj-style-guide-2022-10,1325,"| | | | [Griggs vs. Duke Power Co. (1971)]{style=""font-weight: bold;""} - Supreme Court makes its first ruling on the job",keyword,no,no
disadvantaged,picum-words-matter-2017-03,527,‘Illegal’ has been used to define disadvantaged groups at different times throughout,keyword,no,no
disadvantaged,sierra-club-equity-language-guide-2021,595,Disadvantaged,keyword,no,no
disadvantaged,sumofus-progressive-styleguide-2016,709,yy disadvantaged,keyword,no,no
discrimination,apa-inclusive-language-2023-10,32,"gender-inclusive pregnancy-related language, neurodiversity, religious discrimination, and",keyword,no,no
discrimination,casey-editorial-guide-2013-04,146,patterns of discrimination continue to make it more difficult for people of color to gain a foothold in,keyword,no,no
discrimination,color-of-change-black-families-narrative-2020,683,"of racism and discrimination. Moreover, the",keyword,no,no
discrimination,dcfpi-inclusive-language-2017-12,449,"Non-discrimination law,",keyword,no,no
discrimination,define-american-media-reference-2024-01,303,types of discrimination) or causing fear in,keyword,no,no
discrimination,gcjt-style-guide-trauma-2021,333,"environmental factors (e.g., poverty, racial discrimination); [adverse",keyword,no,no
discrimination,interact-intersex-media-guide-2017,28,"be seen as different, sometimes face discrimination in",keyword,no,no
discrimination,movement-strategy-center-glossary-2024,140,#### Discrimination,glossary,no,no
discrimination,nabj-style-guide-2022-10,443,"| | | [bias, discrimination:]{style=""font-weight: bold;""} Bias is a state of mind, a prepossession or prejudice toward a",keyword,no,no
discrimination,racial-equity-tools-glossary-2023,68,"Language can be used deliberately to engage and support community anti-racism coalitions and initiatives, or to inflame ",keyword,no,no
discrimination,seiu-stylebook-2020-01,144,anti-discrimination,keyword,no,no
discrimination,sierra-club-equity-language-guide-2021,312,employment discrimination to insensitive language use.,keyword,no,no
discrimination,sumofus-progressive-styleguide-2016,167,"• Adam Fletcher, Discrimination Against Youth Voice13, The",keyword,no,no
discrimination,tja-stylebook-2026-01,1106,"### [discrimination, gender-based (n.)](#def-gender-discrimination){.header-anchor} {#def-gender-discrimination updated=",glossary,no,no
disfigured,ncdj-disability-style-guide-2021,685,### [Disfigurement/disfigured]{.highlight-gold},glossary,no,no
disfigurement,ncdj-disability-style-guide-2021,685,### [Disfigurement/disfigured]{.highlight-gold},glossary,no,no
disinvested,dcfpi-inclusive-language-2017-12,230,Disinvested/disinvestment,keyword,no,no
disinvested,movement-strategy-center-glossary-2024,144,#### Disinvested,glossary,no,no
disorders of sexual development,tja-stylebook-2026-01,1102,"### [differences of sexual development, disorders of sexual development (n.)](#def-dsd){.header-anchor} {#def-dsd update",glossary,no,no
dissociative identity disorder,ncdj-disability-style-guide-2021,696,### [Dissociative identity disorder/multiple personality disorder]{.highlight-gold},glossary,yes,no
distinguish trans from intersex,radicalcopyeditor-trans-style-guide-2017,70,"**Distinguish trans from intersex:** These are separate populations with different needs, though they overlap. Don't con",glossary,no,no
diversability,ncdj-disability-style-guide-2021,706,### [Diversabled / Diversability]{.highlight-gold},glossary,no,no
diversabled,ncdj-disability-style-guide-2021,706,### [Diversabled / Diversability]{.highlight-gold},glossary,no,no
diverse hire,diversity-style-guide-2023-11,1121,"- [diverse hire, diversity hire](https://www.diversitystyleguide.com/glossary/diverse-hire-diversity-hire/){.glossaryLin",glossary,no,no
diversity,apa-inclusive-language-2023-10,8,"Equity, Diversity,",keyword,no,no
diversity,cair-journalists-guide-2021-08,457,"diversity and complexity of the American Muslim community. One can do so in a variety of ways,",keyword,no,no
diversity,casey-editorial-guide-2013-04,1359,diversity (vague and overused; be specific),keyword,no,no
diversity,color-of-change-antiracist-protest-reporting-2020,425,"Make sure you talk to a diversity of sources, not just the first people you meet on the street, and",keyword,no,no
diversity,color-of-change-black-families-narrative-2020,1401,is more diversity in family structures today,keyword,no,no
diversity,dcfpi-inclusive-language-2017-12,193,"neighborhoods in Wards 7 and 8 hope that more income diversity will kick off better amenities,",keyword,yes,no
diversity,define-american-media-reference-2024-01,1440,Does this character reflect the diversity of immigrants living in U.S. communities?,keyword,no,no
diversity,diversity-style-guide-2023-11,1126,- [diversity](https://www.diversitystyleguide.com/glossary/diversity/){.glossaryLink},glossary,no,no
diversity,interact-intersex-media-guide-2017,27,"awareness now about the diversity of human bodies. People with intersex bodies, like anyone who may",keyword,no,no
diversity,movement-strategy-center-glossary-2024,147,#### Diversity,glossary,no,no
diversity,nabj-style-guide-2022-10,689,"| | | [diversity:]{style=""font-weight: bold;""} Catchall term to describe a condition or environment that is multiracial ",keyword,no,no
diversity,naja-indigenous-terminology-2023-06,35,diversity.,keyword,no,no
diversity,racial-equity-tools-glossary-2023,65,"Words and their multiple uses reflect the tremendous diversity that characterizes our society. Indeed, universally agree",keyword,no,no
diversity,seiu-stylebook-2020-01,1925,"themselves and are open to a range of perspectives and ideas. They work to build cross-cultural, crossracial unity and a",keyword,no,no
diversity,sierra-club-equity-language-guide-2021,151,Journalists for Diversity Guides contain a wealth of,keyword,no,no
diversity,sumofus-progressive-styleguide-2016,678,“The range of problems raised by diversity of languages,keyword,no,no
diversity hire,diversity-style-guide-2023-11,1121,"- [diverse hire, diversity hire](https://www.diversitystyleguide.com/glossary/diverse-hire-diversity-hire/){.glossaryLin",glossary,no,no
diwali,diversity-style-guide-2023-11,1131,- [Diwali](https://www.diversitystyleguide.com/glossary/diwali/){.glossaryLink .cmtt_Hinduism .cmtt_Religion},glossary,no,no
diwali,sierra-club-equity-language-guide-2021,1477,"in Islamic faiths; Diwali and Holi in Hindu, Sikh, Jain,",keyword,no,no
dl,nabj-style-guide-2022-10,695,"| | | [down low, DL:]{style=""font-weight: bold;""} Slang for men who have sex with other men but do not classify themselv",keyword,no,no
dl,nlgja-stylebook-lgbtq-2025-06,225,"**down low, DL\**",glossary,no,no
do not call unnecessary attention to a trans person's gender,tja-stylebook-2026-01,260,### [do not call unnecessary attention to a trans person's gender](#do-not-overidentify){.header-anchor} {#do-not-overid,glossary,yes,no
dog whistle,apa-inclusive-language-2023-10,2326,"media, it is a dog whistle for Jewish control” (American Jewish Committee, n.d., Cabal definition). (For more informatio",keyword,no,no
dog whistle,color-of-change-black-families-narrative-2020,538,“Out of wedlock” is often used to cast judgment on single mothers and is a dog-whistle,keyword,no,no
dog whistle,dcfpi-inclusive-language-2017-12,477,Dog-whistle politics/,keyword,no,no
dog whistle,diversity-style-guide-2023-11,1136,- [dog whistle](https://www.diversitystyleguide.com/glossary/dog-whistle/){.glossaryLink .cmtt_Race},glossary,no,no
dogma,religion-stylebook-2026-06,519,## dogma,glossary,no,no
domestic partner,diversity-style-guide-2023-11,1141,- [domestic partner](https://www.diversitystyleguide.com/glossary/domestic-partner/){.glossaryLink .cmtt_LGBTQ},glossary,no,no
domestic partner,nlgja-stylebook-lgbtq-2025-06,219,**domestic partner\**,glossary,no,no
domestic partnership,nlgja-stylebook-lgbtq-2025-06,195,"**civil union, commitment ceremony, domestic partnership\**",glossary,no,no
dominant culture,apa-inclusive-language-2023-10,1456,"adjustment to another dominant culture, which typically varies with regard to degree and type” (APA, n.d., Acculturation",keyword,no,no
dominant culture,diversity-style-guide-2023-11,1146,- [dominant culture](https://www.diversitystyleguide.com/glossary/dominant-culture/){.glossaryLink .cmtt_LGBTQ .cmtt_Rac,glossary,no,no
dominant culture,racial-equity-tools-glossary-2023,1191,"Cultural misappropriation distinguishes itself from the neutrality of cultural exchange, appreciation, and appropriation",keyword,no,no
don't ask,gcjt-style-guide-trauma-2021,1464,don't ask for this information unless it's necessary for background,keyword,no,no
don't ask,nlgja-stylebook-lgbtq-2025-06,222,"**Don't Ask, Don't Tell\**",glossary,no,no
don't guess anyone's gender identity,tja-stylebook-2026-01,256,"### [don't guess anyone's gender identity or pronouns](#do-not-guess){.header-anchor} {#do-not-guess updated=""2023-08-25",glossary,no,no
don't tell,nlgja-stylebook-lgbtq-2025-06,222,"**Don't Ask, Don't Tell\**",glossary,no,no
don't use lgbtq as synonym for gay,radicalcopyeditor-trans-style-guide-2017,78,**Don't use LGBTQ as synonym for gay:** LGBTQ includes trans people and others. Some trans people (15%) are straight.,glossary,yes,no
don't validate anti trans rhetoric,radicalcopyeditor-trans-style-guide-2017,68,"**Don't validate anti-trans rhetoric:** Don't present ""both sides"" when discussing trans existence or rights. Trans dign",glossary,no,no
down low,diversity-style-guide-2023-11,1151,- [down low](https://www.diversitystyleguide.com/glossary/down-low/){.glossaryLink .cmtt_LGBTQ},glossary,no,no
down low,nabj-style-guide-2022-10,695,"| | | [down low, DL:]{style=""font-weight: bold;""} Slang for men who have sex with other men but do not classify themselv",keyword,no,no
down low,nlgja-stylebook-lgbtq-2025-06,225,"**down low, DL\**",glossary,no,no
down syndrome,diversity-style-guide-2023-11,1156,- [Down syndrome](https://www.diversitystyleguide.com/glossary/down-syndrome/){.glossaryLink .cmtt_Disability},glossary,no,no
down syndrome,ncdj-disability-style-guide-2021,717,### [Down syndrome]{.highlight-gold},glossary,yes,no
doxypep,nlgja-stylebook-lgbtq-2025-06,228,**doxyPEP\**,glossary,no,no
doxyprep,nlgja-stylebook-lgbtq-2025-06,654,"**doxyPEP, doxyPrEP\**",glossary,no,no
drag,diversity-style-guide-2023-11,1161,- [drag](https://www.diversitystyleguide.com/glossary/drag/){.glossaryLink .cmtt_LGBTQ},glossary,no,no
drag,tja-stylebook-2026-01,928,"### [drag](#drag){.header-anchor} {#drag updated=""2023-08-25"" tabindex=""-1""}",glossary,yes,no
drag king,nlgja-stylebook-lgbtq-2025-06,231,"**drag queen, drag king\**",glossary,no,no
drag performer,diversity-style-guide-2023-11,1166,- [drag performer](https://www.diversitystyleguide.com/glossary/drag-performer/){.glossaryLink .cmtt_LGBTQ .cmtt_Transge,glossary,no,no
drag queen,diversity-style-guide-2023-11,1171,- [drag queen](https://www.diversitystyleguide.com/glossary/drag-queen/){.glossaryLink .cmtt_LGBTQ},glossary,no,no
drag queen,nlgja-stylebook-lgbtq-2025-06,231,"**drag queen, drag king\**",glossary,no,no
drag story hour,nlgja-stylebook-lgbtq-2025-06,240,**Drag Story Hour\**,glossary,no,no
dragon lady,diversity-style-guide-2023-11,1176,- [Dragon Lady](https://www.diversitystyleguide.com/glossary/dragon-lady/){.glossaryLink .cmtt_Asian .American .cmtt_Rac,glossary,no,no
dreadlocks,diversity-style-guide-2023-11,1181,"- [dreadlocks, locks, locs](https://www.diversitystyleguide.com/glossary/dreadlocks-locks-locs/){.glossaryLink .cmtt_Afr",glossary,no,no
dreadlocks,nabj-style-guide-2022-10,1085,"| | | | [dreadlocks, dreds or locks]{style=""font-weight: bold;""} - Long uncombed twisted, or matted, locks of hair, a st",keyword,no,no
dream act,define-american-media-reference-2024-01,1392,Education for Alien Minors Act. The DREAM act was first introduced in Congress,keyword,no,no
dream act,diversity-style-guide-2023-11,1186,- [DREAM Act](https://www.diversitystyleguide.com/glossary/dream-act/){.glossaryLink .cmtt_Immigration .cmtt_Race},glossary,no,no
dream act,sumofus-progressive-styleguide-2016,1875,of the DREAM Act).,keyword,no,no
dreamer,define-american-media-reference-2024-01,418,"A subset of “Dreamers,'' or undocumented",keyword,no,no
dreamer,seiu-stylebook-2020-01,2447,Dreamers,keyword,no,no
dreamer,sumofus-progressive-styleguide-2016,1874,children are referred to as DREAMers (retaining capitalization,keyword,no,no
dressed as,diversity-style-guide-2023-11,1191,- [dressed as](https://www.diversitystyleguide.com/glossary/dressed-as/){.glossaryLink .cmtt_LGBTQ .cmtt_Transgender},glossary,no,no
dressed as,nlgja-stylebook-lgbtq-2025-06,243,**dressed as\**,glossary,yes,no
driving while black,diversity-style-guide-2023-11,1196,"- [driving while Black, DWB](https://www.diversitystyleguide.com/glossary/driving-while-black-dwb/){.glossaryLink .cmtt_",glossary,no,no
driving while black,nabj-style-guide-2022-10,699,"| | | [driving while black, DWB:]{style=""font-weight: bold;""} Phrase or acronym describing racial profiling of black mot",keyword,no,no
drug abuse,diversity-style-guide-2023-11,1201,"- [drug abuse, substance abuse](https://www.diversitystyleguide.com/glossary/drug-abuse-substance-abuse/){.glossaryLink ",glossary,no,no
du’a,religion-stylebook-2026-06,523,## du’a,glossary,no,no
dwarf,apa-inclusive-language-2023-10,1377,dwarf,keyword,no,no
dwarf,diversity-style-guide-2023-11,1206,"- [dwarf, little person, midget, short stature](https://www.diversitystyleguide.com/glossary/dwarf-little-person-midget-",glossary,no,no
dwarf,ncdj-disability-style-guide-2021,733,### [Dwarf/little person/midget/short stature]{.highlight-gold},glossary,yes,no
dwarf,sierra-club-equity-language-guide-2021,430,"comes from the word “dwarf,” which is not how",keyword,no,no
dwarf,sumofus-progressive-styleguide-2016,516,"yy dwarf, midget,",keyword,no,no
dwb,diversity-style-guide-2023-11,1196,"- [driving while Black, DWB](https://www.diversitystyleguide.com/glossary/driving-while-black-dwb/){.glossaryLink .cmtt_",glossary,no,no
dwb,nabj-style-guide-2022-10,699,"| | | [driving while black, DWB:]{style=""font-weight: bold;""} Phrase or acronym describing racial profiling of black mot",keyword,no,no
dyke,diversity-style-guide-2023-11,1211,- [dyke](https://www.diversitystyleguide.com/glossary/dyke/){.glossaryLink .cmtt_LGBTQ},glossary,no,no
dyke,nlgja-stylebook-lgbtq-2025-06,246,**dyke\**,glossary,yes,no
dyslexia,apa-inclusive-language-2023-10,1432,"When a person’s neurology differs from the neurological “majority”; these differences include autism, attention-deficit/",keyword,no,no
dyslexia,diversity-style-guide-2023-11,1216,"- [dyslexia, dyslexic](https://www.diversitystyleguide.com/glossary/dyslexia-dyslexic/){.glossaryLink .cmtt_Disability}",glossary,no,no
dyslexia,ncdj-disability-style-guide-2021,749,### [Dyslexia/dyslexic]{.highlight-gold},glossary,no,no
dyslexic,diversity-style-guide-2023-11,1216,"- [dyslexia, dyslexic](https://www.diversitystyleguide.com/glossary/dyslexia-dyslexic/){.glossaryLink .cmtt_Disability}",glossary,no,no
dyslexic,ncdj-disability-style-guide-2021,749,### [Dyslexia/dyslexic]{.highlight-gold},glossary,no,no
easter,diversity-style-guide-2023-11,1221,- [Easter](https://www.diversitystyleguide.com/glossary/easter/){.glossaryLink .cmtt_Christianity .cmtt_Religion},glossary,no,no
eastern orthodox,diversity-style-guide-2023-11,1226,- [Eastern Orthodox](https://www.diversitystyleguide.com/glossary/eastern-orthodox/){.glossaryLink .cmtt_Christianity .c,glossary,no,no
ebonics,diversity-style-guide-2023-11,1231,"- [Ebonics](https://www.diversitystyleguide.com/glossary/ebonics/){.glossaryLink .cmtt_African .American, .Black .cmtt_R",glossary,no,no
ebonics,nabj-style-guide-2022-10,874,"| | | [Ebonics:]{style=""font-weight: bold;""} Slang or nonstandard form of the English language that is used by some in t",keyword,yes,no
ecclesiastes,religion-stylebook-2026-06,85,## Ecclesiastes,glossary,no,no
economy,apa-inclusive-language-2023-10,3231,the backbone of the U.S. economy have grown increasingly hard to fill. Society,keyword,no,no
economy,cair-journalists-guide-2021-08,153,"affecting society as a whole, such as healthcare, the economy, etc. While it is important for Muslims to",keyword,no,no
economy,color-of-change-black-families-narrative-2020,2334,economy and do not deserve self-determination in politics or social life.,keyword,no,no
economy,dcfpi-inclusive-language-2017-12,83,"Focus on how barriers impede people’s efforts to thrive. Describe the economy as being out of balance,",keyword,no,no
economy,define-american-media-reference-2024-01,323,and/or who “contribute to the economy”,keyword,no,no
economy,movement-strategy-center-glossary-2024,512,#### Economy/Poverty,glossary,yes,no
economy,picum-words-matter-2017-03,56,"The Resolution concerning a fair deal for migrant workers in a global economy, adopted by the highest governing body of",keyword,no,no
economy,seiu-stylebook-2020-01,3205,"our economy is broken : notre économie est dysfonctionnelle, notre économie est mal en point",keyword,no,no
economy,sierra-club-equity-language-guide-2021,905,"economy that creates good, family-supporting union",keyword,no,no
economy,sumofus-progressive-styleguide-2016,67,Economy,keyword,no,no
ecosystem,movement-strategy-center-glossary-2024,151,#### Ecosystem,glossary,no,no
ecosystem,racial-equity-tools-glossary-2023,3659,"- working in right relationship and with accountability in an issue, sector, or community ecosystem for collective chang",keyword,no,no
ecosystem,sierra-club-equity-language-guide-2021,2661,Ecosystems,keyword,no,no
eid al adha,diversity-style-guide-2023-11,1236,- [Eid al-Adha](https://www.diversitystyleguide.com/glossary/eid-al-adha/){.glossaryLink .cmtt_Islam .cmtt_Religion},glossary,no,no
eid al adha,religion-stylebook-2026-06,527,## Eid al-Adha,glossary,no,no
eid al fitr,diversity-style-guide-2023-11,1241,- [Eid al-Fitr](https://www.diversitystyleguide.com/glossary/eid-al-fitr/){.glossaryLink .cmtt_Islam .cmtt_Religion},glossary,no,no
eid al fitr,religion-stylebook-2026-06,531,## Eid al-Fitr,glossary,no,no
elderly,apa-inclusive-language-2023-10,781,the elderly,keyword,no,no
elderly,define-american-media-reference-2024-01,824,are disabled or elderly. If parents naturalize,keyword,no,no
elderly,diversity-style-guide-2023-11,1246,- [elderly](https://www.diversitystyleguide.com/glossary/elderly/){.glossaryLink .cmtt_Age/generations},glossary,no,no
elderly,gcjt-style-guide-trauma-2021,1440,"[""]{style=""text-align:justify""}elderly[""]{style=""text-align:justify""} to",keyword,no,no
elderly,nabj-style-guide-2022-10,2099,"| | | [Uncle Tom:]{style=""font-weight: bold;""} A term of contempt. Based on the main character, an elderly black man, in",keyword,no,no
elderly,picum-words-matter-2017-03,482,"women, men, children, families, and the elderly. When",keyword,no,no
elderly,seiu-stylebook-2020-01,501,Let’s discuss the problem of caring for the elderly.,keyword,no,no
elderly,sumofus-progressive-styleguide-2016,173,"• Marianne Falconer, Out with “the old,” elderly, and aged16, 2007.",keyword,no,no
elijah,nabj-style-guide-2022-10,1520,"| | | [Nation of Islam:]{style=""font-weight: bold;""} Religious movement established during the Great Depression in Detro",keyword,no,no
elijah,religion-stylebook-2026-06,709,"## Muhammad, Elijah",glossary,no,no
emancipation proclamation,diversity-style-guide-2023-11,1251,- [Emancipation Proclamation](https://www.diversitystyleguide.com/glossary/emancipation-proclamation/){.glossaryLink .cm,glossary,no,no
emancipation proclamation,nabj-style-guide-2022-10,1914,"| | | [slavery:]{style=""font-weight: bold;""} The first black African slaves in the American colonies arrived in the earl",keyword,yes,no
embodied practice,movement-strategy-center-glossary-2024,155,#### Embodied Practice,glossary,no,no
emotional labor,movement-strategy-center-glossary-2024,159,#### Emotional Labor,glossary,no,no
end times,religion-stylebook-2026-06,89,## end times,glossary,no,yes
english only movement,diversity-style-guide-2023-11,1261,- [English-only movement](https://www.diversitystyleguide.com/glossary/english-only-movement/){.glossaryLink .cmtt_Immig,glossary,no,no
epicanthic fold,diversity-style-guide-2023-11,1266,- [epicanthic fold](https://www.diversitystyleguide.com/glossary/epicanthic-fold/){.glossaryLink .cmtt_Asian .American},glossary,no,no
epilepsy,apa-inclusive-language-2023-10,1435,2022). A person can be described as multiply neurodivergent when their neurocognitive functioning differs from dominant ,keyword,no,no
epilepsy,diversity-style-guide-2023-11,1271,- [epilepsy/epileptic fit](https://www.diversitystyleguide.com/glossary/epilepsyepileptic-fit/){.glossaryLink .cmtt_Disa,glossary,no,no
epilepsy,ncdj-disability-style-guide-2021,765,### [Epilepsy/epileptic/epileptic fit]{.highlight-gold},glossary,yes,no
epileptic,ncdj-disability-style-guide-2021,765,### [Epilepsy/epileptic/epileptic fit]{.highlight-gold},glossary,yes,no
epileptic fit,diversity-style-guide-2023-11,1271,- [epilepsy/epileptic fit](https://www.diversitystyleguide.com/glossary/epilepsyepileptic-fit/){.glossaryLink .cmtt_Disa,glossary,no,no
epileptic fit,ncdj-disability-style-guide-2021,765,### [Epilepsy/epileptic/epileptic fit]{.highlight-gold},glossary,yes,no
episcopal church,diversity-style-guide-2023-11,1276,- [Episcopal Church](https://www.diversitystyleguide.com/glossary/episcopal-church/){.glossaryLink .cmtt_Christianity .c,glossary,no,no
equality,apa-inclusive-language-2023-10,276,ally is willing to act with and for others in pursuit of ending oppression and creating equality. Allyship is not a labe,keyword,no,no
equality,cair-journalists-guide-2021-08,246,The Quran repeatedly reinforces the equality of men and women before God: “And their Lord hath,keyword,no,no
equality,dcfpi-inclusive-language-2017-12,479,Equality,keyword,no,no
equality,diversity-style-guide-2023-11,1281,- [equality](https://www.diversitystyleguide.com/glossary/equality/){.glossaryLink},glossary,no,no
equality,movement-strategy-center-glossary-2024,162,#### Equality,glossary,no,no
equality,nabj-style-guide-2022-10,677,"| | | [Congress of Racial Equality (CORE):]{style=""font-weight: bold;""} Civil-rights organization founded in 1942 as the",keyword,yes,no
equality,racial-equity-tools-glossary-2023,1105,1. The Critical Race Theory movement considers many of the same issues that conventional civil rights and ethnic studies,keyword,no,no
equality,seiu-stylebook-2020-01,2510,equity (not the same as equality) : équité,keyword,no,no
equality,sierra-club-equity-language-guide-2021,777,"to equality as a gift or magnanimous gesture, rather",keyword,no,no
equality,sumofus-progressive-styleguide-2016,1076,"• Full Marriage Equality, Glossary106.",keyword,no,no
equitable intermediary,movement-strategy-center-glossary-2024,165,#### Equitable Intermediary,glossary,no,no
equity,apa-inclusive-language-2023-10,8,"Equity, Diversity,",keyword,no,no
equity,cair-journalists-guide-2021-08,300,"The Quran states: “O you who have attained to faith! Be ever steadfast in upholding equity, bearing",keyword,no,no
equity,casey-editorial-guide-2013-04,17,"The Annie E. Casey Foundation values transparency, equity and respect for families and children from",keyword,no,no
equity,color-of-change-black-families-narrative-2020,1827,"type of home equity, the greatest source of",keyword,no,no
equity,dcfpi-inclusive-language-2017-12,38,"integrate a racial equity lens in our writing. However, this document is not intended to be an end-all-be-all;",keyword,no,no
equity,gcjt-style-guide-trauma-2021,837,"violation of social equity, which means it is necessarily linked to",keyword,no,no
equity,movement-strategy-center-glossary-2024,168,#### Equity,glossary,no,no
equity,racial-equity-tools-glossary-2023,61,"#### Racial Equity Tools Glossary {#racial-equity-tools-glossary .font_4 .wixui-rich-text__text style=""text-align:center",keyword,no,no
equity,seiu-stylebook-2020-01,1003,pay equity,keyword,no,no
equity,sierra-club-equity-language-guide-2021,10,Equity Language Guide,keyword,no,no
equity,sumofus-progressive-styleguide-2016,622,"we are supporting. At the same time, holding an equity stance,",keyword,no,no
equity,wfpusa-writing-with-dignity-2022,12,WFP USA's framework for respectful communication about beneficiaries. Describes the org's internal style guide update pr,keyword,no,no
eruv,religion-stylebook-2026-06,93,## eruv,glossary,no,no
eskimo,apa-inclusive-language-2023-10,1657,"Siberia, and Greenland may identify as a specific nation (e.g., Inuit, Iñupiat). Avoid the term “Eskimo” because",keyword,yes,no
eskimo,diversity-style-guide-2023-11,1286,- [Eskimo](https://www.diversitystyleguide.com/glossary/eskimo/){.glossaryLink .cmtt_Alaska .Native},glossary,no,no
eskimo,sierra-club-equity-language-guide-2021,1752,• The term “Eskimo” except if it is how a Tribe,keyword,no,no
eskimo,sumofus-progressive-styleguide-2016,2109,• The term “Eskimo” is outdated and has been replaced by “Inuit.”,keyword,yes,no
ethnic,diversity-style-guide-2023-11,1291,- [ethnic](https://www.diversitystyleguide.com/glossary/ethnic/){.glossaryLink .cmtt_Race},glossary,no,no
ethnic group,apa-inclusive-language-2023-10,425,"“Multigenerational trauma experienced by a specific cultural, racial, or ethnic group. It is related to major events tha",keyword,no,no
ethnic group,diversity-style-guide-2023-11,1296,- [ethnic group](https://www.diversitystyleguide.com/glossary/ethnic-group/){.glossaryLink .cmtt_Race},glossary,no,no
ethnic group,nabj-style-guide-2022-10,876,"| | | [ethnicity, race:]{style=""font-weight: bold;""} The mention of a persons race should not be used unless relevant. T",keyword,yes,no
ethnic group,racial-equity-tools-glossary-2023,3215,Often the preferred collective term for referring to non-White racial groups. Racial justice advocates have been using t,keyword,no,no
ethnic group,sierra-club-equity-language-guide-2021,1371,an Indigenous ethnic group in Nepal for advertising,keyword,no,no
ethnic group,sumofus-progressive-styleguide-2016,2556,“minority ethnic group” may be preferred over “minority group.”,keyword,no,no
ethnicity,apa-inclusive-language-2023-10,225,"Race, Ethnicity, and Culture",keyword,no,no
ethnicity,casey-editorial-guide-2013-04,73,Race and Ethnicity,keyword,no,no
ethnicity,color-of-change-antiracist-protest-reporting-2020,263,"for their race, ethnicity, religion, sexual orientation and",keyword,no,no
ethnicity,color-of-change-black-survivors-styleguide-2022,1128,"Ethnicity, Culture & Modern Experience",keyword,no,no
ethnicity,dcfpi-inclusive-language-2017-12,86,7. Talking About Race and Ethnicity,keyword,no,no
ethnicity,define-american-media-reference-2024-01,70,Race and Ethnicity,keyword,no,no
ethnicity,diversity-style-guide-2023-11,1301,"- [ethnicity, mention of](https://www.diversitystyleguide.com/glossary/ethnicity-mention-of/){.glossaryLink .cmtt_Race}",glossary,no,no
ethnicity,gcjt-style-guide-trauma-2021,1577,**Race and Ethnicity: **Include references to an individual's race or,keyword,no,no
ethnicity,hrw-describing-migrants-2014-06,19,2. Such terms are prejudicial and reinforce pre-existing negative attitudes toward foreign nationals or persons of a par,keyword,no,no
ethnicity,movement-strategy-center-glossary-2024,172,#### Ethnicity,glossary,no,no
ethnicity,nabj-style-guide-2022-10,876,"| | | [ethnicity, race:]{style=""font-weight: bold;""} The mention of a persons race should not be used unless relevant. T",keyword,yes,no
ethnicity,racial-equity-tools-glossary-2023,1031,"We recognize the problematic ableist language of this term, but we reference it as used by scholars to describe an impor",keyword,no,no
ethnicity,sierra-club-equity-language-guide-2021,1128,"of race and ethnicity, and how categories that describe",keyword,no,no
ethnicity,sumofus-progressive-styleguide-2016,84,Race/Ethnicity,keyword,no,no
evangelical lutheran church in america,diversity-style-guide-2023-11,1306,- [Evangelical Lutheran Church in America](https://www.diversitystyleguide.com/glossary/evangelical-lutheran-church-in-a,glossary,no,no
ex gay,nlgja-stylebook-lgbtq-2025-06,249,"**""ex-gay""\**",glossary,no,no
ex gay,religion-stylebook-2026-06,97,## ex-gay,glossary,no,no
executive order 9066,diversity-style-guide-2023-11,1311,- [Executive Order 9066](https://www.diversitystyleguide.com/glossary/executive-order-9066/){.glossaryLink .cmtt_Asian .,glossary,no,no
exotic,diversity-style-guide-2023-11,1316,- [exotic](https://www.diversitystyleguide.com/glossary/exotic/){.glossaryLink .cmtt_Asian .American .cmtt_Race},glossary,no,no
extractive economy,movement-strategy-center-glossary-2024,176,#### Extractive Economy,glossary,no,no
eye shape,diversity-style-guide-2023-11,1321,"- [eye shape, reference to](https://www.diversitystyleguide.com/glossary/eyeshape-reference-to/){.glossaryLink .cmtt_Asi",glossary,no,no
eñe,diversity-style-guide-2023-11,1256,"- [eñe, ñ](https://www.diversitystyleguide.com/glossary/ene/){.glossaryLink .cmtt_Latino/Latina .cmtt_Race}",glossary,no,no
faab,diversity-style-guide-2023-11,1411,"- [gender assigned at birth (GAAB), MAAB, FAAB](https://www.diversitystyleguide.com/glossary/gender-assigned-at-birth-ga",glossary,no,no
facilitated communication,ncdj-disability-style-guide-2021,785,### [Facilitated communication]{.highlight-gold},glossary,yes,no
fag,diversity-style-guide-2023-11,1326,"- [fag, faggot](https://www.diversitystyleguide.com/glossary/fag-faggot/){.glossaryLink .cmtt_LGBTQ}",glossary,no,no
fag,nabj-style-guide-2022-10,885,"| | | | [fag, faggot:]{style=""font-weight: bold;""} Originally offensive word for homosexual male, although some gay men ",keyword,yes,no
fag,nlgja-stylebook-lgbtq-2025-06,252,"**fag, faggot\**",glossary,yes,no
faggot,diversity-style-guide-2023-11,1326,"- [fag, faggot](https://www.diversitystyleguide.com/glossary/fag-faggot/){.glossaryLink .cmtt_LGBTQ}",glossary,no,no
faggot,nabj-style-guide-2022-10,885,"| | | | [fag, faggot:]{style=""font-weight: bold;""} Originally offensive word for homosexual male, although some gay men ",keyword,yes,no
faggot,nlgja-stylebook-lgbtq-2025-06,252,"**fag, faggot\**",glossary,yes,no
false balance,nlgja-stylebook-lgbtq-2025-06,171,"**balance, false balance\**",glossary,no,no
false details,tja-stylebook-2026-01,570,"### [write around outdated or false details](#explaining-gender-id){.header-anchor} {#explaining-gender-id updated=""2024",glossary,yes,no
false equivalency,movement-strategy-center-glossary-2024,179,#### False Equivalency,glossary,no,no
families,18doors-interfaith-glossary-2023,11,Keep in mind that interfaith couples and families are not only the people who belong to your community – they are also l,keyword,no,no
families,apa-inclusive-language-2023-10,152,"Committee on Children, Youth, and Families",keyword,no,no
families,cair-journalists-guide-2021-08,477,Islamic culture is known for its hospitality. Reporters can see firsthand how Muslim families interact,keyword,no,no
families,casey-editorial-guide-2013-04,17,"The Annie E. Casey Foundation values transparency, equity and respect for families and children from",keyword,no,no
families,color-of-change-black-families-narrative-2020,10,Black Families,keyword,no,no
families,comm-unity-style-guide-2021,260,"families, deported, and when they",keyword,no,no
families,dcfpi-inclusive-language-2017-12,131,Supporting families,keyword,no,no
families,define-american-media-reference-2024-01,126,"them from immigrant families, make up the",keyword,no,no
families,gcjt-style-guide-trauma-2021,139,"trauma on individuals, families and communities; recommendations for",keyword,no,no
families,hrw-describing-migrants-2014-06,28,[1] The International Convention on the Protection of the Rights of All Migrant Workers and Members of Their Families us,keyword,no,no
families,idp-journalist-style-guide-2020,303,"families, deported, and when they seek",keyword,no,no
families,interact-intersex-media-guide-2017,246,Intersex people and their families need access to full information and both peer and mental health support.,keyword,no,no
families,nabj-style-guide-2022-10,1103,"| | | | [Jack and Jill of America Inc.:]{style=""font-weight: bold;""} Service-oriented organization founded in 1938 in Ph",keyword,no,no
families,nlgja-stylebook-lgbtq-2025-06,255,"**families, parents\**",glossary,yes,no
families,opportunity-agenda-social-justice-phrase-guide-2015,188,"because they inflict harm on families, communities, and",keyword,no,no
families,picum-words-matter-2017-03,482,"women, men, children, families, and the elderly. When",keyword,no,no
families,racial-equity-tools-glossary-2023,1072,"**SOURCE:** Burton, Linda M et al., ""[[Critical Race Theories, Colorism, and the Decade's Research on Families of Color]",keyword,no,no
families,seiu-stylebook-2020-01,18,their families and creating a more just and humane society.,keyword,no,no
families,sierra-club-equity-language-guide-2021,1943,"families, are we representing all kinds of families, or",keyword,yes,no
families,sumofus-progressive-styleguide-2016,712,yy giving families the,keyword,no,no
family,diversity-style-guide-2023-11,1331,- [family](https://www.diversitystyleguide.com/glossary/family/){.glossaryLink .cmtt_LGBTQ},glossary,no,no
fat,apa-inclusive-language-2023-10,851,"weight,” and “higher weight” (Meadows & Daníelsdóttir, 2016), rather than terms such as “underweight,” “fat,” “obese,”",keyword,no,no
fat,diversity-style-guide-2023-11,1336,- [fat](https://www.diversitystyleguide.com/glossary/fat/){.glossaryLink .cmtt_Disability .cmtt_Obesity},glossary,no,no
fat,sumofus-progressive-styleguide-2016,467,yy fat-shaming33,keyword,no,no
fatwa,cair-journalists-guide-2021-08,370,Fatwa – A religious edict or legal opinion that is written by qualified scholars commenting on issues,keyword,no,no
fatwa,diversity-style-guide-2023-11,1341,- [fatwa](https://www.diversitystyleguide.com/glossary/fatwa/){.glossaryLink .cmtt_Islam .cmtt_Religion},glossary,no,no
fatwa,religion-stylebook-2026-06,539,## fatwa,glossary,no,no
felon,comm-unity-style-guide-2021,166,“Felon;” “convict;”,keyword,no,no
felon,diversity-style-guide-2023-11,1346,"- [felon, offender](https://www.diversitystyleguide.com/glossary/felon-offender/){.glossaryLink .cmtt_Criminal .justice}",glossary,no,no
felon,idp-journalist-style-guide-2020,157,“Felon;” “convict;”,keyword,no,no
felon,opportunity-agenda-social-justice-phrase-guide-2015,33,"X “ex-con,” “criminal,” or “felon.” Terms that label",keyword,no,no
felon,sierra-club-equity-language-guide-2021,102,reductive terms like “inmate” or “felon.” People-first,keyword,no,no
felon,sumofus-progressive-styleguide-2016,2339,"• “Felons, not families” presents a false dichotomy.",keyword,no,no
female,apa-inclusive-language-2023-10,1908,"male, female, or intersex such as genitalia, hormones, and chromosomes, whereas gender is “a set of socially constructed",keyword,no,no
female,cair-journalists-guide-2021-08,248,or female: you are the offspring of one another.’” (3:195),keyword,no,no
female,diversity-style-guide-2023-11,1351,"- [female/feminine pronouns, male/masculine pronouns](https://www.diversitystyleguide.com/glossary/female-feminine-prono",glossary,no,no
female,gcjt-style-guide-trauma-2021,642,"and harassment, forced marriages, female genital mutilation, forced",keyword,no,no
female,interact-intersex-media-guide-2017,16,"or female bodies. For example,",keyword,no,no
female,nabj-style-guide-2022-10,494,"| | | | [buck:]{style=""font-weight: bold;""} Archaic derogatory term for a healthy, strong black male during slavery time",keyword,yes,no
female,racial-equity-tools-glossary-2023,3178,"An historically based, institutionally perpetuated system of exploitation and oppression in which those assigned male, o",keyword,no,no
female,seiu-stylebook-2020-01,783,"Latino [always capitalized], Latina [if we know the person is female]",keyword,no,no
female,sumofus-progressive-styleguide-2016,1119,and ‘female’ categories in a new gender-identity,keyword,no,no
female bodied,tja-stylebook-2026-01,461,"### [male-bodied, female-bodied](#male-female-bodied){.header-anchor} {#male-female-bodied updated=""2023-08-25"" tabindex",glossary,yes,no
female identified,tja-stylebook-2026-01,517,"### [trans-identified, male-identified, female-identified](#trans-identified){.header-anchor} {#trans-identified updated",glossary,yes,no
female to male,apa-inclusive-language-2023-10,2120,female to male,keyword,no,no
female to male,diversity-style-guide-2023-11,2311,"- [male-to-female (MtF), female-to-male (FtM)](https://www.diversitystyleguide.com/glossary/male-to-female-mtf-female-to",glossary,no,no
female to male,tja-stylebook-2026-01,1188,"### [male-to-female (MtF), female-to-male (FtM) (adj.)](#def-mtf-ftm){.header-anchor} {#def-mtf-ftm updated=""2023-08-25""",glossary,yes,no
feminine pronouns,diversity-style-guide-2023-11,1351,"- [female/feminine pronouns, male/masculine pronouns](https://www.diversitystyleguide.com/glossary/female-feminine-prono",glossary,no,no
fiancé,define-american-media-reference-2024-01,631,90 Day Fiancé: Each,keyword,no,no
fiancé,nlgja-stylebook-lgbtq-2025-06,258,"**fiancé, fiancée\**",glossary,no,no
fiancée,define-american-media-reference-2024-01,584,"and fiancées. Grandparents, aunts, uncles,",keyword,no,no
fiancée,nlgja-stylebook-lgbtq-2025-06,258,"**fiancé, fiancée\**",glossary,no,no
filipino,define-american-media-reference-2024-01,1884,Watch: A group of undocumented Filipino immigrants are,keyword,no,no
filipino,diversity-style-guide-2023-11,1356,- [Filipino/Pilipino](https://www.diversitystyleguide.com/glossary/filipinopilipino/){.glossaryLink .cmtt_Pacific .Islan,glossary,no,no
fiqh,cair-journalists-guide-2021-08,372,Fiqh – Islamic jurisprudence.,keyword,no,no
fiqh,religion-stylebook-2026-06,543,## fiqh,glossary,no,no
first nations,apa-inclusive-language-2023-10,1623,"Avoid using possessive language in reference to Indigenous groups, such as “of” or “our.” For example, First Nations, In",keyword,yes,no
first nations,diversity-style-guide-2023-11,1361,- [First Nations](https://www.diversitystyleguide.com/glossary/first-nations/){.glossaryLink .cmtt_American .Indian .or ,glossary,no,no
first nations,native-governance-center-style-guide-2021-02,177,First Nations,keyword,no,no
first nations,racial-equity-tools-glossary-2023,4631,1. The term Two Spirit has been present in Native communities for countless generations that predate LGBTQ terminology. ,keyword,yes,no
first nations,sumofus-progressive-styleguide-2016,2123,"years.” Similarly, do not say “Canadian First Nations” as Canada",keyword,no,no
first world,diversity-style-guide-2023-11,1366,- [First World](https://www.diversitystyleguide.com/glossary/first-world/){.glossaryLink .cmtt_Geography},glossary,no,no
first world,sumofus-progressive-styleguide-2016,1452,"“Like many things, ‘first world problems’ has a different",keyword,no,no
five pillars,cair-journalists-guide-2021-08,398,second of their five pillars of faith.,keyword,no,no
five pillars,religion-stylebook-2026-06,547,## Five Pillars,glossary,no,no
fixer,diversity-style-guide-2023-11,1371,- [fixer](https://www.diversitystyleguide.com/glossary/fixer/){.glossaryLink .cmtt_Geography},glossary,no,no
flip,diversity-style-guide-2023-11,1376,- [flip](https://www.diversitystyleguide.com/glossary/flip/){.glossaryLink .cmtt_Pacific .Islander .cmtt_Race},glossary,no,no
flip,seiu-stylebook-2020-01,566,flip chart,keyword,no,no
fortune cookie,diversity-style-guide-2023-11,1381,- [fortune cookie](https://www.diversitystyleguide.com/glossary/fortune-cookie/){.glossaryLink .cmtt_Asian .American .cm,glossary,no,no
forward stance,movement-strategy-center-glossary-2024,182,#### Forward Stance,glossary,no,no
freak,nabj-style-guide-2022-10,891,"| | | | [Freaknic, Freaknik:]{style=""font-weight: bold;""} Annual spring break gathering of thousands of black college st",keyword,no,no
freak,ncdj-disability-style-guide-2021,799,### [Freak/freak show]{.highlight-gold},glossary,yes,no
freak show,ncdj-disability-style-guide-2021,799,### [Freak/freak show]{.highlight-gold},glossary,yes,no
frontline communities,movement-strategy-center-glossary-2024,186,#### Frontline Communities,glossary,no,no
fu manchu,diversity-style-guide-2023-11,1391,- [Fu Manchu](https://www.diversitystyleguide.com/glossary/fu-manchu/){.glossaryLink .cmtt_Asian .American .cmtt_Race},glossary,no,no
functional needs,diversity-style-guide-2023-11,3531,- [special/special needs/functional needs](https://www.diversitystyleguide.com/glossary/specialspecial-needsfunctional-n,glossary,no,no
functional needs,ncdj-disability-style-guide-2021,1387,### [Special/special needs/functional needs]{.highlight-gold},glossary,yes,no
fundamentalism,diversity-style-guide-2023-11,1396,"- [fundamentalism, fundamentalist](https://www.diversitystyleguide.com/glossary/fundamentalism-fundamentalist/){.glossar",glossary,no,no
fundamentalist,diversity-style-guide-2023-11,1396,"- [fundamentalism, fundamentalist](https://www.diversitystyleguide.com/glossary/fundamentalism-fundamentalist/){.glossar",glossary,no,no
gay,apa-inclusive-language-2023-10,1553,"gender nonconforming), sexual orientation (e.g., gay, lesbian, bisexual), and socioeconomic status (e.g., poor, working",keyword,no,no
gay,color-of-change-black-survivors-styleguide-2022,226,"Woman” (Gay City News, February 2021)",keyword,no,no
gay,dcfpi-inclusive-language-2017-12,64,"themselves. For instance, referring to someone as “queer” instead of as “gay,” if that is how the have",keyword,no,no
gay,diversity-style-guide-2023-11,1401,- [gay](https://www.diversitystyleguide.com/glossary/gay/){.glossaryLink .cmtt_LGBTQ},glossary,no,no
gay,hrc-glossary-2023-05,62,"**Gay \|** A person who is emotionally, romantically or sexually attracted to members of the same gender. Men, women and",glossary,no,no
gay,nabj-style-guide-2022-10,695,"| | | [down low, DL:]{style=""font-weight: bold;""} Slang for men who have sex with other men but do not classify themselv",keyword,no,no
gay,nlgja-stylebook-lgbtq-2025-06,261,**gay\**,glossary,no,no
gay,opportunity-agenda-social-justice-phrase-guide-2015,25,Whites; LGBTQ people vs. gays and lesbians; young people,keyword,no,no
gay,racial-equity-tools-glossary-2023,2623,"An acronym that collectively refers to individuals who are lesbian, gay, bisexual, transgender, or queer, sometimes stat",keyword,no,no
gay,seiu-stylebook-2020-01,602,gay people [not homosexual (adj.) or homosexual(s) (n.)].,keyword,no,no
gay,sierra-club-equity-language-guide-2021,661,"people who identify as gay, transgender, bi, intersex, or",keyword,no,no
gay,sumofus-progressive-styleguide-2016,1222,"LGBQQTIA2-S (lesbian, gay, bisexual, queer, questioning,",keyword,no,no
gay agenda,nlgja-stylebook-lgbtq-2025-06,264,**gay agenda\**,glossary,no,no
gay bar,nlgja-stylebook-lgbtq-2025-06,267,**gay bar\**,glossary,no,no
geezer,diversity-style-guide-2023-11,1406,- [geezer](https://www.diversitystyleguide.com/glossary/geezer/){.glossaryLink .cmtt_Age/generations},glossary,no,no
geezer,sumofus-progressive-styleguide-2016,313,yy geezer,keyword,no,no
gender,apa-inclusive-language-2023-10,32,"gender-inclusive pregnancy-related language, neurodiversity, religious discrimination, and",keyword,no,no
gender,cair-journalists-guide-2021-08,422,"hand is stretched out to a member of the opposite gender, many Muslims out of courtesy will go along",keyword,no,no
gender,casey-editorial-guide-2013-04,890,"Labajo, J. (2003). Body and voice: The construction of gender in flamenco. In T. Magrini (Ed.), Music",keyword,no,no
gender,color-of-change-antiracist-protest-reporting-2020,264,gender identity. Has beliefs or practices that attack,keyword,no,no
gender,color-of-change-black-survivors-styleguide-2022,86,"gender-based violence. Words hold weight, and irresponsible",keyword,no,no
gender,dcfpi-inclusive-language-2017-12,29,Gender/ Sex ............................................................................................................,keyword,no,no
gender,define-american-media-reference-2024-01,1287,"disasters, gender inequality, political corruption, and better lives for",keyword,no,no
gender,gcjt-style-guide-trauma-2021,266,disability and gender,keyword,no,no
gender,idp-journalist-style-guide-2020,622,"policing, political education & proBlack gender justice organizing",keyword,no,no
gender,interact-intersex-media-guide-2017,159,gender in a set way. Don’t make,keyword,no,no
gender,movement-strategy-center-glossary-2024,616,#### Gender/Sex,glossary,yes,no
gender,racial-equity-tools-glossary-2023,369,"1. Someone who makes the commitment and effort to recognize their privilege (based on gender, class, race, sexual identi",keyword,no,no
gender,seiu-stylebook-2020-01,1927,"race-, class-, gender-, age- isms and homophobia in organizational life.",keyword,no,no
gender,sierra-club-equity-language-guide-2021,36,GENDER AND SEXUALITY . .................................................................................................,keyword,no,no
gender,sumofus-progressive-styleguide-2016,77,Gender/Sex,keyword,no,no
gender,wordsaboutwar-full-2025,700,"Air Force = airmen (airwomen, unofficial, is used by some); gender neutral = Air Force personnel",keyword,no,no
gender affirming care,diversity-style-guide-2023-11,1481,- [gender-affirming care/transition-related medical care ](https://www.diversitystyleguide.com/glossary/gender-affirming,glossary,no,no
gender affirming care,nlgja-stylebook-lgbtq-2025-06,457,**gender-affirming care\**,glossary,no,no
gender affirming care,tja-stylebook-2026-01,1126,"### [gender-affirming care](#def-gender-affirming-care){.header-anchor} {#def-gender-affirming-care updated=""2025-04-22""",glossary,no,no
gender assigned at birth,diversity-style-guide-2023-11,1411,"- [gender assigned at birth (GAAB), MAAB, FAAB](https://www.diversitystyleguide.com/glossary/gender-assigned-at-birth-ga",glossary,no,no
gender based,apa-inclusive-language-2023-10,1966,"at birth, presumed gender based on sex assignment, or primary or secondary sex characteristics (APA, 2015a). Gender",keyword,no,no
gender based,color-of-change-black-survivors-styleguide-2022,86,"gender-based violence. Words hold weight, and irresponsible",keyword,no,no
gender based,gcjt-style-guide-trauma-2021,637,[**Gender-based violence: **Gender-based violence is an umbrella term,keyword,no,no
gender based,sumofus-progressive-styleguide-2016,2669,• Strengthening Health System Responses to Gender-based,keyword,no,no
gender based,tja-stylebook-2026-01,1106,"### [discrimination, gender-based (n.)](#def-gender-discrimination){.header-anchor} {#def-gender-discrimination updated=",glossary,no,no
gender bender,diversity-style-guide-2023-11,1486,"- [gender-bender, gender-bending](https://www.diversitystyleguide.com/glossary/gender-bender-gender-bending/){.glossaryL",glossary,no,no
gender bender,sumofus-progressive-styleguide-2016,1350,yy gender-bender 139,keyword,no,no
gender bending,diversity-style-guide-2023-11,1486,"- [gender-bender, gender-bending](https://www.diversitystyleguide.com/glossary/gender-bender-gender-bending/){.glossaryL",glossary,no,no
gender binary,apa-inclusive-language-2023-10,1928,language should reflect and respect gender diversity. It is important to note that holding beliefs in the gender binary ,keyword,no,no
gender binary,dcfpi-inclusive-language-2017-12,402,gender binary.,keyword,no,no
gender binary,diversity-style-guide-2023-11,1416,- [gender binary](https://www.diversitystyleguide.com/glossary/gender-binary/){.glossaryLink .cmtt_LGBTQ},glossary,no,no
gender binary,hrc-glossary-2023-05,66,**Gender binary \|** A system in which gender is constructed into two strict categories of male or female. Gender identi,glossary,no,no
gender binary,movement-strategy-center-glossary-2024,189,#### Gender-binary,glossary,no,no
gender binary,racial-equity-tools-glossary-2023,863,"A discriminatory system that oppresses and marginalizes people whose gender identity and/or gender expression (e.g., tra",keyword,no,no
gender binary,sierra-club-equity-language-guide-2021,707,encompassed by the gender binary.,keyword,no,no
gender binary,tja-stylebook-2026-01,1134,"### [gender binary (n.)](#def-gender-binary){.header-anchor} {#def-gender-binary updated=""2023-08-25"" tabindex=""-1""}",glossary,no,no
gender critical feminist,tja-stylebook-2026-01,503,"### [TERF, trans-exclusionary radical feminist, gender-critical feminist](#gender-critical){.header-anchor} {#gender-cri",glossary,no,no
gender diverse,apa-inclusive-language-2023-10,2005,"genderqueer, gender-fluid, gender nonconforming, gender diverse, or gender expansive” (PFLAG, 2022,",keyword,no,no
gender diverse,racial-equity-tools-glossary-2023,3057,Refers to people who do not subscribe to the gender binary. They might exist between or beyond the man-woman binary. Som,keyword,no,no
gender diverse,sumofus-progressive-styleguide-2016,1118,new gender category. ‘Gender diverse’ will join ‘male’,keyword,no,no
gender diverse,tja-stylebook-2026-01,1138,"### [gender-diverse, gender-expansive (adj.)](#def-gender-expansive){.header-anchor} {#def-gender-expansive updated=""202",glossary,no,no
gender dysphoria,diversity-style-guide-2023-11,1421,- [gender dysphoria](https://www.diversitystyleguide.com/glossary/gender-dysphoria/){.glossaryLink .cmtt_LGBTQ},glossary,no,no
gender dysphoria,hrc-glossary-2023-05,68,**Gender dysphoria \|** Clinically significant distress caused when a person\'s assigned birth gender is not the same as,glossary,no,no
gender dysphoria,tja-stylebook-2026-01,1142,"### [gender dysphoria, gender euphoria, social dysphoria, social euphoria (n.)](#def-euphoria-dysphoria){.header-anchor}",glossary,no,no
gender euphoria,tja-stylebook-2026-01,1142,"### [gender dysphoria, gender euphoria, social dysphoria, social euphoria (n.)](#def-euphoria-dysphoria){.header-anchor}",glossary,no,no
gender expansive,apa-inclusive-language-2023-10,1895,"“Prejudice, stereotyping, or discrimination on the basis of sex, specifically toward transgender and gender-expansive",keyword,no,no
gender expansive,diversity-style-guide-2023-11,1426,- [gender expansive](https://www.diversitystyleguide.com/glossary/gender-expansive/){.glossaryLink .cmtt_LGBTQ},glossary,no,no
gender expansive,hrc-glossary-2023-05,70,"**Gender-expansive \|** A person with a wider, more flexible range of gender identity and/or expression than typically a",glossary,no,no
gender expansive,racial-equity-tools-glossary-2023,3057,Refers to people who do not subscribe to the gender binary. They might exist between or beyond the man-woman binary. Som,keyword,no,no
gender expansive,tja-stylebook-2026-01,1138,"### [gender-diverse, gender-expansive (adj.)](#def-gender-expansive){.header-anchor} {#def-gender-expansive updated=""202",glossary,no,no
gender expression,apa-inclusive-language-2023-10,1970,"orientation). Gender identity is also distinct from gender expression, which refers to one’s outward appearance, includi",keyword,no,no
gender expression,diversity-style-guide-2023-11,1431,- [gender expression](https://www.diversitystyleguide.com/glossary/gender-expression/){.glossaryLink .cmtt_LGBTQ},glossary,no,no
gender expression,hrc-glossary-2023-05,78,"**Gender expression \|** External appearance of one\'s gender identity, usually expressed through behavior, clothing, bo",glossary,no,no
gender expression,nlgja-stylebook-lgbtq-2025-06,480,**gender expression\**,glossary,no,no
gender expression,racial-equity-tools-glossary-2023,863,"A discriminatory system that oppresses and marginalizes people whose gender identity and/or gender expression (e.g., tra",keyword,no,no
gender fluid,apa-inclusive-language-2023-10,1952,gender-fluid,keyword,no,no
gender fluid,hrc-glossary-2023-05,80,**Gender-fluid \|** A person who does not identify with a single fixed gender or has a fluid or unfixed gender identity.,glossary,no,no
gender fluidity,diversity-style-guide-2023-11,1436,- [gender fluidity](https://www.diversitystyleguide.com/glossary/gender-fluidity/){.glossaryLink .cmtt_LGBTQ},glossary,no,no
gender identity,apa-inclusive-language-2023-10,353,"The unjust and differential treatment of members of different identities (such as age, gender, gender identity and expre",keyword,no,no
gender identity,color-of-change-antiracist-protest-reporting-2020,264,gender identity. Has beliefs or practices that attack,keyword,no,no
gender identity,dcfpi-inclusive-language-2017-12,429,Gender Identity Disorder,keyword,no,no
gender identity,diversity-style-guide-2023-11,1441,- [gender identity](https://www.diversitystyleguide.com/glossary/gender-identity/){.glossaryLink .cmtt_LGBTQ .cmtt_Trans,glossary,no,no
gender identity,gcjt-style-guide-trauma-2021,640,individual based on their biological sex or gender identity. It includes,keyword,no,no
gender identity,interact-intersex-media-guide-2017,221,gender identity.,keyword,no,no
gender identity,racial-equity-tools-glossary-2023,826,A term (pronounced *sis-gender*) used to refer to an individual whose gender identity aligns with the sex assigned to th,keyword,yes,no
gender identity,sumofus-progressive-styleguide-2016,1119,and ‘female’ categories in a new gender-identity,keyword,no,no
gender identity disorder,dcfpi-inclusive-language-2017-12,429,Gender Identity Disorder,keyword,no,no
gender identity disorder,diversity-style-guide-2023-11,1446,- [Gender Identity Disorder](https://www.diversitystyleguide.com/glossary/gender-identity-disorder/){.glossaryLink .cmtt,glossary,no,no
gender identity disorder,tja-stylebook-2026-01,1154,"### [gender identity disorder (n.)](#def-gid){.header-anchor} {#def-gid updated=""2025-04-18"" tabindex=""-1""}",glossary,yes,no
gender ideology,nlgja-stylebook-lgbtq-2025-06,486,"**""gender ideology""\**",glossary,yes,no
gender ideology,tja-stylebook-2026-01,445,"### [gender ideology](#gender-ideology){.header-anchor} {#gender-ideology updated=""2023-11-14"" tabindex=""-1""}",glossary,no,no
gender neutral,apa-inclusive-language-2023-10,2035,may be perceived as dehumanizing and othering. An entirely gender-neutral approach to pregnancy-related terminology,keyword,no,no
gender neutral,dcfpi-inclusive-language-2017-12,408,• Consider using gender neutral terms when they are available and when their use does not alter the,keyword,no,no
gender neutral,sierra-club-equity-language-guide-2021,705,gender neutral pronouns are a legitimate and vital,keyword,no,no
gender neutral,sumofus-progressive-styleguide-2016,1183,• If a gender-neutral term is available and does not change the,keyword,yes,no
gender neutral,tja-stylebook-2026-01,1158,"### [gender-neutral (bathrooms, facilities) (adj.)](#def-gender-neutral-bathrooms){.header-anchor} {#def-gender-neutral-",glossary,no,no
gender neutral,wordsaboutwar-full-2025,700,"Air Force = airmen (airwomen, unofficial, is used by some); gender neutral = Air Force personnel",keyword,no,no
gender neutral pronouns,diversity-style-guide-2023-11,1491,- [gender-neutral pronouns](https://www.diversitystyleguide.com/glossary/gender-neutral-pronouns/){.glossaryLink .cmtt_L,glossary,no,no
gender neutral pronouns,sierra-club-equity-language-guide-2021,705,gender neutral pronouns are a legitimate and vital,keyword,no,no
gender neutral pronouns,sumofus-progressive-styleguide-2016,3262,113 http://thegavoice.com/gender-neutral-pronouns-on-the-rise/,keyword,no,no
gender neutral pronouns,tja-stylebook-2026-01,326,"### [gender-neutral pronouns](#gender-neutral-pronouns){.header-anchor} {#gender-neutral-pronouns updated=""2023-08-25"" t",glossary,no,no
gender neutral terms in health coverage,tja-stylebook-2026-01,850,"### [gender-neutral terms in health coverage](#neutral-health-terms){.header-anchor} {#neutral-health-terms updated=""202",glossary,yes,no
gender non conforming,movement-strategy-center-glossary-2024,192,#### Gender Non-Conforming (LGBTQIA+),glossary,no,no
gender nonbinary,apa-inclusive-language-2023-10,2158,trans and gender nonbinary folks or folx,keyword,no,no
gender nonbinary,tja-stylebook-2026-01,449,"### [gender nonbinary](#gender-nonbinary){.header-anchor} {#gender-nonbinary updated=""2023-08-25"" tabindex=""-1""}",glossary,no,no
gender nonconforming,apa-inclusive-language-2023-10,1553,"gender nonconforming), sexual orientation (e.g., gay, lesbian, bisexual), and socioeconomic status (e.g., poor, working",keyword,no,no
gender nonconforming,diversity-style-guide-2023-11,1451,- [gender nonconforming](https://www.diversitystyleguide.com/glossary/gender-nonconforming/){.glossaryLink .cmtt_LGBTQ .,glossary,no,no
gender nonconforming,racial-equity-tools-glossary-2023,3057,Refers to people who do not subscribe to the gender binary. They might exist between or beyond the man-woman binary. Som,keyword,no,no
gender nonconforming,sierra-club-equity-language-guide-2021,642,gender-nonconforming people are at a greater risk,keyword,no,no
gender nonconforming,tja-stylebook-2026-01,1164,"### [gender-nonconforming (adj.)](#def-gender-nonconforming){.header-anchor} {#def-gender-nonconforming updated=""2023-08",glossary,no,no
gender normative,diversity-style-guide-2023-11,1456,- [gender normative](https://www.diversitystyleguide.com/glossary/gender-normative/){.glossaryLink .cmtt_LGBTQ},glossary,no,no
gender role,apa-inclusive-language-2023-10,2011,An umbrella term used to describe “the full range of people whose gender identity and/or gender role do not,keyword,no,no
gender role,diversity-style-guide-2023-11,1461,- [gender role](https://www.diversitystyleguide.com/glossary/gender-role/){.glossaryLink .cmtt_LGBTQ},glossary,no,no
gender spectrum,diversity-style-guide-2023-11,1466,- [gender spectrum](https://www.diversitystyleguide.com/glossary/gender-spectrum/){.glossaryLink .cmtt_LGBTQ .cmtt_Trans,glossary,no,no
gender transition,diversity-style-guide-2023-11,1471,- [gender transition](https://www.diversitystyleguide.com/glossary/gender-transition/){.glossaryLink .cmtt_LGBTQ .cmtt_T,glossary,no,no
gender transition,nlgja-stylebook-lgbtq-2025-06,495,"**gender transition, transition\**",glossary,yes,no
gender variant,diversity-style-guide-2023-11,1476,- [gender variant](https://www.diversitystyleguide.com/glossary/gender-variant/){.glossaryLink .cmtt_LGBTQ .cmtt_Transge,glossary,no,no
gender variant,nlgja-stylebook-lgbtq-2025-06,498,**gender variant\**,glossary,no,no
gender variant,racial-equity-tools-glossary-2023,4547,"Often shortened to trans, from the Latin prefix for ""on a different side as."" A term describing a person's gender identi",keyword,no,no
genderfluid,apa-inclusive-language-2023-10,1954,"2022, Genderfluid definition).",keyword,no,no
genderfluid,racial-equity-tools-glossary-2023,1773,"[[[[Genderfluid]{.wixui-rich-text__text style=""letter-spacing:0.03em;""}]{.wixui-rich-text__text style=""font-size:22px;""}",keyword,no,no
genderfluid,sumofus-progressive-styleguide-2016,3267,118 http://nonbinary.org/wiki/Genderfluid,keyword,no,no
genderfluid,tja-stylebook-2026-01,1150,"### [genderfluid (adj.)](#def-genderfluid){.header-anchor} {#def-genderfluid updated=""2023-08-25"" tabindex=""-1""}",glossary,no,no
genderqueer,apa-inclusive-language-2023-10,2005,"genderqueer, gender-fluid, gender nonconforming, gender diverse, or gender expansive” (PFLAG, 2022,",keyword,no,no
genderqueer,dcfpi-inclusive-language-2017-12,454,"Genderqueer, -less, -fluid",keyword,no,no
genderqueer,diversity-style-guide-2023-11,1496,- [genderqueer](https://www.diversitystyleguide.com/glossary/genderqueer/){.glossaryLink .cmtt_LGBTQ},glossary,no,no
genderqueer,hrc-glossary-2023-05,64,**Genderqueer \|** Genderqueer people typically reject notions of static categories of gender and embrace a fluidity of ,glossary,no,no
genderqueer,racial-equity-tools-glossary-2023,3057,Refers to people who do not subscribe to the gender binary. They might exist between or beyond the man-woman binary. Som,keyword,no,no
genderqueer,sumofus-progressive-styleguide-2016,3297,120 http://nonbinary.org/wiki/Genderqueer,keyword,no,no
genderqueer,tja-stylebook-2026-01,1168,"### [genderqueer (adj.)](#def-genderqueer){.header-anchor} {#def-genderqueer updated=""2023-08-25"" tabindex=""-1""}",glossary,no,no
general guidance,tja-stylebook-2026-01,630,"### [general guidance](#anti-trans-policies){.header-anchor} {#anti-trans-policies updated=""2025-04-22"" tabindex=""-1""}",glossary,no,no
generational trauma,movement-strategy-center-glossary-2024,196,#### Generational Trauma,glossary,no,no
genetic defect,ncdj-disability-style-guide-2021,813,### [Genetic defect/genetic disorder]{.highlight-gold},glossary,yes,no
genetic disorder,ncdj-disability-style-guide-2021,813,### [Genetic defect/genetic disorder]{.highlight-gold},glossary,yes,no
genocide,comm-unity-style-guide-2021,114,People with past records include survivors of violence and people who have fled war and genocide.,keyword,no,no
genocide,diversity-style-guide-2023-11,1501,- [genocide](https://www.diversitystyleguide.com/glossary/genocide/){.glossaryLink .cmtt_Race},glossary,no,no
genocide,gcjt-style-guide-trauma-2021,545,"mass disasters, civil wars, genocides and slavery. The Covid-19 pandemic",keyword,no,no
genocide,idp-journalist-style-guide-2020,92,genocide. They include people who have been subjected to racial profiling and people who,keyword,no,no
genocide,racial-equity-tools-glossary-2023,543,"Antisemitism and Islamophobia are not only entangled, but deeply rooted in the same systems of white supremacy and Chris",keyword,no,no
genocide,sierra-club-equity-language-guide-2021,1496,"genocide of Native peoples. Since 2018, the Sierra Club",keyword,no,no
gentile,diversity-style-guide-2023-11,1506,- [gentile](https://www.diversitystyleguide.com/glossary/gentile/){.glossaryLink .cmtt_Religion},glossary,no,no
gentile,religion-stylebook-2026-06,101,## gentile,glossary,no,no
geriatrics,apa-inclusive-language-2023-10,2955,Geriatrics Society adopts modified American Medical Association Style.,keyword,no,no
geriatrics,diversity-style-guide-2023-11,1511,- [gerontology/geriatrics](https://www.diversitystyleguide.com/glossary/gerontologygeriatrics/){.glossaryLink .cmtt_Age/,glossary,no,no
gerontology,diversity-style-guide-2023-11,1511,- [gerontology/geriatrics](https://www.diversitystyleguide.com/glossary/gerontologygeriatrics/){.glossaryLink .cmtt_Age/,glossary,no,no
ghetto,apa-inclusive-language-2023-10,2290,ghetto/the ghetto,keyword,no,no
ghetto,color-of-change-black-families-narrative-2020,94,32 “Ghetto”,keyword,no,no
ghetto,diversity-style-guide-2023-11,1516,"- [ghetto](https://www.diversitystyleguide.com/glossary/ghetto-inner-city/){.glossaryLink .cmtt_African .American, .Blac",glossary,no,no
ghetto,gcjt-style-guide-trauma-2021,1529,[**Ghetto:** A ghetto is a geographic area inhabited by members of a,keyword,no,no
ghetto,nabj-style-guide-2022-10,897,"| | | | [ghetto, inner city:]{style=""font-weight: bold;""} Terms used as synonyms for sections of cities inhabited by poo",keyword,yes,no
ghetto,sumofus-progressive-styleguide-2016,1775,yy ghetto (historical and current,keyword,no,no
gifted,ncdj-disability-style-guide-2021,828,### [Gifted/twice exceptional]{.highlight-gold},glossary,yes,no
glaad,color-of-change-black-survivors-styleguide-2022,1040,"Refinery29 in collaboration with GLAAD, is a",keyword,no,no
glaad,dcfpi-inclusive-language-2017-12,743,"GLAAD, Glossary of Terms- Transgender",keyword,no,no
glaad,nlgja-stylebook-lgbtq-2025-06,270,**GLAAD\**,glossary,no,no
glaad,sumofus-progressive-styleguide-2016,1077,"• GLAAD Media Reference Guide – Transgender Issues107, 2016.",keyword,no,no
glad law,nlgja-stylebook-lgbtq-2025-06,273,**GLAD Law\**,glossary,no,no
god,cair-journalists-guide-2021-08,58,"Islam, an Arabic word that means submission to God’s will, originated in seventh century CE, Arabia.",keyword,no,no
god,diversity-style-guide-2023-11,1521,- [God](https://www.diversitystyleguide.com/glossary/god/){.glossaryLink .cmtt_Religion},glossary,no,no
god,gcjt-style-guide-trauma-2021,2222,PracticeLiving a Year of Kaddish: A MemoirThe Search for God at,keyword,no,no
god,nabj-style-guide-2022-10,1099,"| | | | [Islam:]{style=""font-weight: bold;""} Youngest of the world\'s three major monotheistic religions. Like Judaism a",keyword,no,no
god,religion-stylebook-2026-06,105,## God,glossary,yes,yes
golden rule,religion-stylebook-2026-06,109,## golden rule,glossary,no,no
good friday,diversity-style-guide-2023-11,1526,- [Good Friday](https://www.diversitystyleguide.com/glossary/good-friday/){.glossaryLink .cmtt_Christianity .cmtt_Religi,glossary,no,no
good name,diversity-style-guide-2023-11,1531,- [good name](https://www.diversitystyleguide.com/glossary/good-name/){.glossaryLink .cmtt_Indian .American .cmtt_Race},glossary,no,no
gospel,cair-journalists-guide-2021-08,105,to you (the Torah and Gospel); Our God and your God is one; and it is to Him we surrender.”,keyword,no,no
gospel,diversity-style-guide-2023-11,1536,"- [Gospel, gospel](https://www.diversitystyleguide.com/glossary/gospel-gospel/){.glossaryLink .cmtt_Christianity .cmtt_R",glossary,no,no
grand mufti,religion-stylebook-2026-06,555,## grand mufti,glossary,no,yes
grandfather clause,diversity-style-guide-2023-11,1541,"- [grandfather in, grandfather clause](https://www.diversitystyleguide.com/glossary/grandfather-in-grandfather-clause/){",glossary,no,no
grandfather clause,nabj-style-guide-2022-10,1317,"| | | | [Guinn vs. United States (1915)]{style=""font-weight: bold;""} - Supreme Court rules that the grandfather clause t",keyword,no,no
grandfather clause,sumofus-progressive-styleguide-2016,3442,228 http://www.npr.org/sections/codeswitch/2013/10/21/239081586/the-racial-history-ofthe-grandfather-clause,keyword,no,no
grandfather in,diversity-style-guide-2023-11,1541,"- [grandfather in, grandfather clause](https://www.diversitystyleguide.com/glossary/grandfather-in-grandfather-clause/){",glossary,no,no
gray,color-of-change-antiracist-protest-reporting-2020,141,Freddie Gray in 2015.,keyword,no,no
gray,define-american-media-reference-2024-01,673,"Susan Gray""",keyword,no,no
gray,gcjt-style-guide-trauma-2021,1417,"Maggie Kuhn, founder of the Gray Panthers, described ageism as a",keyword,no,no
gray,nlgja-stylebook-lgbtq-2025-06,216,"**demi-, gray-\**",glossary,no,no
gray,sumofus-progressive-styleguide-2016,1307,yy gray-A121,keyword,no,no
great migration,diversity-style-guide-2023-11,1546,"- [Great Migration, the](https://www.diversitystyleguide.com/glossary/great-migration-the/){.glossaryLink .cmtt_African ",glossary,no,no
great migration,nabj-style-guide-2022-10,903,"| | | | [Great Migration, The:]{style=""font-weight: bold;""} Mass movement by Southern blacks relocating to the North and",keyword,no,no
green card,comm-unity-style-guide-2021,99,"experiences. This includes people fleeing dangerous conditions, green card holders, visa holders, and",keyword,no,no
green card,define-american-media-reference-2024-01,591,"you must be either a U.S. citizen, green card",keyword,no,no
green card,diversity-style-guide-2023-11,1551,- [green card](https://www.diversitystyleguide.com/glossary/green-card-2/){.glossaryLink .cmtt_Immigration},glossary,no,no
green card,idp-journalist-style-guide-2020,75,"experiences. This includes people fleeing dangerous conditions, green card holders, visa holders,",keyword,no,no
groom,nlgja-stylebook-lgbtq-2025-06,189,"**bride, groom\**",glossary,no,no
groomer,nlgja-stylebook-lgbtq-2025-06,276,"**groomer, grooming\**",glossary,yes,no
groomer,tja-stylebook-2026-01,453,"### [groomer, grooming](#groomer){.header-anchor} {#groomer updated=""2023-08-25"" tabindex=""-1""}",glossary,no,no
grooming,color-of-change-black-survivors-styleguide-2022,835,Grooming,keyword,no,no
grooming,nlgja-stylebook-lgbtq-2025-06,276,"**groomer, grooming\**",glossary,yes,no
grooming,tja-stylebook-2026-01,453,"### [groomer, grooming](#groomer){.header-anchor} {#groomer updated=""2023-08-25"" tabindex=""-1""}",glossary,no,no
guide dog,diversity-style-guide-2023-11,3361,- [service animal/assistance animal/guide dog/Seeing Eye dog](https://www.diversitystyleguide.com/glossary/service-anima,glossary,no,no
guide dog,ncdj-disability-style-guide-2021,1364,### [Service animal/assistance animal/guide dog/Seeing Eye dog]{.highlight-gold},glossary,yes,no
gullah,diversity-style-guide-2023-11,1556,"- [Gullah](https://www.diversitystyleguide.com/glossary/gullah/){.glossaryLink .cmtt_African .American, .Black .cmtt_Rac",glossary,no,no
gullah,nabj-style-guide-2022-10,901,"| | | | [Gullah:]{style=""font-weight: bold;""} Creole blend of Elizabethan English and African languages, born of necessi",keyword,no,no
gurdwara,diversity-style-guide-2023-11,1561,- [gurdwara](https://www.diversitystyleguide.com/glossary/gurdwara/){.glossaryLink .cmtt_Religion},glossary,no,no
guru,diversity-style-guide-2023-11,1566,- [guru](https://www.diversitystyleguide.com/glossary/guru/){.glossaryLink .cmtt_Indian .American .cmtt_Race},glossary,no,no
gynephilic,diversity-style-guide-2023-11,356,"- [androphilic, gynephilic](https://www.diversitystyleguide.com/glossary/androphilic-gynephilic/){.glossaryLink .cmtt_LG",glossary,no,no
gypsy,apa-inclusive-language-2023-10,1837,and discrimination from society. Using the term “Gypsy” to refer to these communities is now considered outdated and,keyword,yes,no
gypsy,diversity-style-guide-2023-11,1571,- [Gypsy](https://www.diversitystyleguide.com/glossary/gypsy-gypsy-gipsy/){.glossaryLink .cmtt_Race},glossary,no,no
gypsy,opportunity-agenda-social-justice-phrase-guide-2015,75,from “gypsy” and perpetuates negative and unfair stereotypes.,keyword,no,no
hadith,cair-journalists-guide-2021-08,67,Narrations of the Prophet’s* life and his sayings are also compiled in books called Hadith. Since,keyword,no,no
hadith,diversity-style-guide-2023-11,1576,- [hadith](https://www.diversitystyleguide.com/glossary/hadith/){.glossaryLink .cmtt_Islam .cmtt_Religion},glossary,no,no
hadith,religion-stylebook-2026-06,559,## hadith,glossary,no,no
hair,18doors-interfaith-glossary-2023,47,"**DO:** Remember that you can’t tell if a couple or family is interfaith simply by looking at them. Likewise, you cannot",keyword,no,no
hair,apa-inclusive-language-2023-10,1781,"properties (e.g., skin color and hair texture associated with “race” in the United States). Racism is expressed at multi",keyword,yes,no
hair,diversity-style-guide-2023-11,1581,"- [hair, African American or Black](https://www.diversitystyleguide.com/glossary/hair/){.glossaryLink .cmtt_African .Ame",glossary,no,no
hair,gcjt-style-guide-trauma-2021,910,journalist\'s facial hair and smell reminds the survivor of the,keyword,no,no
hair,nabj-style-guide-2022-10,1074,"| | | [Hair:]{style=""font-weight: bold;""} When describing a persons hair in news stories, ask what style the hair is, do",keyword,no,no
hair,sumofus-progressive-styleguide-2016,193,"not unlike a tooth or a hair. Millennia later, adultism is",keyword,no,no
hajj,cair-journalists-guide-2021-08,91,"5. Pilgrimage - A pilgrimage to Mecca, or Hajj, is an obligation for those who are physically and",keyword,no,no
hajj,diversity-style-guide-2023-11,1586,- [hajj](https://www.diversitystyleguide.com/glossary/hajj/){.glossaryLink .cmtt_Islam .cmtt_Religion},glossary,no,no
hajj,religion-stylebook-2026-06,563,## hajj,glossary,no,no
halakhah,diversity-style-guide-2023-11,1591,- [halakhah](https://www.diversitystyleguide.com/glossary/halakhah/){.glossaryLink .cmtt_Judaism .cmtt_Religion},glossary,no,no
halakhah,religion-stylebook-2026-06,113,## halakhah,glossary,no,no
halal,cair-journalists-guide-2021-08,443,"Some Muslims interpret that it is halal (permissible, lawful) to eat the meat prepared by people of",keyword,no,no
halal,diversity-style-guide-2023-11,1596,- [halal](https://www.diversitystyleguide.com/glossary/halal/){.glossaryLink .cmtt_Islam .cmtt_Religion},glossary,no,no
halal,religion-stylebook-2026-06,567,## halal,glossary,no,no
hamas,religion-stylebook-2026-06,571,## Hamas,glossary,no,no
hamesh hand,diversity-style-guide-2023-11,1601,- [hamesh hand](https://www.diversitystyleguide.com/glossary/hamesh-hand/){.glossaryLink .cmtt_Judaism},glossary,no,no
hamsa,diversity-style-guide-2023-11,1606,- [hamsa](https://www.diversitystyleguide.com/glossary/hamsa/){.glossaryLink .cmtt_Race .cmtt_Religion},glossary,no,no
handicap,ncdj-disability-style-guide-2021,844,### [Handicap/handicapped/handicapable]{.highlight-gold},glossary,yes,no
handicap,seiu-stylebook-2020-01,2427,handicap,keyword,no,no
handicapable,ncdj-disability-style-guide-2021,844,### [Handicap/handicapped/handicapable]{.highlight-gold},glossary,yes,no
handicapped,apa-inclusive-language-2023-10,1094,handicapped,keyword,no,no
handicapped,dcfpi-inclusive-language-2017-12,270,Handicapped,keyword,no,no
handicapped,diversity-style-guide-2023-11,1611,- [handicapped](https://www.diversitystyleguide.com/glossary/handicapped/){.glossaryLink .cmtt_Disability},glossary,no,no
handicapped,gcjt-style-guide-trauma-2021,1476,"""handicapped"" or ""the disabled""",keyword,no,no
handicapped,ncdj-disability-style-guide-2021,844,### [Handicap/handicapped/handicapable]{.highlight-gold},glossary,yes,no
handicapped,seiu-stylebook-2020-01,5407,“handicapped,keyword,no,no
handicapped,sierra-club-equity-language-guide-2021,403,• The governor is “crippled” (or “handicapped”) by his,keyword,no,no
handicapped,sumofus-progressive-styleguide-2016,521,yy handicapped,keyword,no,no
hanukkah,diversity-style-guide-2023-11,1616,- [Hanukkah](https://www.diversitystyleguide.com/glossary/hanukkah/){.glossaryLink .cmtt_Judaism .cmtt_Religion},glossary,no,no
hanukkah,religion-stylebook-2026-06,117,## Hanukkah,glossary,no,no
hanukkah,sierra-club-equity-language-guide-2021,1472,"Holidays, but because Hanukkah falls near Christmas,",keyword,no,no
hapa,diversity-style-guide-2023-11,1621,- [Hapa](https://www.diversitystyleguide.com/glossary/hapa/){.glossaryLink .cmtt_Asian .American .cmtt_Race},glossary,no,no
haraam,diversity-style-guide-2023-11,1626,- [haraam](https://www.diversitystyleguide.com/glossary/haraam/){.glossaryLink .cmtt_Islam .cmtt_Religion},glossary,no,no
haraam,religion-stylebook-2026-06,575,## haraam,glossary,no,no
haram,diversity-style-guide-2023-11,1631,- [haram](https://www.diversitystyleguide.com/glossary/haram/){.glossaryLink .cmtt_Islam .cmtt_Religion},glossary,no,no
haram,religion-stylebook-2026-06,579,## haram,glossary,no,no
hard of hearing,apa-inclusive-language-2023-10,1128,Description of Deaf or hard-of-hearing people,keyword,no,no
hard of hearing,diversity-style-guide-2023-11,1636,- [hard of hearing](https://www.diversitystyleguide.com/glossary/hard-of-hearing/){.glossaryLink .cmtt_Disability},glossary,no,no
hard of hearing,ncdj-disability-style-guide-2021,855,### [Hard of hearing]{.highlight-gold},glossary,no,no
hard of hearing,sumofus-progressive-styleguide-2016,468,yy hard of hearing,keyword,no,no
haredi,diversity-style-guide-2023-11,1641,"- [Haredi, Haredim](https://www.diversitystyleguide.com/glossary/haredi-haredim/){.glossaryLink .cmtt_Judaism .cmtt_Reli",glossary,no,no
haredi,religion-stylebook-2026-06,121,## Haredi,glossary,no,no
haredim,diversity-style-guide-2023-11,1641,"- [Haredi, Haredim](https://www.diversitystyleguide.com/glossary/haredi-haredim/){.glossaryLink .cmtt_Judaism .cmtt_Reli",glossary,no,no
harelip,ncdj-disability-style-guide-2021,443,### [Cleft palate or lip/harelip]{.highlight-gold},glossary,yes,no
hashem,diversity-style-guide-2023-11,1646,- [HaShem](https://www.diversitystyleguide.com/glossary/hashem/){.glossaryLink .cmtt_Judaism .cmtt_Religion},glossary,no,no
hashem,religion-stylebook-2026-06,129,## HaShem,glossary,no,no
hasidism,diversity-style-guide-2023-11,1651,- [Hasidism](https://www.diversitystyleguide.com/glossary/hasidism/){.glossaryLink .cmtt_Judaism .cmtt_Religion},glossary,no,no
hasidism,religion-stylebook-2026-06,133,## Hasidism,glossary,no,no
hate crime,diversity-style-guide-2023-11,1656,- [hate crime](https://www.diversitystyleguide.com/glossary/hate-crime/){.glossaryLink .cmtt_LGBTQ .cmtt_Race .cmtt_Tran,glossary,no,no
hate crime,racial-equity-tools-glossary-2023,1847,"[[[[Hate Crime]{.wixui-rich-text__text style=""letter-spacing:0.03em;""}]{.wixui-rich-text__text style=""font-size:22px;""}]",keyword,no,no
hawaiian,apa-inclusive-language-2023-10,427,"Indigenous populations, including Native Americans, Alaska Natives, and Native Hawaiians (Administration for Children",keyword,no,no
hawaiian,diversity-style-guide-2023-11,1661,- [Hawaiian](https://www.diversitystyleguide.com/glossary/hawaiian/){.glossaryLink .cmtt_Native .Hawaiian .cmtt_Race},glossary,no,no
hawaiian,sierra-club-equity-language-guide-2021,1291,"identify as Native American, Hawaiian Native,",keyword,no,no
hbcus,diversity-style-guide-2023-11,1666,"- [HBCUs](https://www.diversitystyleguide.com/glossary/hbcus/){.glossaryLink .cmtt_African .American, .Black .cmtt_Race}",glossary,no,no
hbcus,nabj-style-guide-2022-10,1095,"| | | | [HBCUs:]{style=""font-weight: bold;""} Acronym for historically black colleges and universities. There are 105 ins",keyword,no,no
hearing impaired,apa-inclusive-language-2023-10,1134,hearing-impaired person,keyword,no,no
hearing impaired,diversity-style-guide-2023-11,1671,- [hearing impaired/hearing impairment](https://www.diversitystyleguide.com/glossary/hearing-impairedhearing-impairment/,glossary,no,no
hearing impaired,ncdj-disability-style-guide-2021,870,### [Hearing impaired/hearing impairment]{.highlight-gold},glossary,yes,no
hearing impaired,sumofus-progressive-styleguide-2016,522,yy hearing-impaired,keyword,no,no
hearing impairment,diversity-style-guide-2023-11,1671,- [hearing impaired/hearing impairment](https://www.diversitystyleguide.com/glossary/hearing-impairedhearing-impairment/,glossary,no,no
hearing impairment,ncdj-disability-style-guide-2021,870,### [Hearing impaired/hearing impairment]{.highlight-gold},glossary,yes,no
hearing loss,apa-inclusive-language-2023-10,1159,person with hearing loss,keyword,no,no
hearing loss,diversity-style-guide-2023-11,76,- [(partial) hearing loss/partially deaf](https://www.diversitystyleguide.com/glossary/partial-hearing-losspartially-dea,glossary,no,no
hearing loss,sumofus-progressive-styleguide-2016,479,"yy partial hearing loss,",keyword,no,no
hebrew,18doors-interfaith-glossary-2023,53,"_“Shiksa” comes from a biblical Hebrew root “sheekootz” which means an abomination. Although “Goy” simply means nation, ",keyword,yes,no
hebrew,apa-inclusive-language-2023-10,2323,"political world order. The term cabal originates from the word ‘kabbalah,’ the Jewish mystical interpretation of the Heb",keyword,no,no
hebrew,cair-journalists-guide-2021-08,102,and in peace with oneself and others. Muslims are also commanded to respect the original Hebrew,keyword,no,no
hebrew,religion-stylebook-2026-06,137,## Hebrew,glossary,yes,no
hebrew,sierra-club-equity-language-guide-2021,1486,especially as the Islamic calendar and Hebrew,keyword,no,no
henna,diversity-style-guide-2023-11,1676,- [henna](https://www.diversitystyleguide.com/glossary/henna/){.glossaryLink .cmtt_Indian .American .cmtt_Race},glossary,no,no
hermaphrodite,apa-inclusive-language-2023-10,2140,hermaphrodite,keyword,no,no
hermaphrodite,dcfpi-inclusive-language-2017-12,431,Hermaphrodite Lifestyle,keyword,no,no
hermaphrodite,diversity-style-guide-2023-11,1681,- [hermaphrodite](https://www.diversitystyleguide.com/glossary/hermaphrodite/){.glossaryLink .cmtt_LGBTQ},glossary,no,no
hermaphrodite,interact-intersex-media-guide-2017,85,“Hermaphrodite”,keyword,yes,no
hermaphrodite,nlgja-stylebook-lgbtq-2025-06,279,**hermaphrodite\**,glossary,yes,no
hermaphrodite,sumofus-progressive-styleguide-2016,1352,yy hermaphrodite,keyword,no,no
heternormativity,diversity-style-guide-2023-11,1686,"- [heteronormative, heternormativity](https://www.diversitystyleguide.com/glossary/heteronormative-heternormativity/){.g",glossary,no,no
heteronormative,diversity-style-guide-2023-11,1686,"- [heteronormative, heternormativity](https://www.diversitystyleguide.com/glossary/heteronormative-heternormativity/){.g",glossary,no,no
heterosexism,apa-inclusive-language-2023-10,2053,heterosexism,keyword,no,no
heterosexism,diversity-style-guide-2023-11,1691,- [heterosexism](https://www.diversitystyleguide.com/glossary/heterosexism/){.glossaryLink .cmtt_LGBTQ},glossary,no,no
heterosexism,nlgja-stylebook-lgbtq-2025-06,282,**heterosexism\**,glossary,no,no
heterosexism,racial-equity-tools-glossary-2023,1964,"[[[[Heterosexism]{.wixui-rich-text__text style=""letter-spacing:0.03em;""}]{.wixui-rich-text__text style=""font-size:22px;""",keyword,no,no
heterosexual,apa-inclusive-language-2023-10,1969,"identity and a gay sexual orientation, a heterosexual cisgender woman has a feminine gender identity and a heterosexual",keyword,no,no
heterosexual,diversity-style-guide-2023-11,1696,- [heterosexual](https://www.diversitystyleguide.com/glossary/heterosexual/){.glossaryLink .cmtt_LGBTQ},glossary,no,no
heterosexual,racial-equity-tools-glossary-2023,826,A term (pronounced *sis-gender*) used to refer to an individual whose gender identity aligns with the sex assigned to th,keyword,yes,no
heterosexual,sierra-club-equity-language-guide-2021,129,heterosexual person with economic privilege. When we,keyword,no,no
heterosexual,sumofus-progressive-styleguide-2016,1220,"• Do not assume heterosexual orientation. Where appropriate,",keyword,no,no
hezbollah,gcjt-style-guide-trauma-2021,4693,"2005 and ending with the Israeli-Hezbollah war in the summer of 2006,",keyword,no,no
hezbollah,religion-stylebook-2026-06,583,## Hezbollah,glossary,no,no
high functioning,ncdj-disability-style-guide-2021,882,### [High functioning/low functioning]{.highlight-gold},glossary,yes,no
high holy days,diversity-style-guide-2023-11,1701,- [High Holy Days](https://www.diversitystyleguide.com/glossary/high-holy-days/){.glossaryLink .cmtt_Judaism .cmtt_Relig,glossary,no,no
high holy days,religion-stylebook-2026-06,141,## High Holy Days,glossary,no,no
hijab,cair-journalists-guide-2021-08,376,"Hijab – It is used commonly to describe modest Muslim dress, specifically the head scarf that many",keyword,no,no
hijab,diversity-style-guide-2023-11,1706,- [hijab](https://www.diversitystyleguide.com/glossary/hijab/){.glossaryLink .cmtt_Islam .cmtt_Religion},glossary,no,no
hijab,religion-stylebook-2026-06,587,## hijab,glossary,no,no
hijrah,religion-stylebook-2026-06,591,## hijrah,glossary,no,no
hindi,diversity-style-guide-2023-11,1711,- [Hindi](https://www.diversitystyleguide.com/glossary/hindi/){.glossaryLink .cmtt_Indian .American .cmtt_Race},glossary,no,no
hindu,diversity-style-guide-2023-11,1716,"- [Hindu, Hinduism](https://www.diversitystyleguide.com/glossary/hindu-hinduism/){.glossaryLink .cmtt_Hinduism .cmtt_Rel",glossary,no,no
hindu,racial-equity-tools-glossary-2023,3998,"The systematic subordination of minority religious groups, such as Buddhists, Hindus, Jews, Muslims, Sikhs, Native Ameri",keyword,no,no
hindu,sierra-club-equity-language-guide-2021,1477,"in Islamic faiths; Diwali and Holi in Hindu, Sikh, Jain,",keyword,no,no
hinduism,diversity-style-guide-2023-11,1716,"- [Hindu, Hinduism](https://www.diversitystyleguide.com/glossary/hindu-hinduism/){.glossaryLink .cmtt_Hinduism .cmtt_Rel",glossary,no,no
hindustan,diversity-style-guide-2023-11,1721,- [Hindustan](https://www.diversitystyleguide.com/glossary/hindustan/){.glossaryLink .cmtt_Geography},glossary,no,no
hindustani,diversity-style-guide-2023-11,1726,- [Hindustani](https://www.diversitystyleguide.com/glossary/hindustani/){.glossaryLink .cmtt_Race},glossary,no,no
hip hop,color-of-change-black-families-narrative-2020,1152,"Hip Hop Artist​, CNN, 9/23/16)",keyword,no,no
hip hop,color-of-change-black-survivors-styleguide-2022,199,"(Hip Hop Overload, February 2021)",keyword,no,no
hip hop,diversity-style-guide-2023-11,1731,"- [hip-hop, hip hop](https://www.diversitystyleguide.com/glossary/hip-hop-hip-hop/){.glossaryLink}",glossary,no,no
hip hop,nabj-style-guide-2022-10,486,"| | | | [bling-bling:]{style=""font-weight: bold;""} Slang for wealth, big jewels and success associated with hip-hop cult",keyword,yes,no
hispanic,apa-inclusive-language-2023-10,859,"generations of non-Hispanic White populations” (American Medical Association, 2023, para. 2).",keyword,no,no
hispanic,casey-editorial-guide-2013-04,729,"For nouns: African American, Asian American, black, Hispanic, Latino, Native American, nonHispanic white, white (do not ",keyword,yes,no
hispanic,color-of-change-black-families-narrative-2020,2524,"Charles, Shamard, M.D., “Junk Food Ads Disproportionately Target Black and Hispanic Kids, Study Finds,”",keyword,no,no
hispanic,define-american-media-reference-2024-01,1493,President and CEO of National Hispanic Media Coalition,keyword,no,no
hispanic,diversity-style-guide-2023-11,1736,- [Hispanic](https://www.diversitystyleguide.com/glossary/hispanic/){.glossaryLink .cmtt_Latino/Latina .cmtt_Race},glossary,no,no
hispanic,gcjt-style-guide-trauma-2021,2033,Association of Hispanic,keyword,no,no
hispanic,hrw-describing-migrants-2014-06,32,[3] One study in the US has shown that use of the term “illegal immigrants” leads to negative stereotyping of Latinos. N,keyword,no,no
hispanic,nabj-style-guide-2022-10,216,| | | Sources consulted in developing NABJ Style include other media stylebooks; those from NABJ\'s alliance partners ([,keyword,no,no
hispanic,racial-equity-tools-glossary-2023,91,"[Many of the terms in this glossary have evolved over time. For example, given the changing demographic trends in the Un",keyword,no,no
hispanic,seiu-stylebook-2020-01,686,Hispanic [always capitalized],keyword,no,no
hispanic,sierra-club-equity-language-guide-2021,205,"may prefer Hispanic, Latino/Latina or another descriptor",keyword,no,no
hispanic paradox,diversity-style-guide-2023-11,1741,- [Hispanic paradox](https://www.diversitystyleguide.com/glossary/hispanic-paradox/){.glossaryLink .cmtt_Latino/Latina .,glossary,no,no
hispaniola,diversity-style-guide-2023-11,1746,- [Hispaniola](https://www.diversitystyleguide.com/glossary/hispaniola/){.glossaryLink .cmtt_Geography},glossary,no,no
hiv,apa-inclusive-language-2023-10,1269,HIV patient,keyword,no,no
hiv,nlgja-stylebook-lgbtq-2025-06,285,**HIV/AIDS\**,glossary,no,no
hiv,sierra-club-equity-language-guide-2021,94,"So when referring to someone with HIV, for example,",keyword,yes,no
hiv disease,nlgja-stylebook-lgbtq-2025-06,660,"**HIV, HIV disease\**",glossary,yes,no
hiv negative,nlgja-stylebook-lgbtq-2025-06,663,"**HIV-positive, HIV-negative\**",glossary,no,no
hiv positive,apa-inclusive-language-2023-10,1281,HIV-positive person,keyword,no,no
hiv positive,nlgja-stylebook-lgbtq-2025-06,663,"**HIV-positive, HIV-negative\**",glossary,no,no
hmong,diversity-style-guide-2023-11,1751,- [Hmong (also Mong or Muong)](https://www.diversitystyleguide.com/glossary/hmong-also-mong-or-muong/){.glossaryLink .cm,glossary,no,no
hmong names,diversity-style-guide-2023-11,1756,- [Hmong names](https://www.diversitystyleguide.com/glossary/hmong-names/){.glossaryLink .cmtt_Asian .American .cmtt_Rac,glossary,no,no
holocaust,apa-inclusive-language-2023-10,290,"many groups throughout history (APA, 2007a; U.S. Holocaust Memorial Museum, n.d.). Hate crimes, including those",keyword,no,no
holocaust,diversity-style-guide-2023-11,1761,- [Holocaust](https://www.diversitystyleguide.com/glossary/holocaust/){.glossaryLink .cmtt_Judaism .cmtt_Religion},glossary,no,no
holocaust,gcjt-style-guide-trauma-2021,658,psychological distress among children of Holocaust survivors. Historical,keyword,no,no
holocaust,nabj-style-guide-2022-10,1726,"| | | [reparations:]{style=""font-weight: bold;""} Government-issued funding and social programs intended to compensate bl",keyword,no,no
holocaust,picum-words-matter-2017-03,530,fleeing the Holocaust; people and acts in violation of the segregationist laws of South Africa,keyword,no,no
holocaust,religion-stylebook-2026-06,145,## Holocaust,glossary,no,yes
holy see,diversity-style-guide-2023-11,1766,- [Holy See](https://www.diversitystyleguide.com/glossary/holy-see/){.glossaryLink .cmtt_Catholicism .cmtt_Religion},glossary,no,no
holy spirit,cair-journalists-guide-2021-08,337,Other verses in the Quran state that Jesus was strengthened with the “Holy Spirit” (2:87) and is a,keyword,no,no
holy spirit,diversity-style-guide-2023-11,1771,- [Holy Spirit](https://www.diversitystyleguide.com/glossary/holy-spirit/){.glossaryLink .cmtt_Christianity .cmtt_Religi,glossary,no,no
holy thursday,diversity-style-guide-2023-11,1776,- [Holy Thursday](https://www.diversitystyleguide.com/glossary/holy-thursday/){.glossaryLink .cmtt_Christianity .cmtt_Re,glossary,no,no
holy week,diversity-style-guide-2023-11,1781,- [Holy Week](https://www.diversitystyleguide.com/glossary/holy-week/){.glossaryLink .cmtt_Christianity .cmtt_Religion},glossary,no,no
homebound,ncdj-disability-style-guide-2021,896,### [Homebound/housebound]{.highlight-gold},glossary,yes,no
homeless,apa-inclusive-language-2023-10,720,homeless people,keyword,no,no
homeless,dcfpi-inclusive-language-2017-12,50,'people with disabilities' or 'the homeless' vs. 'people experiencing homelessness' - places an undue focus,keyword,no,no
homeless,diversity-style-guide-2023-11,1786,- [homeless](https://www.diversitystyleguide.com/glossary/homeless-homelessness/){.glossaryLink},glossary,no,no
homeless,gcjt-style-guide-trauma-2021,3855,casualties. Seven and a half million Germans were left homeless. Given,keyword,no,no
homeless,opportunity-agenda-social-justice-phrase-guide-2015,27,with disabilities vs. disabled people; people living in poverty vs. poor people; people who are homeless vs. homeless,keyword,no,no
homeless,sumofus-progressive-styleguide-2016,1761,"Teresa Gowan, Steering city’s homeless focus from sin",keyword,no,no
homo,diversity-style-guide-2023-11,1791,- [homo](https://www.diversitystyleguide.com/glossary/homo/){.glossaryLink .cmtt_LGBTQ},glossary,no,no
homo,nlgja-stylebook-lgbtq-2025-06,288,**homo\**,glossary,no,no
homophobia,apa-inclusive-language-2023-10,576,is racism; prejudice based on perceived sexual orientation is homophobia and biphobia; prejudice based on sex or gender,keyword,no,no
homophobia,color-of-change-black-survivors-styleguide-2022,222,"Rape culture often works in tandem with sexism, homophobia, and transphobia.",keyword,no,no
homophobia,diversity-style-guide-2023-11,1796,- [homophobia](https://www.diversitystyleguide.com/glossary/homophobia/){.glossaryLink .cmtt_LGBTQ},glossary,no,no
homophobia,gcjt-style-guide-trauma-2021,1419,homophobia.]{#docs-internal-guid-5c4844be-7fff-b3ab-58a7-ff002064c6c6},keyword,yes,no
homophobia,hrc-glossary-2023-05,82,**Homophobia \|** The fear and hatred of or discomfort with people who are attracted to members of the same sex.,glossary,no,no
homophobia,racial-equity-tools-glossary-2023,2416,2. Per Kimberlé Williams Crenshaw: Intersectionality is simply a prism to see the interactive effects of various forms o,keyword,no,no
homophobia,seiu-stylebook-2020-01,1927,"race-, class-, gender-, age- isms and homophobia in organizational life.",keyword,no,no
homophobia,sierra-club-equity-language-guide-2021,683,Homophobia of this type is unfortunately common —,keyword,no,no
homophobia,sumofus-progressive-styleguide-2016,3112,http://www.advocate.com/politics/media/2012/11/26/ap-says-homophobia-markdescribing-antigay-bigotry,keyword,no,no
homosexual,apa-inclusive-language-2023-10,2085,"Association et al., as Amici Curiae supporting petitioners, Obergefell v. Hodges, 2015, p. 7). The term “homosexual” is",keyword,yes,no
homosexual,dcfpi-inclusive-language-2017-12,434,Homosexual,keyword,no,no
homosexual,diversity-style-guide-2023-11,1801,- [homosexual](https://www.diversitystyleguide.com/glossary/homosexual/){.glossaryLink .cmtt_LGBTQ},glossary,no,no
homosexual,nabj-style-guide-2022-10,885,"| | | | [fag, faggot:]{style=""font-weight: bold;""} Originally offensive word for homosexual male, although some gay men ",keyword,yes,no
homosexual,nlgja-stylebook-lgbtq-2025-06,294,"**homosexual, homosexuality\**",glossary,yes,no
homosexual,seiu-stylebook-2020-01,602,gay people [not homosexual (adj.) or homosexual(s) (n.)].,keyword,no,no
homosexual,sumofus-progressive-styleguide-2016,1228,• Avoid defaulting to umbrella terms like gay or homosexual.,keyword,yes,no
homosexuality,nlgja-stylebook-lgbtq-2025-06,294,"**homosexual, homosexuality\**",glossary,yes,no
hong kong,diversity-style-guide-2023-11,1806,- [Hong Kong](https://www.diversitystyleguide.com/glossary/hong-kong/){.glossaryLink .cmtt_Geography},glossary,no,no
hookah,diversity-style-guide-2023-11,1811,- [hookah](https://www.diversitystyleguide.com/glossary/hookah/){.glossaryLink .cmtt_Arab .American .cmtt_Race},glossary,no,no
hormone therapy,tja-stylebook-2026-01,886,"### [hormone therapy](#hormones){.header-anchor} {#hormones updated=""2023-11-14"" tabindex=""-1""}",glossary,yes,no
housebound,ncdj-disability-style-guide-2021,896,### [Homebound/housebound]{.highlight-gold},glossary,yes,no
housing choice voucher program,diversity-style-guide-2023-11,3306,"- [Section 8, Housing Choice Voucher Program](https://www.diversitystyleguide.com/glossary/section-8-housing-choice-vouc",glossary,no,no
hujjaj,diversity-style-guide-2023-11,1816,- [hujjaj](https://www.diversitystyleguide.com/glossary/hujjaj/){.glossaryLink .cmtt_Islam .cmtt_Religion},glossary,no,no
hujjaj,religion-stylebook-2026-06,595,## hujjaj,glossary,no,no
human rights campaign,nlgja-stylebook-lgbtq-2025-06,297,**Human Rights Campaign\**,glossary,no,no
humanist,diversity-style-guide-2023-11,1821,- [humanist](https://www.diversitystyleguide.com/glossary/humanist/){.glossaryLink .cmtt_Religion},glossary,no,no
husband,dcfpi-inclusive-language-2017-12,413,• Use parallel terms or terms of equal status and avoid terms that denote gender inferiority: “husband,keyword,yes,no
husband,diversity-style-guide-2023-11,1826,- [husband](https://www.diversitystyleguide.com/glossary/husband/){.glossaryLink .cmtt_LGBTQ},glossary,no,no
husband,gcjt-style-guide-trauma-2021,4339,"son, husband, father, and member of his community.",keyword,no,no
husband,sumofus-progressive-styleguide-2016,1189,“Invite your boyfriend or husband.”,keyword,no,no
hyperactivity disorder,apa-inclusive-language-2023-10,1423,"para. 1). Although the word “neurodiversity” refers to the diversity of all people, it is often used in the context of n",keyword,no,no
hyperactivity disorder,ncdj-disability-style-guide-2021,274,### [Attention-deficit/hyperactivity disorder (ADHD)]{.highlight-gold},glossary,no,no
hysteria,diversity-style-guide-2023-11,1831,- [hysteria](https://www.diversitystyleguide.com/glossary/hysteria/){.glossaryLink},glossary,no,no
identifies a,color-of-change-black-survivors-styleguide-2022,574,This lead properly identifies a,keyword,no,no
identifies a,diversity-style-guide-2023-11,1836,- [identify as/identifies a](https://www.diversitystyleguide.com/glossary/identify-as-identifies-a/){.glossaryLink .cmtt,glossary,no,no
"identifies as"" just means ""is",tja-stylebook-2026-01,274,"### [""identifies as"" just means ""is""](#identifies-as){.header-anchor} {#identifies-as updated=""2023-08-25"" tabindex=""-1""",glossary,no,no
identify as,apa-inclusive-language-2023-10,504,identify as Muslim.,keyword,no,no
identify as,define-american-media-reference-2024-01,1435,More than 33 million Americans—about one in 10—identify as being of two or,keyword,no,no
identify as,diversity-style-guide-2023-11,1836,- [identify as/identifies a](https://www.diversitystyleguide.com/glossary/identify-as-identifies-a/){.glossaryLink .cmtt,glossary,no,no
identify as,interact-intersex-media-guide-2017,44,"While some people can be born with intersex traits and also identify as transgender, the two are separate and should not",keyword,no,no
identify as,racial-equity-tools-glossary-2023,4547,"Often shortened to trans, from the Latin prefix for ""on a different side as."" A term describing a person's gender identi",keyword,no,no
identify as,sierra-club-equity-language-guide-2021,106,"For example, some people prefer to identify as “an",keyword,no,no
identify as,sumofus-progressive-styleguide-2016,2125,identify as Canadian.,keyword,no,no
identifying trans sources in prisons,tja-stylebook-2026-01,810,### [identifying trans sources in prisons or jails](#incarcerated-sources){.header-anchor} {#incarcerated-sources update,glossary,no,no
identifying transgender people during breaking news,tja-stylebook-2026-01,543,### [identifying transgender people during breaking news](#iding-trans-people){.header-anchor} {#iding-trans-people upda,glossary,yes,no
identity first language,ncdj-disability-style-guide-2021,910,### [Identity-first language]{.highlight-gold},glossary,no,no
idol,diversity-style-guide-2023-11,1841,- [idol](https://www.diversitystyleguide.com/glossary/idol/){.glossaryLink .cmtt_Hinduism .cmtt_Religion},glossary,no,no
ijtihad,cair-journalists-guide-2021-08,381,"Ijtihad – A component of fiqh whereby Islamic laws are derived from sources other than, or not",keyword,no,no
ijtihad,religion-stylebook-2026-06,599,## ijtihad,glossary,no,no
illegal,color-of-change-antiracist-protest-reporting-2020,335,ILLEGAL IMMIGRANT,keyword,no,no
illegal,color-of-change-black-families-narrative-2020,1501,"unjust, increasingly violent and often illegal",keyword,no,no
illegal,comm-unity-style-guide-2021,47,"including AP, decided to stop using the word “illegal” as a noun to describe immigrants without",keyword,no,no
illegal,define-american-media-reference-2024-01,341,"illegals, illegal immigrant, alien, illegal",keyword,no,no
illegal,diversity-style-guide-2023-11,1856,"- [illegal, illegals](https://www.diversitystyleguide.com/glossary/illegals/){.glossaryLink .cmtt_Immigration}",glossary,no,no
illegal,gcjt-style-guide-trauma-2021,1804,"[Avoid terms like illegal immigration, and instead use irregular or",keyword,yes,no
illegal,hrw-describing-migrants-2014-06,16,"Terms such as “illegal immigrants,” Illegal aliens,” “illegal migrants” and “illegals” are problematic for several reaso",keyword,no,no
illegal,idp-journalist-style-guide-2020,40,"newsrooms, including AP, decided to stop using the word “illegal” as a noun to describe",keyword,no,no
illegal,nabj-style-guide-2022-10,903,"| | | | [Great Migration, The:]{style=""font-weight: bold;""} Mass movement by Southern blacks relocating to the North and",keyword,no,no
illegal,picum-words-matter-2017-03,71,"“Calls on the EU institutions and Member States to stop using the term ‘illegal immigrants,’ which has very negative",keyword,no,no
illegal,racial-equity-tools-glossary-2023,1453,"2. \[In the United States\] the law makes it illegal to discriminate against someone on the basis of race, color, religi",keyword,no,no
illegal,sierra-club-equity-language-guide-2021,817,Never use the term “illegal” to describe a person. If,keyword,yes,no
illegal,sumofus-progressive-styleguide-2016,1867,"• By definition, a person is never illegal; an “illegal immigrant”",keyword,no,no
illegal,wordsaboutwar-full-2025,217,considered illegal under international law.,keyword,no,no
illegal alien,define-american-media-reference-2024-01,2284,"illegal, illegal alien, illegal",keyword,no,no
illegal alien,diversity-style-guide-2023-11,1846,- [illegal alien](https://www.diversitystyleguide.com/glossary/illegal-alien/){.glossaryLink .cmtt_Immigration},glossary,no,no
illegal alien,sierra-club-equity-language-guide-2021,882,• illegal alien,keyword,no,no
illegal alien,sumofus-progressive-styleguide-2016,1916,phrase ‘illegal immigrant’ or ‘illegal alien’ to describe,keyword,no,no
illegal immigrant,color-of-change-antiracist-protest-reporting-2020,335,ILLEGAL IMMIGRANT,keyword,no,no
illegal immigrant,comm-unity-style-guide-2021,206,“Illegal immigrant”,keyword,no,no
illegal immigrant,define-american-media-reference-2024-01,341,"illegals, illegal immigrant, alien, illegal",keyword,no,no
illegal immigrant,diversity-style-guide-2023-11,1851,"- [illegal immigrant, illegal alien, illegals](https://www.diversitystyleguide.com/glossary/illegal-immigrant/){.glossar",glossary,no,no
illegal immigrant,hrw-describing-migrants-2014-06,36,"[5] Peter Sterne, “No more ‘illegal immigrants’,” Columbia Journalism Review, April 2013, <http://www.cjr.org/behind_the",keyword,no,no
illegal immigrant,idp-journalist-style-guide-2020,222,“Illegal immigrant”,keyword,no,no
illegal immigrant,picum-words-matter-2017-03,284,agency Associated Press: “The Stylebook no longer sanctions the term ‘illegal immigrant’ or the use of ‘illegal’ to desc,keyword,no,no
illegal immigrant,sierra-club-equity-language-guide-2021,884,• illegal immigrant,keyword,no,no
illegal immigrant,sumofus-progressive-styleguide-2016,1867,"• By definition, a person is never illegal; an “illegal immigrant”",keyword,no,no
illegals,define-american-media-reference-2024-01,341,"illegals, illegal immigrant, alien, illegal",keyword,no,no
illegals,diversity-style-guide-2023-11,1851,"- [illegal immigrant, illegal alien, illegals](https://www.diversitystyleguide.com/glossary/illegal-immigrant/){.glossar",glossary,no,no
illegals,hrw-describing-migrants-2014-06,16,"Terms such as “illegal immigrants,” Illegal aliens,” “illegal migrants” and “illegals” are problematic for several reaso",keyword,no,no
imam,cair-journalists-guide-2021-08,383,Imam – One who leads congregational prayers in a mosque or in any other location. It is an honorific,keyword,no,no
imam,diversity-style-guide-2023-11,1861,- [imam](https://www.diversitystyleguide.com/glossary/imam/){.glossaryLink .cmtt_Islam .cmtt_Religion},glossary,no,no
imam,religion-stylebook-2026-06,603,## imam,glossary,no,yes
immigrant,apa-inclusive-language-2023-10,621,"(APA, n.d., Xenophobia Definition 2). The growing visibility of immigrants from the Global South in the United States an",keyword,no,no
immigrant,color-of-change-antiracist-protest-reporting-2020,335,ILLEGAL IMMIGRANT,keyword,no,no
immigrant,color-of-change-black-families-narrative-2020,1932,"families, LGBTQIA+ families, immigrant",keyword,no,no
immigrant,comm-unity-style-guide-2021,28,policies which co-mingle policing and incarceration with deportation have deeply hurt immigrants,keyword,no,no
immigrant,define-american-media-reference-2024-01,11,Immigrant Stories,keyword,no,no
immigrant,diversity-style-guide-2023-11,1866,- [immigrant](https://www.diversitystyleguide.com/glossary/immigrant/){.glossaryLink .cmtt_Immigration},glossary,no,no
immigrant,gcjt-style-guide-trauma-2021,49,- [Immigrants & Refugees](/topics/immigrants-refugees),keyword,no,no
immigrant,hrw-describing-migrants-2014-06,14,"In line with international practice, there are a number of accurate ways to describe foreigners who have entered a count",keyword,no,no
immigrant,idp-journalist-style-guide-2020,11,Covering Immigrants with Convictions,keyword,no,no
immigrant,nabj-style-guide-2022-10,667,"| | | [Cajun, Creole:]{style=""font-weight: bold;""} Cajun is a native of Louisiana originally descended from the Acadian ",keyword,no,no
immigrant,picum-words-matter-2017-03,71,"“Calls on the EU institutions and Member States to stop using the term ‘illegal immigrants,’ which has very negative",keyword,no,no
immigrant,racial-equity-tools-glossary-2023,2463,"A form of religious bigotry, with strong racial components, that scapegoats and demonizes Muslims and those perceived to",keyword,no,no
immigrant,seiu-stylebook-2020-01,149,anti-immigrant,keyword,no,no
immigrant,sierra-club-equity-language-guide-2021,37,IMMIGRANTS AND REFUGEES.................................................................................................,keyword,no,no
immigrant,sumofus-progressive-styleguide-2016,1831,"• Immigrant Justice Network, Common terms defined179.",keyword,no,no
impaired,apa-inclusive-language-2023-10,1134,hearing-impaired person,keyword,no,no
impaired,ncdj-disability-style-guide-2021,918,### [Impaired/Impairment]{.highlight-gold},glossary,yes,no
impaired,sumofus-progressive-styleguide-2016,522,yy hearing-impaired,keyword,no,no
impairment,apa-inclusive-language-2023-10,1088,child with a birth impairment,keyword,no,no
impairment,gcjt-style-guide-trauma-2021,1817,require any impairment at all. NIMH instead distinguishes between any,keyword,no,no
impairment,ncdj-disability-style-guide-2021,918,### [Impaired/Impairment]{.highlight-gold},glossary,yes,no
implicit bias,apa-inclusive-language-2023-10,302,"of these are attributed to implicit reasoning (APA, 2021c). See implicit bias.",keyword,no,no
implicit bias,dcfpi-inclusive-language-2017-12,481,Implicit Bias,keyword,no,no
implicit bias,diversity-style-guide-2023-11,1871,"- [implicit bias, unconscious bias](https://www.diversitystyleguide.com/glossary/implicit-bias-unconscious-bias/){.gloss",glossary,no,no
implicit bias,movement-strategy-center-glossary-2024,199,#### Implicit Bias,glossary,no,no
implicit bias,racial-equity-tools-glossary-2023,2001,"[[[[Implicit Bias]{.wixui-rich-text__text style=""letter-spacing:0.03em;""}]{.wixui-rich-text__text style=""font-size:22px;",keyword,no,no
implicit bias,sumofus-progressive-styleguide-2016,122,as an opportunity to root out implicit bias toward status quo,keyword,no,no
in the closet,diversity-style-guide-2023-11,906,"- [closeted, in the closet](https://www.diversitystyleguide.com/glossary/closeted-in-the-closet/){.glossaryLink .cmtt_LG",glossary,no,no
includes non binary people,radicalcopyeditor-trans-style-guide-2017,34,"**Includes non-binary people:** ""Transgender"" encompasses binary and non-binary identities. About 35% of trans people id",glossary,no,no
inclusion,18doors-interfaith-glossary-2023,45,"_The more normalized inclusion is, the more welcome people will feel. And while a change in acceptance and attitudes hav",keyword,no,no
inclusion,apa-inclusive-language-2023-10,9,and Inclusion,keyword,no,no
inclusion,dcfpi-inclusive-language-2017-12,469,"There are a lot of terms that are important to keep in mind for incorporating race, equity, and inclusion into",keyword,no,no
inclusion,define-american-media-reference-2024-01,561,as a condition for being the “right” kind of citizen. Integration or inclusion are,keyword,no,no
inclusion,movement-strategy-center-glossary-2024,203,#### Inclusion,glossary,no,no
inclusion,racial-equity-tools-glossary-2023,1504,"1. UC Berkeley Center for Equity, Inclusion and Diversity, ""[[Glossary of Terms]{.underline}](http://web.archive.org/web",keyword,no,no
inclusion,seiu-stylebook-2020-01,1922,Standard: Commitment to inclusion,keyword,no,no
inclusion,sierra-club-equity-language-guide-2021,65,"to equity, justice, and inclusion is by using respectful, thoughtful language in all",keyword,yes,no
inclusion,sumofus-progressive-styleguide-2016,20,"vehicles for social change, inclusion, and justice. In fact,",keyword,no,no
income gap,dcfpi-inclusive-language-2017-12,132,Gap (ex: income gap),keyword,no,no
income gap,movement-strategy-center-glossary-2024,211,#### Income Gap,glossary,no,no
incompetent,diversity-style-guide-2023-11,1946,"- [insane, incompetent](https://www.diversitystyleguide.com/glossary/insane-incompetent/){.glossaryLink .cmtt_Disability",glossary,no,no
incompetent,sierra-club-equity-language-guide-2021,400,the “incompetent” or “halfhearted” effort — when in,keyword,no,no
incubation,movement-strategy-center-glossary-2024,207,#### Incubation,glossary,no,no
independent living,diversity-style-guide-2023-11,1876,- [independent living](https://www.diversitystyleguide.com/glossary/independent-living/){.glossaryLink .cmtt_Age/generat,glossary,no,no
independent living,sumofus-progressive-styleguide-2016,363,"• Research and Training Center on Independent Living,",keyword,no,no
indian,apa-inclusive-language-2023-10,185,Society for Indian Psychologists,keyword,no,no
indian,diversity-style-guide-2023-11,1891,"- [Indian, Indian American](https://www.diversitystyleguide.com/glossary/indian-indian-american/){.glossaryLink .cmtt_In",glossary,no,no
indian,naja-indigenous-terminology-2023-06,40,have a preference. Native American gained traction in the 1960s for American Indians and,keyword,no,no
indian,native-governance-center-style-guide-2021-02,82,"Capitalize Indigenous, Native, and American Indian.",keyword,no,yes
indian,racial-equity-tools-glossary-2023,91,"[Many of the terms in this glossary have evolved over time. For example, given the changing demographic trends in the Un",keyword,no,no
indian,sierra-club-equity-language-guide-2021,173,"Indian Affairs, or land referred to by the EPA as “Indian",keyword,no,no
indian,sumofus-progressive-styleguide-2016,2097,• The term “Indian” is outdated and should be replaced by the,keyword,yes,no
indian american,diversity-style-guide-2023-11,1891,"- [Indian, Indian American](https://www.diversitystyleguide.com/glossary/indian-indian-american/){.glossaryLink .cmtt_In",glossary,no,no
indian country,apa-inclusive-language-2023-10,2357,of American Indians (2019) recommends that allies for Indian country should avoid careless use of words that refer to,keyword,yes,no
indian country,diversity-style-guide-2023-11,1881,- [Indian Country](https://www.diversitystyleguide.com/glossary/indian-country/){.glossaryLink .cmtt_American .Indian .o,glossary,no,no
indian country,naja-indigenous-terminology-2023-06,74,INDIAN COUNTRY,keyword,no,no
indian country,native-governance-center-style-guide-2021-02,140,Capitalize the term Indian Country.,keyword,no,yes
indian country,racial-equity-tools-glossary-2023,4639,"1. Tony Enos, ""[[8 Things You Should Know About Two Spirit People]{.underline}](https://indiancountrytoday.com/archive/8",keyword,no,no
indian country,sierra-club-equity-language-guide-2021,178,‘Indian Country’.”,keyword,no,no
indian languages,diversity-style-guide-2023-11,1886,- [Indian languages](https://www.diversitystyleguide.com/glossary/indian-languages/){.glossaryLink .cmtt_Indian .America,glossary,no,no
indigeneity,movement-strategy-center-glossary-2024,214,#### Indigeneity,glossary,no,no
indigeneity,racial-equity-tools-glossary-2023,992,"**SOURCE:** Emma LaRocque, PhD, ""[[Colonization and Racism]{.underline}](http://web.archive.org/web/20171115142530/http:",keyword,no,no
indigeneity,sumofus-progressive-styleguide-2016,82,Indigeneity/Ancestry,keyword,no,no
indigenous,apa-inclusive-language-2023-10,339,"2021, p. 259). Colonization requires the dehumanization of peoples who are Indigenous to an area so that their land is",keyword,no,no
indigenous,color-of-change-black-families-narrative-2020,1487,Westerners to describe indigenous groups:,keyword,no,no
indigenous,diversity-style-guide-2023-11,1896,- [Indigenous](https://www.diversitystyleguide.com/glossary/indigenous/){.glossaryLink .cmtt_Native .cmtt_Race},glossary,no,no
indigenous,gcjt-style-guide-trauma-2021,1364,"[**Aboriginal, Indigenous: **The [Native American Journalist",keyword,no,yes
indigenous,naja-indigenous-terminology-2023-06,8,REPORTING AND INDIGENOUS | -RMVINOLUGY,keyword,no,no
indigenous,native-governance-center-style-guide-2021-02,20,INDIGENOUS STYLE,keyword,no,no
indigenous,racial-equity-tools-glossary-2023,543,"Antisemitism and Islamophobia are not only entangled, but deeply rooted in the same systems of white supremacy and Chris",keyword,no,no
indigenous,sierra-club-equity-language-guide-2021,177,"sacred to the Indigenous people, referred to by EPA as",keyword,no,no
indigenous,sumofus-progressive-styleguide-2016,962,"fisherfolk, Indigenous Peoples, women, rural youth",keyword,no,no
indigenous religion,diversity-style-guide-2023-11,1901,- [indigenous religion](https://www.diversitystyleguide.com/glossary/indigenous-religion/){.glossaryLink .cmtt_Religion},glossary,no,no
indigenous sovereignty,movement-strategy-center-glossary-2024,218,#### Indigenous Sovereignty,glossary,no,no
indigenous sovereignty,racial-equity-tools-glossary-2023,1310,"2. Per Eve Tuck and K. Wayne Yang: ""Decolonization doesn't have a synonym""; it is not a substitute for 'human rights' or",keyword,no,no
individual racism,movement-strategy-center-glossary-2024,222,#### Individual Racism,glossary,no,no
individual racism,racial-equity-tools-glossary-2023,2171,"[[[[Individual Racism]{.wixui-rich-text__text style=""letter-spacing:0.03em;""}]{.wixui-rich-text__text style=""font-size:2",keyword,no,no
individual racism,sierra-club-equity-language-guide-2021,1270,structural and individual racism in a different way,keyword,no,no
indo,diversity-style-guide-2023-11,1906,- [Indo](https://www.diversitystyleguide.com/glossary/indo/){.glossaryLink .cmtt_Indian .American .cmtt_Race},glossary,no,no
indochina,diversity-style-guide-2023-11,1911,- [Indochina](https://www.diversitystyleguide.com/glossary/indochina/){.glossaryLink .cmtt_Geography},glossary,no,no
indonesian names,diversity-style-guide-2023-11,1916,- [Indonesian names](https://www.diversitystyleguide.com/glossary/indonesian-names/){.glossaryLink .cmtt_Asian .American,glossary,no,no
infantile paralysis,diversity-style-guide-2023-11,1921,- [infantile paralysis](https://www.diversitystyleguide.com/glossary/infantile-paralysis/){.glossaryLink .cmtt_Disabilit,glossary,no,no
infantile paralysis,ncdj-disability-style-guide-2021,932,### [Infantile paralysis/poliomyelitis/polio/post-polio syndrome]{.highlight-gold},glossary,no,no
injuries,apa-inclusive-language-2023-10,1771,racial trauma is unique in that it involves ongoing individual and collective injuries due to exposure and reexposure to,keyword,no,no
injuries,diversity-style-guide-2023-11,1926,- [injury/injuries](https://www.diversitystyleguide.com/glossary/injuryinjuries/){.glossaryLink .cmtt_Disability},glossary,no,no
injuries,gcjt-style-guide-trauma-2021,1101,includes the public health consequences of injuries and deaths through,keyword,no,no
injuries,ncdj-disability-style-guide-2021,944,### [Injury/injuries]{.highlight-gold},glossary,no,no
injuries,wordsaboutwar-full-2025,77,to either injuries or deaths.”,keyword,no,no
injuries,wordsaboutwar-short-2025,49,"civilian killing, deaths, murders, injuries, displacement, other destruction",keyword,no,no
injury,apa-inclusive-language-2023-10,467,"The transmission of trauma or its legacy, in the form of a psychological consequence of an injury, attack, or poverty, f",keyword,no,no
injury,color-of-change-antiracist-protest-reporting-2020,190,"police as harmless. While less-lethal forces are not intended to kill, they can cause severe injury",keyword,no,no
injury,color-of-change-black-survivors-styleguide-2022,910,• Physical Abuse: When an individual uses their body to cause injury or harm to establish and,keyword,no,no
injury,diversity-style-guide-2023-11,1926,- [injury/injuries](https://www.diversitystyleguide.com/glossary/injuryinjuries/){.glossaryLink .cmtt_Disability},glossary,no,no
injury,gcjt-style-guide-trauma-2021,257,"provides guidance on terms and issues such as PTSD, Moral Injury and",keyword,no,no
injury,nabj-style-guide-2022-10,1296,"| | | [keloid:]{style=""font-weight: bold;""} A raised scar that can develop after skin injury. During healing process, th",keyword,no,no
injury,ncdj-disability-style-guide-2021,944,### [Injury/injuries]{.highlight-gold},glossary,no,no
injury,seiu-stylebook-2020-01,894,She suffered a needlestick injury.,keyword,no,no
injury,wordsaboutwar-full-2025,192,"about the death, injury, and destruction",keyword,no,no
inmate,color-of-change-antiracist-protest-reporting-2020,347,INMATE,keyword,no,no
inmate,diversity-style-guide-2023-11,1931,- [inmate](https://www.diversitystyleguide.com/glossary/inmate/){.glossaryLink .cmtt_Criminal .justice},glossary,no,no
inmate,gcjt-style-guide-trauma-2021,1853,"inmates, convicts, or incarcerated people? In my book I declined to use",keyword,no,no
inmate,sierra-club-equity-language-guide-2021,102,reductive terms like “inmate” or “felon.” People-first,keyword,no,no
inmate,sumofus-progressive-styleguide-2016,2311,supported use of the word inmate. Thirty percent,keyword,no,no
inner city,dcfpi-inclusive-language-2017-12,220,Inner city,keyword,no,no
inner city,diversity-style-guide-2023-11,1936,"- [inner city](https://www.diversitystyleguide.com/glossary/inner-city/){.glossaryLink .cmtt_African .American, .Black .",glossary,no,no
inner city,gcjt-style-guide-trauma-2021,1538,referred to largely segregated inner-city neighborhoods that are home to,keyword,no,no
inner city,nabj-style-guide-2022-10,897,"| | | | [ghetto, inner city:]{style=""font-weight: bold;""} Terms used as synonyms for sections of cities inhabited by poo",keyword,yes,no
insane,apa-inclusive-language-2023-10,663,insane,keyword,no,no
insane,define-american-media-reference-2024-01,1110,Enabled the Border Patrol’s Insane 100-Mile,keyword,no,no
insane,diversity-style-guide-2023-11,1946,"- [insane, incompetent](https://www.diversitystyleguide.com/glossary/insane-incompetent/){.glossaryLink .cmtt_Disability",glossary,no,no
insane,ncdj-disability-style-guide-2021,954,### [Insane/insanity/mentally deranged/psychopathology]{.highlight-gold},glossary,yes,no
insane,sierra-club-equity-language-guide-2021,316,use of the word “crazy” or “insane” as a pejorative.,keyword,no,no
insane asylum,diversity-style-guide-2023-11,1941,- [insane asylum/mental health hospital/psychiatric hospital](https://www.diversitystyleguide.com/glossary/insane-asylum,glossary,no,no
insane asylum,ncdj-disability-style-guide-2021,964,### [Insane asylum/mental health hospital/psychiatric hospital]{.highlight-gold},glossary,no,no
insanity,ncdj-disability-style-guide-2021,954,### [Insane/insanity/mentally deranged/psychopathology]{.highlight-gold},glossary,yes,no
inscrutable,diversity-style-guide-2023-11,1951,- [inscrutable](https://www.diversitystyleguide.com/glossary/inscrutable/){.glossaryLink .cmtt_Asian .American .cmtt_Rac,glossary,no,no
institutional racism,apa-inclusive-language-2023-10,1796,institutional racism,keyword,no,no
institutional racism,dcfpi-inclusive-language-2017-12,504,Institutional Racism,keyword,no,no
institutional racism,diversity-style-guide-2023-11,1956,- [institutional racism](https://www.diversitystyleguide.com/glossary/institutional-racism/){.glossaryLink .cmtt_Race},glossary,no,no
institutional racism,gcjt-style-guide-trauma-2021,770,"institutional racism. Sometimes, whether through pressure from their",keyword,no,no
institutional racism,racial-equity-tools-glossary-2023,68,"Language can be used deliberately to engage and support community anti-racism coalitions and initiatives, or to inflame ",keyword,no,no
institutional racism,seiu-stylebook-2020-01,2863,institutional racism : racisme institutionnel,keyword,no,no
institutional racism,sierra-club-equity-language-guide-2021,1413,supremacy” to refer to institutional racism and,keyword,no,no
integration,dcfpi-inclusive-language-2017-12,225,Integration (as a solution,keyword,no,no
integration,define-american-media-reference-2024-01,561,as a condition for being the “right” kind of citizen. Integration or inclusion are,keyword,no,no
integration,movement-strategy-center-glossary-2024,226,#### Integration,glossary,no,no
integration,sierra-club-equity-language-guide-2021,1303,for Integration and Improvement of Journalism.,keyword,yes,no
integration,sumofus-progressive-styleguide-2016,679,in international economic and political integration,keyword,no,no
intellectual disabilities,apa-inclusive-language-2023-10,1080,people with intellectual disabilities,keyword,no,no
intellectual disabilities,ncdj-disability-style-guide-2021,977,### [Intellectual disabilities/intellectually disabled]{.highlight-gold},glossary,no,no
intellectual disability,diversity-style-guide-2023-11,1961,- [intellectual disability](https://www.diversitystyleguide.com/glossary/intellectual-disability/){.glossaryLink .cmtt_D,glossary,no,no
intellectually disabled,diversity-style-guide-2023-11,2396,"- [mentally retarded, mentally disabled, intellectually disabled, developmentally disabled](https://www.diversitystylegu",glossary,no,no
intellectually disabled,ncdj-disability-style-guide-2021,977,### [Intellectual disabilities/intellectually disabled]{.highlight-gold},glossary,no,no
intelligent design,diversity-style-guide-2023-11,1966,- [intelligent design](https://www.diversitystyleguide.com/glossary/intelligent-design/){.glossaryLink .cmtt_Religion},glossary,no,no
interabled,ncdj-disability-style-guide-2021,987,### [Interabled]{.highlight-gold},glossary,no,no
interdenominational,diversity-style-guide-2023-11,1971,- [interdenominational](https://www.diversitystyleguide.com/glossary/interdenominational/){.glossaryLink .cmtt_Religion},glossary,no,no
interdependence,dcfpi-inclusive-language-2017-12,322,"words that reinforce stigma, and frame health in terms of interdependence (everyone has a stake) and",keyword,no,no
interdependence,movement-strategy-center-glossary-2024,229,#### Interdependence,glossary,no,no
interfaith,18doors-interfaith-glossary-2023,7,# Interfaith Inclusive Language: A Glossary and Discussion Guide,keyword,no,no
interfaith,cair-journalists-guide-2021-08,320,"interfaith dialogue. As the Quran states: “(Rest assured that) those who believe (in the Quran), and",keyword,no,no
interfaith,diversity-style-guide-2023-11,1976,- [interfaith](https://www.diversitystyleguide.com/glossary/interfaith/){.glossaryLink .cmtt_Religion},glossary,no,no
interfaith,idp-journalist-style-guide-2020,700,• The Interfaith Movement for Human Integrity Integrity can also connect to current and,keyword,no,no
interfaith,seiu-stylebook-2020-01,2867,"interfaith : (adj.) interreligieux, interconfessionnel",keyword,no,no
internalized racism,apa-inclusive-language-2023-10,1828,internalized racism,keyword,no,no
internalized racism,movement-strategy-center-glossary-2024,232,#### Internalized Racism,glossary,no,no
internalized racism,racial-equity-tools-glossary-2023,732,"To advance racial equity, there is work for white people and people of color to do separately and together. Caucuses pro",keyword,no,no
internment,diversity-style-guide-2023-11,1981,"- [internment, Japanese](https://www.diversitystyleguide.com/glossary/internment-japanese/){.glossaryLink .cmtt_Asian .A",glossary,no,no
internment,nabj-style-guide-2022-10,1726,"| | | [reparations:]{style=""font-weight: bold;""} Government-issued funding and social programs intended to compensate bl",keyword,no,no
interpreter,ncdj-disability-style-guide-2021,238,### [American Sign Language (ASL)/signer/interpreter]{.highlight-gold},glossary,no,no
interpreters,diversity-style-guide-2023-11,1986,- [interpreters](https://www.diversitystyleguide.com/glossary/interpreters/){.glossaryLink .cmtt_Immigration .cmtt_Race},glossary,no,no
intersectionality,apa-inclusive-language-2023-10,48,monolith. Make sure to use inclusive terms to acknowledge that intersectionality. People are,keyword,no,no
intersectionality,color-of-change-black-survivors-styleguide-2022,1077,"• Coined the term “intersectionality,” which is used",keyword,no,no
intersectionality,dcfpi-inclusive-language-2017-12,506,Intersectionality,keyword,no,no
intersectionality,diversity-style-guide-2023-11,1991,- [intersectionality](https://www.diversitystyleguide.com/glossary/intersectionality/){.glossaryLink .cmtt_Age/generatio,glossary,no,no
intersectionality,movement-strategy-center-glossary-2024,236,#### Intersectionality,glossary,no,no
intersectionality,racial-equity-tools-glossary-2023,871,**Related Resources:** [[Intersectionality]{.underline}](https://www.racialequitytools.org/resources/fundamentals/core-c,keyword,no,no
intersectionality,sumofus-progressive-styleguide-2016,15,Intersectionality and Cross-sector Power Building,keyword,no,no
intersex,apa-inclusive-language-2023-10,1908,"male, female, or intersex such as genitalia, hormones, and chromosomes, whereas gender is “a set of socially constructed",keyword,no,no
intersex,dcfpi-inclusive-language-2017-12,456,Intersex,keyword,no,no
intersex,diversity-style-guide-2023-11,1996,- [intersex (adj.)](https://www.diversitystyleguide.com/glossary/intersex-adj/){.glossaryLink .cmtt_LGBTQ .cmtt_Transgen,glossary,no,no
intersex,interact-intersex-media-guide-2017,10,Covering the Intersex Community,keyword,no,no
intersex,sierra-club-equity-language-guide-2021,661,"people who identify as gay, transgender, bi, intersex, or",keyword,no,no
intersex,sumofus-progressive-styleguide-2016,1223,"transgender, intersex, asexual, two-spirit) people’s lives and",keyword,no,no
intersex,tja-stylebook-2026-01,1172,"### [intersex (adj.)](#def-intersex){.header-anchor} {#def-intersex updated=""2023-08-25"" tabindex=""-1""}",glossary,yes,no
intifada,diversity-style-guide-2023-11,2001,- [intifada](https://www.diversitystyleguide.com/glossary/intifada/){.glossaryLink .cmtt_Islam .cmtt_Religion},glossary,no,no
intifada,religion-stylebook-2026-06,607,## intifada,glossary,no,no
invalid,apa-inclusive-language-2023-10,1238,invalid,keyword,no,no
invalid,diversity-style-guide-2023-11,2006,- [invalid](https://www.diversitystyleguide.com/glossary/invalid/){.glossaryLink .cmtt_Disability},glossary,no,no
invalid,ncdj-disability-style-guide-2021,997,### [Invalid]{.highlight-gold},glossary,yes,no
invalid,racial-equity-tools-glossary-2023,1412,"**SOURCE:** Sins Invalid, ""[[What is Disability Justice?]{.underline}](https://www.sinsinvalid.org/news-1/2020/6/16/what",keyword,no,no
invalid,sumofus-progressive-styleguide-2016,524,yy invalid,keyword,yes,no
invisible disabilities,ncdj-disability-style-guide-2021,1007,### [Invisible disabilities]{.highlight-gold},glossary,yes,no
iranian names,diversity-style-guide-2023-11,2011,- [Iranian names](https://www.diversitystyleguide.com/glossary/iranian-names/){.glossaryLink .cmtt_Race},glossary,no,no
islam,apa-inclusive-language-2023-10,497,"“Prejudice, negative sentiments, and hostility toward Islam and Muslims. Islamophobia may be based on ideas about Islam",keyword,no,no
islam,cair-journalists-guide-2021-08,34,Islam and Muslims,keyword,no,no
islam,diversity-style-guide-2023-11,2016,- [Islam](https://www.diversitystyleguide.com/glossary/islam/){.glossaryLink .cmtt_Islam .cmtt_Religion},glossary,no,no
islam,nabj-style-guide-2022-10,1099,"| | | | [Islam:]{style=""font-weight: bold;""} Youngest of the world\'s three major monotheistic religions. Like Judaism a",keyword,no,no
islamic,cair-journalists-guide-2021-08,43,best practices for reporting on the Islamic faith and a list of accurate and appropriate terminology to,keyword,no,no
islamic,diversity-style-guide-2023-11,2021,- [Islamic](https://www.diversitystyleguide.com/glossary/islamic/){.glossaryLink .cmtt_Islam .cmtt_Religion},glossary,no,no
islamic,nabj-style-guide-2022-10,1099,"| | | | [Islam:]{style=""font-weight: bold;""} Youngest of the world\'s three major monotheistic religions. Like Judaism a",keyword,no,no
islamic,religion-stylebook-2026-06,629,## Islamic,glossary,no,no
islamic,sierra-club-equity-language-guide-2021,1477,"in Islamic faiths; Diwali and Holi in Hindu, Sikh, Jain,",keyword,no,no
islamic fundamentalist,diversity-style-guide-2023-11,2026,- [Islamic fundamentalist](https://www.diversitystyleguide.com/glossary/islamic-fundamentalist/){.glossaryLink .cmtt_Isl,glossary,no,no
islamist,cair-journalists-guide-2021-08,170,“Islamist” (or Islamism) is another word that has gained increased attention in the Western media,keyword,no,no
islamist,diversity-style-guide-2023-11,2031,- [Islamist](https://www.diversitystyleguide.com/glossary/islamist/){.glossaryLink .cmtt_Islam .cmtt_Religion},glossary,no,no
islamist,religion-stylebook-2026-06,633,## Islamist,glossary,yes,no
islamophobia,apa-inclusive-language-2023-10,496,Islamophobia,keyword,no,no
islamophobia,diversity-style-guide-2023-11,2036,- [Islamophobia](https://www.diversitystyleguide.com/glossary/islamophobia/){.glossaryLink .cmtt_Islam .cmtt_Religion},glossary,no,no
islamophobia,racial-equity-tools-glossary-2023,543,"Antisemitism and Islamophobia are not only entangled, but deeply rooted in the same systems of white supremacy and Chris",keyword,no,no
issei,diversity-style-guide-2023-11,2041,"- [Issei, issei](https://www.diversitystyleguide.com/glossary/issei-issei/){.glossaryLink .cmtt_Asian .American .cmtt_Ra",glossary,no,no
jails,comm-unity-style-guide-2021,105,(ICE) funnels people who have already been deemed eligible for release from prisons or jails into its,keyword,no,no
jails,dcfpi-inclusive-language-2017-12,392,"• Jails vs. Prisons: Jails are where people are held waiting trial, and are often locally-run. Prisons are",keyword,no,no
jails,gcjt-style-guide-trauma-2021,1872,convicted of a crime are held for longer than a year whereas jails are,keyword,no,no
jails,idp-journalist-style-guide-2020,82,(ICE) funnels people who have already been deemed eligible for release from prisons or jails into,keyword,no,no
jails,racial-equity-tools-glossary-2023,230,"1. The action of abolishing a system, practice, or institution. Abolition centers on getting rid of prison, jails, polic",keyword,no,no
jails,sumofus-progressive-styleguide-2016,2347,"• In the United States, prisons are different than jails. Jails are",keyword,no,no
jails,tja-stylebook-2026-01,810,### [identifying trans sources in prisons or jails](#incarcerated-sources){.header-anchor} {#incarcerated-sources update,glossary,no,no
jainism,diversity-style-guide-2023-11,2046,- [Jainism](https://www.diversitystyleguide.com/glossary/jainism/){.glossaryLink .cmtt_Jainism .cmtt_Religion},glossary,no,no
jap,diversity-style-guide-2023-11,2051,- [Jap](https://www.diversitystyleguide.com/glossary/jap-2/){.glossaryLink .cmtt_Asian .American .cmtt_Race},glossary,no,no
japanese,diversity-style-guide-2023-11,1981,"- [internment, Japanese](https://www.diversitystyleguide.com/glossary/internment-japanese/){.glossaryLink .cmtt_Asian .A",glossary,no,no
japanese,nabj-style-guide-2022-10,1726,"| | | [reparations:]{style=""font-weight: bold;""} Government-issued funding and social programs intended to compensate bl",keyword,no,no
japanese,racial-equity-tools-glossary-2023,2883,"A term created by sociologist William Peterson to describe the Japanese community, whom he saw as being able to overcome",keyword,no,no
japanese names,diversity-style-guide-2023-11,2056,- [Japanese names](https://www.diversitystyleguide.com/glossary/japanese-names/){.glossaryLink .cmtt_Asian .American .cm,glossary,no,no
jehovah,religion-stylebook-2026-06,149,## Jehovah,glossary,no,no
jew,18doors-interfaith-glossary-2023,29,#### Why don’t we say “Non-Jew”?,keyword,no,no
jew,apa-inclusive-language-2023-10,289,"Prejudice against, hostility toward, or hatred of Jews. Antisemitism has taken various forms and has been perpetrated by",keyword,no,no
jew,cair-journalists-guide-2021-08,101,"Like Christians and Jews, Muslims believe in One God and are taught to live in submission to God",keyword,no,no
jew,color-of-change-black-families-narrative-2020,1568,Jews were compelled to live. In the United,keyword,no,no
jew,define-american-media-reference-2024-01,1961,"of the displaced Jews who entered Germany, Austria and Italy.",keyword,no,no
jew,diversity-style-guide-2023-11,2066,- [Jew](https://www.diversitystyleguide.com/glossary/jew/){.glossaryLink .cmtt_Judaism .cmtt_Religion},glossary,no,no
jew,gcjt-style-guide-trauma-2021,4364,Orthodox Jew and opened his mind to the great religions of the world.,keyword,no,no
jew,nabj-style-guide-2022-10,1302,"| | | [Ku Klux Klan:]{style=""font-weight: bold;""} Official name, Knights of the Ku Klux Klan; founded in 1915, a secret ",keyword,yes,yes
jew,racial-equity-tools-glossary-2023,539,"Antisemitism has deep historical roots and uses exploitation, marginalization, discrimination, and violence as its tools",keyword,no,no
jew,religion-stylebook-2026-06,153,## Jew,glossary,no,no
jew,sumofus-progressive-styleguide-2016,2493,"and religious identities: Indigenous Peoples, Arab, FrenchCanadian, Inuit, Jew, Latin, Asian, Cree, etc.",keyword,no,no
jewish congregations,religion-stylebook-2026-06,157,## Jewish congregations,glossary,no,yes
jewish holidays,religion-stylebook-2026-06,161,## Jewish holidays,glossary,no,no
jews for jesus,diversity-style-guide-2023-11,2071,- [Jews for Jesus](https://www.diversitystyleguide.com/glossary/jews-for-jesus/){.glossaryLink .cmtt_Christianity .cmtt_,glossary,no,no
jews for jesus,religion-stylebook-2026-06,165,## Jews for Jesus,glossary,no,no
jihad,cair-journalists-guide-2021-08,189,Jihad,keyword,no,no
jihad,diversity-style-guide-2023-11,2076,- [jihad](https://www.diversitystyleguide.com/glossary/jihad/){.glossaryLink .cmtt_Islam .cmtt_Religion},glossary,no,no
jihad,religion-stylebook-2026-06,639,## jihad,glossary,yes,no
jim crow,color-of-change-black-families-narrative-2020,1990,The New Jim Crow: Mass Incarceration in the Age,keyword,no,no
jim crow,diversity-style-guide-2023-11,2081,"- [Jim Crow](https://www.diversitystyleguide.com/glossary/jim-crow/){.glossaryLink .cmtt_African .American, .Black .cmtt",glossary,no,no
jim crow,nabj-style-guide-2022-10,903,"| | | | [Great Migration, The:]{style=""font-weight: bold;""} Mass movement by Southern blacks relocating to the North and",keyword,no,no
jim crow,racial-equity-tools-glossary-2023,3481,"If you think of race as assigning meaning to whole groups of people, ideologically convincing others that some people ar",keyword,no,no
judaism,18doors-interfaith-glossary-2023,25,"Interfaith couples and families can be Jewish/another faith, Jewish/no faith, adoptive, blended, extended, or something ",keyword,no,no
judaism,diversity-style-guide-2023-11,2086,- [Judaism](https://www.diversitystyleguide.com/glossary/judaism/){.glossaryLink .cmtt_Judaism .cmtt_Religion},glossary,no,no
judaism,gcjt-style-guide-trauma-2021,2223,HarvardBeing Jewish: The Spiritual and Cultural Practice of Judaism,keyword,no,no
judaism,nabj-style-guide-2022-10,1099,"| | | | [Islam:]{style=""font-weight: bold;""} Youngest of the world\'s three major monotheistic religions. Like Judaism a",keyword,no,no
judaism,sierra-club-equity-language-guide-2021,1470,"you might not be aware of. In Judaism, for example,",keyword,no,no
jummah,religion-stylebook-2026-06,643,## Jummah,glossary,no,no
juneteenth,diversity-style-guide-2023-11,2091,"- [Juneteenth](https://www.diversitystyleguide.com/glossary/juneteenth/){.glossaryLink .cmtt_African .American, .Black .",glossary,no,no
juneteenth,nabj-style-guide-2022-10,255,"| | | [Juneteenth.com](https://web.archive.org/web/20221008235320/http://www.juneteenth.com/){target=""_blank""}\ | | | |",keyword,no,no
just transition,movement-strategy-center-glossary-2024,240,#### Just Transition,glossary,no,no
just transition,sierra-club-equity-language-guide-2021,909,everything we can to support a fair and just transition.,keyword,no,no
kaaba,diversity-style-guide-2023-11,2096,- [Kaaba](https://www.diversitystyleguide.com/glossary/kaaba/){.glossaryLink .cmtt_Islam .cmtt_Religion},glossary,no,no
kaaba,nabj-style-guide-2022-10,1099,"| | | | [Islam:]{style=""font-weight: bold;""} Youngest of the world\'s three major monotheistic religions. Like Judaism a",keyword,no,no
kabbalah,apa-inclusive-language-2023-10,2323,"political world order. The term cabal originates from the word ‘kabbalah,’ the Jewish mystical interpretation of the Heb",keyword,no,no
kabbalah,diversity-style-guide-2023-11,2101,- [Kabbalah](https://www.diversitystyleguide.com/glossary/kabbalah/){.glossaryLink .cmtt_Judaism .cmtt_Religion},glossary,no,no
kabbalah,religion-stylebook-2026-06,187,## Kabbalah,glossary,no,yes
kaffiyeh,religion-stylebook-2026-06,647,## kaffiyeh,glossary,no,no
kafiyyeh,diversity-style-guide-2023-11,2106,- [kafiyyeh](https://www.diversitystyleguide.com/glossary/kafiyyeh/){.glossaryLink .cmtt_Arab .American .cmtt_Race},glossary,no,no
karaoke,diversity-style-guide-2023-11,2111,- [karaoke](https://www.diversitystyleguide.com/glossary/karaoke/){.glossaryLink .cmtt_Asian .American .cmtt_Race},glossary,no,no
karma,diversity-style-guide-2023-11,2116,- [karma](https://www.diversitystyleguide.com/glossary/karma/){.glossaryLink .cmtt_Buddhism .cmtt_Hinduism .cmtt_Religio,glossary,no,no
kashrut,diversity-style-guide-2023-11,2121,- [Kashrut](https://www.diversitystyleguide.com/glossary/kashrut/){.glossaryLink .cmtt_Judaism .cmtt_Religion},glossary,no,no
ka’bah,religion-stylebook-2026-06,183,## Ka’bah,glossary,no,no
keloid,diversity-style-guide-2023-11,2126,"- [keloid](https://www.diversitystyleguide.com/glossary/keloid/){.glossaryLink .cmtt_African .American, .Black .cmtt_Asi",glossary,no,no
keloid,nabj-style-guide-2022-10,1296,"| | | [keloid:]{style=""font-weight: bold;""} A raised scar that can develop after skin injury. During healing process, th",keyword,no,no
kesh,diversity-style-guide-2023-11,2131,- [kesh](https://www.diversitystyleguide.com/glossary/kesh/){.glossaryLink .cmtt_Religion .cmtt_Sikhism},glossary,no,no
killing fields,diversity-style-guide-2023-11,2136,- [killing fields](https://www.diversitystyleguide.com/glossary/killing-fields/){.glossaryLink .cmtt_Asian .American .cm,glossary,no,no
kippa,diversity-style-guide-2023-11,2141,"- [kippa, kippah](https://www.diversitystyleguide.com/glossary/kippa-kippah/){.glossaryLink .cmtt_Judaism .cmtt_Religion",glossary,no,no
kippah,diversity-style-guide-2023-11,2141,"- [kippa, kippah](https://www.diversitystyleguide.com/glossary/kippa-kippah/){.glossaryLink .cmtt_Judaism .cmtt_Religion",glossary,no,no
koran,diversity-style-guide-2023-11,2146,- [Koran](https://www.diversitystyleguide.com/glossary/koran/){.glossaryLink .cmtt_Islam .cmtt_Religion},glossary,no,no
koran,nabj-style-guide-2022-10,1099,"| | | | [Islam:]{style=""font-weight: bold;""} Youngest of the world\'s three major monotheistic religions. Like Judaism a",keyword,no,no
koran,religion-stylebook-2026-06,651,## Koran,glossary,no,no
korean names,diversity-style-guide-2023-11,2151,- [Korean names](https://www.diversitystyleguide.com/glossary/korean-names/){.glossaryLink .cmtt_Asian .American .cmtt_R,glossary,no,no
kosher,cair-journalists-guide-2021-08,447,"similar to the preparation of Kosher foods; therefore, Muslims can eat Kosher meat too.",keyword,no,no
kosher,diversity-style-guide-2023-11,2156,- [kosher](https://www.diversitystyleguide.com/glossary/kosher/){.glossaryLink .cmtt_Judaism .cmtt_Religion},glossary,no,no
kosher,religion-stylebook-2026-06,191,## kosher,glossary,no,yes
ku klux klan,diversity-style-guide-2023-11,2161,"- [Ku Klux Klan](https://www.diversitystyleguide.com/glossary/ku-klux-klan/){.glossaryLink .cmtt_African .American, .Bla",glossary,no,no
ku klux klan,nabj-style-guide-2022-10,1302,"| | | [Ku Klux Klan:]{style=""font-weight: bold;""} Official name, Knights of the Ku Klux Klan; founded in 1915, a secret ",keyword,yes,yes
ku klux klan,racial-equity-tools-glossary-2023,4821,"The idea (ideology) that white people and the ideas, thoughts, beliefs, and actions of white people are superior to Peop",keyword,no,no
kufi,diversity-style-guide-2023-11,2166,- [kufi](https://www.diversitystyleguide.com/glossary/kufi/){.glossaryLink .cmtt_Islam .cmtt_Religion},glossary,no,no
kufi,religion-stylebook-2026-06,655,## kufi,glossary,no,no
kwanzaa,diversity-style-guide-2023-11,2171,"- [Kwanzaa](https://www.diversitystyleguide.com/glossary/kwanzaa/){.glossaryLink .cmtt_African .American, .Black .cmtt_R",glossary,no,no
kwanzaa,nabj-style-guide-2022-10,1304,"| | | [Kwanzaa:]{style=""font-weight: bold;""} Swahili for first fruits of the harvest; an African-American cultural holid",keyword,no,no
lama,diversity-style-guide-2023-11,2176,- [lama](https://www.diversitystyleguide.com/glossary/lama/){.glossaryLink .cmtt_Buddhism .cmtt_Religion},glossary,no,no
lame,apa-inclusive-language-2023-10,1381,lame,keyword,no,no
lame,diversity-style-guide-2023-11,2181,- [lame](https://www.diversitystyleguide.com/glossary/lame/){.glossaryLink .cmtt_Disability},glossary,no,no
lame,ncdj-disability-style-guide-2021,1025,### [Lame/lamebrain]{.highlight-gold},glossary,yes,no
lame,sierra-club-equity-language-guide-2021,324,use of a term like “lame” to describe something,keyword,no,no
lame,sumofus-progressive-styleguide-2016,525,yy lame (never use to,keyword,yes,no
lamebrain,ncdj-disability-style-guide-2021,1025,### [Lame/lamebrain]{.highlight-gold},glossary,yes,no
language around transgender health care,tja-stylebook-2026-01,829,"### [language around transgender health care](#gender-affirming-care){.header-anchor} {#gender-affirming-care updated=""2",glossary,yes,no
language evolves,apa-inclusive-language-2023-10,35,because language evolves over time.,keyword,no,no
language evolves,gcjt-style-guide-trauma-2021,2076,language evolves and additional guidance is needed. If you think,keyword,no,no
language evolves,radicalcopyeditor-trans-style-guide-2017,84,**Language evolves:** Celebrate rapid language changes in gender communities. This reflects marginalized people reclaimi,glossary,no,no
laotian names,diversity-style-guide-2023-11,2186,- [Laotian names](https://www.diversitystyleguide.com/glossary/laotian-names/){.glossaryLink .cmtt_Asian .American .cmtt,glossary,no,no
late deafened,diversity-style-guide-2023-11,2971,- [pre-lingually deaf/postlingually deaf/late-deafened](https://www.diversitystyleguide.com/glossary/pre-lingually-deafp,glossary,no,no
late deafened,ncdj-disability-style-guide-2021,1288,### [Prelingually deaf/postlingually deaf/late-deafened]{.highlight-gold},glossary,no,no
latin@,diversity-style-guide-2023-11,2191,- [Latin@](https://www.diversitystyleguide.com/glossary/latin/){.glossaryLink .cmtt_Latino/Latina .cmtt_Race},glossary,no,no
latina,apa-inclusive-language-2023-10,1465,"such as Nigerian, Kenyan, Jamaican, Bahamian, Puerto Rican, or Panamanian; in these cases, use “Black.” The term AfroLat",keyword,yes,no
latina,dcfpi-inclusive-language-2017-12,168,"• Use Latinx (pronounced ""La-TEEN-ex""), rather than Latino, Latina, or Latin@. This is a genderinclusive way to refer to",keyword,no,no
latina,diversity-style-guide-2023-11,2196,- [Latina/Latino](https://www.diversitystyleguide.com/glossary/latinalatino/){.glossaryLink .cmtt_Latino/Latina .cmtt_Ra,glossary,no,no
latina,seiu-stylebook-2020-01,783,"Latino [always capitalized], Latina [if we know the person is female]",keyword,no,no
latina,sierra-club-equity-language-guide-2021,205,"may prefer Hispanic, Latino/Latina or another descriptor",keyword,no,no
latina,sumofus-progressive-styleguide-2016,3303,126 http://www.latina.com/lifestyle/our-issues/mexico-muxes-gender,keyword,no,no
latine,apa-inclusive-language-2023-10,1591,"Hispanic, Latino, Latina, Latino/a, Latin@, Latine, Latinx, or Chicano",keyword,no,no
latine,define-american-media-reference-2024-01,1451,Representation of Latine immigrant characters,keyword,no,no
latine,diversity-style-guide-2023-11,2201,- [Latine](https://www.diversitystyleguide.com/glossary/latine/){.glossaryLink .cmtt_Gender .cmtt_Latino/Latina .cmtt_LG,glossary,no,no
latine,tja-stylebook-2026-01,1180,"### [Latinx, Latine (adj.)](#def-latinx){.header-anchor} {#def-latinx updated=""2023-08-25"" tabindex=""-1""}",glossary,no,no
latino,apa-inclusive-language-2023-10,1465,"such as Nigerian, Kenyan, Jamaican, Bahamian, Puerto Rican, or Panamanian; in these cases, use “Black.” The term AfroLat",keyword,yes,no
latino,casey-editorial-guide-2013-04,729,"For nouns: African American, Asian American, black, Hispanic, Latino, Native American, nonHispanic white, white (do not ",keyword,yes,no
latino,color-of-change-black-families-narrative-2020,949,"Americans and Latinos as lawbreakers on television news. Journal of Communication, 50(2), 131-154.",keyword,no,no
latino,comm-unity-style-guide-2021,351,• A 2017 reported entitled “Latinos in TV network news 2008-2014: Still mostly invisible and problematic” found,keyword,no,no
latino,dcfpi-inclusive-language-2017-12,168,"• Use Latinx (pronounced ""La-TEEN-ex""), rather than Latino, Latina, or Latin@. This is a genderinclusive way to refer to",keyword,no,no
latino,define-american-media-reference-2024-01,1457,"(U.S. Gov’t Accountability Office, Latino",keyword,no,no
latino,diversity-style-guide-2023-11,2196,- [Latina/Latino](https://www.diversitystyleguide.com/glossary/latinalatino/){.glossaryLink .cmtt_Latino/Latina .cmtt_Ra,glossary,no,no
latino,gcjt-style-guide-trauma-2021,1586,"describe someone as Honduran rather than Latino or Latinx. Or, if",keyword,no,no
latino,hrw-describing-migrants-2014-06,32,[3] One study in the US has shown that use of the term “illegal immigrants” leads to negative stereotyping of Latinos. N,keyword,no,no
latino,idp-journalist-style-guide-2020,633,"systems, Latinos and: Defund the Police,",keyword,no,no
latino,racial-equity-tools-glossary-2023,91,"[Many of the terms in this glossary have evolved over time. For example, given the changing demographic trends in the Un",keyword,no,no
latino,seiu-stylebook-2020-01,237,"Use Latino[a], avoid chicano[a] unless the specific individual or organization uses it.",keyword,yes,no
latino,sierra-club-equity-language-guide-2021,205,"may prefer Hispanic, Latino/Latina or another descriptor",keyword,no,no
latinx,apa-inclusive-language-2023-10,1465,"such as Nigerian, Kenyan, Jamaican, Bahamian, Puerto Rican, or Panamanian; in these cases, use “Black.” The term AfroLat",keyword,yes,no
latinx,comm-unity-style-guide-2021,139,• “African American adults are 5.9 times as likely to be incarcerated than whites and [Latinxs] are,keyword,no,no
latinx,dcfpi-inclusive-language-2017-12,93,"percent” try “Black incomes fell by an average of 12 percent, Latinx incomes by 4 percent, while white",keyword,no,no
latinx,define-american-media-reference-2024-01,2300,"Latine, Latinx 28-30",keyword,no,no
latinx,diversity-style-guide-2023-11,2206,- [Latinx](https://www.diversitystyleguide.com/glossary/latinx/){.glossaryLink},glossary,no,no
latinx,gcjt-style-guide-trauma-2021,1586,"describe someone as Honduran rather than Latino or Latinx. Or, if",keyword,no,no
latinx,idp-journalist-style-guide-2020,139,[Latinxs] are 3.1 times as likely.”,keyword,no,no
latinx,native-governance-center-style-guide-2021-02,83,"Capitalize other racial and ethnic identifiers, such as Asian and Latinx.",keyword,no,yes
latinx,racial-equity-tools-glossary-2023,91,"[Many of the terms in this glossary have evolved over time. For example, given the changing demographic trends in the Un",keyword,no,no
latinx,sierra-club-equity-language-guide-2021,204,"example, some people might prefer “Latinx” while others",keyword,no,no
latinx,tja-stylebook-2026-01,1180,"### [Latinx, Latine (adj.)](#def-latinx){.header-anchor} {#def-latinx updated=""2023-08-25"" tabindex=""-1""}",glossary,no,no
latter day saints,diversity-style-guide-2023-11,2211,- [Latter-day Saints](https://www.diversitystyleguide.com/glossary/latter-day-saints/){.glossaryLink .cmtt_Mormonism .cm,glossary,no,no
lay person,diversity-style-guide-2023-11,2216,- [lay person](https://www.diversitystyleguide.com/glossary/lay-person/){.glossaryLink .cmtt_Religion},glossary,no,no
lds church,diversity-style-guide-2023-11,2221,- [LDS Church](https://www.diversitystyleguide.com/glossary/lds-church/){.glossaryLink .cmtt_Mormonism .cmtt_Religion},glossary,no,no
learning disability,ncdj-disability-style-guide-2021,1037,### [Learning disability]{.highlight-gold},glossary,no,no
learning disability,sumofus-progressive-styleguide-2016,469,yy learning disability,keyword,no,no
legally blind,ncdj-disability-style-guide-2021,356,### [Blind/legally blind/limited vision/low vision/partially sighted/visually impaired]{.highlight-gold},glossary,no,no
lent,diversity-style-guide-2023-11,2226,- [Lent](https://www.diversitystyleguide.com/glossary/lent/){.glossaryLink .cmtt_Catholicism .cmtt_Christianity .cmtt_Re,glossary,no,no
lesbian,apa-inclusive-language-2023-10,1553,"gender nonconforming), sexual orientation (e.g., gay, lesbian, bisexual), and socioeconomic status (e.g., poor, working",keyword,no,no
lesbian,diversity-style-guide-2023-11,2231,- [lesbian](https://www.diversitystyleguide.com/glossary/lesbian/){.glossaryLink .cmtt_LGBTQ},glossary,no,no
lesbian,hrc-glossary-2023-05,97,"**Lesbian \|** A woman who is emotionally, romantically or sexually attracted to other women. Women and non-binary peopl",glossary,no,no
lesbian,opportunity-agenda-social-justice-phrase-guide-2015,25,Whites; LGBTQ people vs. gays and lesbians; young people,keyword,no,no
lesbian,racial-equity-tools-glossary-2023,2623,"An acronym that collectively refers to individuals who are lesbian, gay, bisexual, transgender, or queer, sometimes stat",keyword,no,no
lesbian,seiu-stylebook-2020-01,612,"lesbian, gay, bisexual and transgender [LGBT]",keyword,no,no
lesbian,sierra-club-equity-language-guide-2021,670,"• LGBTQI stands for lesbian, gay, bisexual, transgender,",keyword,no,no
lesbian,sumofus-progressive-styleguide-2016,1222,"LGBQQTIA2-S (lesbian, gay, bisexual, queer, questioning,",keyword,no,no
lgbtq+,hrc-glossary-2023-05,99,"**LGBTQ+ \|** An acronym for ""lesbian, gay, bisexual, transgender and queer"" with a \""+\"" sign to recognize the limitles",glossary,no,no
lgbtq+,nlgja-stylebook-lgbtq-2025-06,303,**LGBTQ+\**,glossary,no,no
lgbtqia+,movement-strategy-center-glossary-2024,244,#### LGBTQIA+,glossary,no,no
lifestyle,color-of-change-black-families-narrative-2020,1583,"lifestyle and clothing in a Black community, bearing little in common with the",keyword,no,no
lifestyle,dcfpi-inclusive-language-2017-12,431,Hermaphrodite Lifestyle,keyword,no,no
lifestyle,diversity-style-guide-2023-11,2241,- [lifestyle](https://www.diversitystyleguide.com/glossary/lifestyle/){.glossaryLink .cmtt_LGBTQ},glossary,no,no
lifestyle,nlgja-stylebook-lgbtq-2025-06,306,**lifestyle\**,glossary,no,no
lifestyle,sumofus-progressive-styleguide-2016,1355,yy lifestyle choice,keyword,no,no
limb difference,ncdj-disability-style-guide-2021,1047,### [Limb difference/Limb different]{.highlight-gold},glossary,no,no
limb different,ncdj-disability-style-guide-2021,1047,### [Limb difference/Limb different]{.highlight-gold},glossary,no,no
limited vision,diversity-style-guide-2023-11,686,- [blind/limited vision/low vision/partially sighted/visually impaired](https://www.diversitystyleguide.com/glossary/bli,glossary,no,no
limited vision,ncdj-disability-style-guide-2021,356,### [Blind/legally blind/limited vision/low vision/partially sighted/visually impaired]{.highlight-gold},glossary,no,no
limited vision,sumofus-progressive-styleguide-2016,470,"yy limited vision, low vision,",keyword,no,no
linguistic racism,diversity-style-guide-2023-11,2246,- [linguistic racism](https://www.diversitystyleguide.com/glossary/linguistic-racism/){.glossaryLink .cmtt_African .Amer,glossary,no,no
lip,ncdj-disability-style-guide-2021,443,### [Cleft palate or lip/harelip]{.highlight-gold},glossary,yes,no
little people,apa-inclusive-language-2023-10,1378,having dwarfism (Little People of,keyword,no,no
little people,ncdj-disability-style-guide-2021,1057,### [Little person/little people]{.highlight-gold},glossary,no,no
little person,apa-inclusive-language-2023-10,1375,little person,keyword,no,no
little person,diversity-style-guide-2023-11,1206,"- [dwarf, little person, midget, short stature](https://www.diversitystyleguide.com/glossary/dwarf-little-person-midget-",glossary,no,no
little person,ncdj-disability-style-guide-2021,733,### [Dwarf/little person/midget/short stature]{.highlight-gold},glossary,yes,no
liturgy,diversity-style-guide-2023-11,2256,- [liturgy](https://www.diversitystyleguide.com/glossary/liturgy/){.glossaryLink .cmtt_Catholicism .cmtt_Christianity .c,glossary,no,no
locks,diversity-style-guide-2023-11,1181,"- [dreadlocks, locks, locs](https://www.diversitystyleguide.com/glossary/dreadlocks-locks-locs/){.glossaryLink .cmtt_Afr",glossary,no,no
locks,nabj-style-guide-2022-10,1085,"| | | | [dreadlocks, dreds or locks]{style=""font-weight: bold;""} - Long uncombed twisted, or matted, locks of hair, a st",keyword,no,no
locs,diversity-style-guide-2023-11,1181,"- [dreadlocks, locks, locs](https://www.diversitystyleguide.com/glossary/dreadlocks-locks-locs/){.glossaryLink .cmtt_Afr",glossary,no,no
loony,ncdj-disability-style-guide-2021,486,### [Crazy/loony/mad/psycho/nuts/deranged]{.highlight-gold},glossary,yes,no
loony,sumofus-progressive-styleguide-2016,538,yy loony,keyword,no,no
lord,cair-journalists-guide-2021-08,215,"1. “If it had been the will of your Lord that all the people of the world should be believers, all the",keyword,no,no
lord,diversity-style-guide-2023-11,2261,- [Lord](https://www.diversitystyleguide.com/glossary/lord/){.glossaryLink .cmtt_Religion},glossary,no,no
lover,diversity-style-guide-2023-11,2266,- [lover](https://www.diversitystyleguide.com/glossary/lover/){.glossaryLink .cmtt_LGBTQ},glossary,no,no
lover,nlgja-stylebook-lgbtq-2025-06,343,"**partner, lover\**",glossary,no,no
low functioning,ncdj-disability-style-guide-2021,882,### [High functioning/low functioning]{.highlight-gold},glossary,yes,no
low vision,apa-inclusive-language-2023-10,1182,a Deaf person with low vision,keyword,no,no
low vision,diversity-style-guide-2023-11,686,- [blind/limited vision/low vision/partially sighted/visually impaired](https://www.diversitystyleguide.com/glossary/bli,glossary,no,no
low vision,ncdj-disability-style-guide-2021,356,### [Blind/legally blind/limited vision/low vision/partially sighted/visually impaired]{.highlight-gold},glossary,no,no
low vision,sumofus-progressive-styleguide-2016,470,"yy limited vision, low vision,",keyword,no,no
lubavitch,diversity-style-guide-2023-11,2271,"- [Lubavitch, Lubavitcher](https://www.diversitystyleguide.com/glossary/lubavitch/){.glossaryLink .cmtt_Judaism .cmtt_Re",glossary,no,no
lubavitch,religion-stylebook-2026-06,195,"## Lubavitch, Lubavitcher",glossary,no,no
lubavitcher,diversity-style-guide-2023-11,2271,"- [Lubavitch, Lubavitcher](https://www.diversitystyleguide.com/glossary/lubavitch/){.glossaryLink .cmtt_Judaism .cmtt_Re",glossary,no,no
lubavitcher,religion-stylebook-2026-06,195,"## Lubavitch, Lubavitcher",glossary,no,no
lunatic,define-american-media-reference-2024-01,1928,"considered ""convicts,"" ""lunatics,"" and ""likely to become a public",keyword,no,no
lunatic,diversity-style-guide-2023-11,996,"- [crazy/crazed, psycho, nuts, lunatic, deranged, wacko](https://www.diversitystyleguide.com/glossary/crazycrazed-psycho",glossary,no,no
lupus,diversity-style-guide-2023-11,2276,"- [lupus](https://www.diversitystyleguide.com/glossary/lupus/){.glossaryLink .cmtt_African .American, .Black .cmtt_Disab",glossary,no,no
lupus,nabj-style-guide-2022-10,1343,"| | | | [lupus:]{style=""font-weight: bold;""} Chronic disease that affects immunity. Normally, the body\'s immune system ",keyword,no,no
lutheran,diversity-style-guide-2023-11,2281,- [Lutheran](https://www.diversitystyleguide.com/glossary/lutheran/){.glossaryLink .cmtt_Christianity .cmtt_Religion},glossary,no,no
maab,diversity-style-guide-2023-11,1411,"- [gender assigned at birth (GAAB), MAAB, FAAB](https://www.diversitystyleguide.com/glossary/gender-assigned-at-birth-ga",glossary,no,no
mad,ncdj-disability-style-guide-2021,486,### [Crazy/loony/mad/psycho/nuts/deranged]{.highlight-gold},glossary,yes,no
mad,sierra-club-equity-language-guide-2021,441,“mad”) trying to stop this bill.,keyword,no,no
madhhab,religion-stylebook-2026-06,659,## madhhab,glossary,no,no
madman,diversity-style-guide-2023-11,2286,- [madman](https://www.diversitystyleguide.com/glossary/madman/){.glossaryLink .cmtt_Disability},glossary,no,no
madrassa,diversity-style-guide-2023-11,2291,- [madrassa](https://www.diversitystyleguide.com/glossary/madrasah/){.glossaryLink .cmtt_Islam .cmtt_Religion},glossary,no,no
madrassa,religion-stylebook-2026-06,663,## madrassa,glossary,no,no
magen david,religion-stylebook-2026-06,199,## Magen David,glossary,no,no
mahatma,diversity-style-guide-2023-11,2296,- [Mahatma](https://www.diversitystyleguide.com/glossary/mahatma/){.glossaryLink .cmtt_Indian .American .cmtt_Race},glossary,no,no
mahatma,nabj-style-guide-2022-10,677,"| | | [Congress of Racial Equality (CORE):]{style=""font-weight: bold;""} Civil-rights organization founded in 1942 as the",keyword,yes,no
mahdi,religion-stylebook-2026-06,667,## Mahdi,glossary,no,no
mainline protestant,diversity-style-guide-2023-11,2301,- [mainline Protestant](https://www.diversitystyleguide.com/glossary/mainline-protestant/){.glossaryLink .cmtt_Christian,glossary,no,no
malaysian names,diversity-style-guide-2023-11,2306,- [Malaysian names](https://www.diversitystyleguide.com/glossary/malaysian-names/){.glossaryLink .cmtt_Asian .American .,glossary,no,no
malcolm x,nabj-style-guide-2022-10,1520,"| | | [Nation of Islam:]{style=""font-weight: bold;""} Religious movement established during the Great Depression in Detro",keyword,no,no
malcolm x,religion-stylebook-2026-06,671,## Malcolm X,glossary,no,no
male,diversity-style-guide-2023-11,1351,"- [female/feminine pronouns, male/masculine pronouns](https://www.diversitystyleguide.com/glossary/female-feminine-prono",glossary,no,no
male bodied,tja-stylebook-2026-01,461,"### [male-bodied, female-bodied](#male-female-bodied){.header-anchor} {#male-female-bodied updated=""2023-08-25"" tabindex",glossary,yes,no
male identified,tja-stylebook-2026-01,517,"### [trans-identified, male-identified, female-identified](#trans-identified){.header-anchor} {#trans-identified updated",glossary,yes,no
male to female,apa-inclusive-language-2023-10,2124,male to female,keyword,no,no
male to female,diversity-style-guide-2023-11,2311,"- [male-to-female (MtF), female-to-male (FtM)](https://www.diversitystyleguide.com/glossary/male-to-female-mtf-female-to",glossary,no,no
male to female,tja-stylebook-2026-01,1188,"### [male-to-female (MtF), female-to-male (FtM) (adj.)](#def-mtf-ftm){.header-anchor} {#def-mtf-ftm updated=""2023-08-25""",glossary,yes,no
manang,diversity-style-guide-2023-11,2326,- [manong (mah-nong)/manang (mah-nang)](https://www.diversitystyleguide.com/glossary/manong-mah-nongmanang-mah-nang/){.g,glossary,no,no
mandarin,diversity-style-guide-2023-11,2316,- [Mandarin](https://www.diversitystyleguide.com/glossary/mandarin/){.glossaryLink .cmtt_Asian .American .cmtt_Geography,glossary,no,no
manga,diversity-style-guide-2023-11,2321,- [manga](https://www.diversitystyleguide.com/glossary/manga/){.glossaryLink .cmtt_Asian .American .cmtt_Race},glossary,no,no
manong,diversity-style-guide-2023-11,2326,- [manong (mah-nong)/manang (mah-nang)](https://www.diversitystyleguide.com/glossary/manong-mah-nongmanang-mah-nang/){.g,glossary,no,no
mantra,diversity-style-guide-2023-11,2331,- [mantra](https://www.diversitystyleguide.com/glossary/mantra/){.glossaryLink .cmtt_Buddhism .cmtt_Hinduism .cmtt_Jaini,glossary,no,no
marginalized genders,racial-equity-tools-glossary-2023,2840,"An aggravated form of sexism. Misogyny is a primary motivation for the Right, both as a vehicle for recruitment and just",keyword,no,no
marginalized genders,tja-stylebook-2026-01,1192,"### [marginalized genders, underrepresented genders (n.)](#def-marginalized-genders){.header-anchor} {#def-marginalized-",glossary,no,no
marriage,cair-journalists-guide-2021-08,258,"participate in public affairs, to earn a living and purse an education, to accept or reject a marriage",keyword,no,no
marriage,color-of-change-black-families-narrative-2020,1347,"Fathers Provide? A Mixed‐Method Analysis,” Journal of Marriage and Family, February 28, 2015.",keyword,no,no
marriage,dcfpi-inclusive-language-2017-12,406,• Family/marital details are only relevant when talking about family or marriage. Don't describe,keyword,no,no
marriage,define-american-media-reference-2024-01,617,Marriage and the “Marriage Miracle”,keyword,no,no
marriage,diversity-style-guide-2023-11,2336,- [marriage](https://www.diversitystyleguide.com/glossary/marriage/){.glossaryLink .cmtt_LGBTQ},glossary,no,no
marriage,gcjt-style-guide-trauma-2021,642,"and harassment, forced marriages, female genital mutilation, forced",keyword,no,no
marriage,nlgja-stylebook-lgbtq-2025-06,309,**marriage\**,glossary,yes,no
marriage,racial-equity-tools-glossary-2023,1072,"**SOURCE:** Burton, Linda M et al., ""[[Critical Race Theories, Colorism, and the Decade's Research on Families of Color]",keyword,no,no
marriage,sumofus-progressive-styleguide-2016,1076,"• Full Marriage Equality, Glossary106.",keyword,no,no
martial arts,diversity-style-guide-2023-11,2341,- [martial arts](https://www.diversitystyleguide.com/glossary/martial-arts/){.glossaryLink .cmtt_Asian .American .cmtt_R,glossary,no,no
mary,cair-journalists-guide-2021-08,334,Verse 45 of chapter 3 in the Quran states: “Behold! The angels said: ‘O Mary! God gives you glad,keyword,no,no
mary,color-of-change-black-families-narrative-2020,1199,"‘Broken Home’” by Mary Widdicks, Huffington Post, October 13, 2015.",keyword,no,no
mary,nabj-style-guide-2022-10,1516,"| | | [NAACP:]{style=""font-weight: bold;""} National Association for the Advancement of Colored People was founded Feb. 1",keyword,no,no
mary,racial-equity-tools-glossary-2023,3790,**SOURCE:** [[*Facts Matter! Black Lives Matter! The Trauma of Racism*]{.underline}](https://mcsilver.nyu.edu/wp-content,keyword,no,no
mary,religion-stylebook-2026-06,675,"## Mary, mother of Jesus",glossary,no,no
mary,seiu-stylebook-2020-01,219,Mary Smith is the chair of the convention.,keyword,no,no
masculine pronouns,diversity-style-guide-2023-11,1351,"- [female/feminine pronouns, male/masculine pronouns](https://www.diversitystyleguide.com/glossary/female-feminine-prono",glossary,no,no
masjid,cair-journalists-guide-2021-08,390,"Masjid – The Arabic word for “mosque,” an Islamic house of worship. Plural: masajid.",keyword,no,no
masjid,diversity-style-guide-2023-11,2346,- [masjid](https://www.diversitystyleguide.com/glossary/masjid/){.glossaryLink .cmtt_Islam .cmtt_Religion},glossary,no,no
mass,apa-inclusive-language-2023-10,853,"Although body mass index (BMI) is often used to determine body fat content by medical standards, a growing consensus",keyword,no,no
mass,casey-editorial-guide-2013-04,710,¥ Ala. Ariz. Ark. Calif. Colo. Conn. Del. Fla. Ga. Ill. Ind. Kan. Ky. La. Md. Mass. Mich. Minn. Miss.,keyword,no,no
mass,color-of-change-antiracist-protest-reporting-2020,22,This year marked a new era of mass public protest.,keyword,no,no
mass,color-of-change-black-families-narrative-2020,270,central to our system of mass incar­,keyword,no,no
mass,comm-unity-style-guide-2021,23,mass incarceration and the immigration system.,keyword,no,no
mass,diversity-style-guide-2023-11,2351,- [mass](https://www.diversitystyleguide.com/glossary/mass/){.glossaryLink .cmtt_Catholicism .cmtt_Religion},glossary,no,no
mass,gcjt-style-guide-trauma-2021,48,- [Homicide & Mass Shooting](/topic/homicide-mass-shooting),keyword,no,no
mass,idp-journalist-style-guide-2020,106,"Thousands of doctors have warned that immigration detention, like all forms of mass incarceration,",keyword,no,no
mass,nabj-style-guide-2022-10,903,"| | | | [Great Migration, The:]{style=""font-weight: bold;""} Mass movement by Southern blacks relocating to the North and",keyword,no,no
mass,opportunity-agenda-social-justice-phrase-guide-2015,185,"be in line with our values. For example, the ills of mass",keyword,no,no
mass,racial-equity-tools-glossary-2023,2887,"While individuals employing the Model Minority trope may think they are being complimentary, in fact the term is related",keyword,no,no
mass,seiu-stylebook-2020-01,1320,"Ala., Ariz., Ark., Calif., Colo., Conn., Del., Fla., Ga., Ill., Ind., Kan., Ky., La., Md., Mass.,",keyword,no,no
mass,sierra-club-equity-language-guide-2021,390,a mass-produced sign or an ad that thousands of,keyword,no,no
mass,wordsaboutwar-full-2025,630,acts of mass violence,keyword,no,no
mass,wordsaboutwar-short-2025,147,"acts of mass violence, attacks on civilians",keyword,no,no
mass incarceration,color-of-change-black-families-narrative-2020,457,• Mass Incarceration,keyword,no,no
mass incarceration,comm-unity-style-guide-2021,23,mass incarceration and the immigration system.,keyword,no,no
mass incarceration,diversity-style-guide-2023-11,2356,- [mass incarceration](https://www.diversitystyleguide.com/glossary/mass-incarceration/){.glossaryLink .cmtt_African .Am,glossary,no,no
mass incarceration,idp-journalist-style-guide-2020,106,"Thousands of doctors have warned that immigration detention, like all forms of mass incarceration,",keyword,no,no
master bedroom,diversity-style-guide-2023-11,2361,- [master bedroom/bathroom](https://www.diversitystyleguide.com/glossary/master-bedroom-bathroom/){.glossaryLink .cmtt_A,glossary,no,no
mccarran walter act,diversity-style-guide-2023-11,2366,- [McCarran-Walter Act](https://www.diversitystyleguide.com/glossary/mccarran-walter-act/){.glossaryLink .cmtt_Asian .Am,glossary,no,no
mecca,cair-journalists-guide-2021-08,91,"5. Pilgrimage - A pilgrimage to Mecca, or Hajj, is an obligation for those who are physically and",keyword,no,no
mecca,nabj-style-guide-2022-10,1099,"| | | | [Islam:]{style=""font-weight: bold;""} Youngest of the world\'s three major monotheistic religions. Like Judaism a",keyword,no,no
mecca,religion-stylebook-2026-06,685,## Mecca,glossary,no,no
mehndi,diversity-style-guide-2023-11,2371,- [mehndi](https://www.diversitystyleguide.com/glossary/mehndi/){.glossaryLink .cmtt_Indian .American .cmtt_Race},glossary,no,no
mena,apa-inclusive-language-2023-10,1477,"and Israeli” (Initial Proposals, 2023, p. 5379). When writing about people of MENA descent, state the nation of origin (",keyword,no,no
mena,define-american-media-reference-2024-01,1459,While Middle Eastern/North African (MENA),keyword,yes,no
mena,diversity-style-guide-2023-11,2376,"- [MENA, Middle Eastern or North African](https://www.diversitystyleguide.com/glossary/mena-middle-eastern-or-north-afri",glossary,no,no
menorah,religion-stylebook-2026-06,203,## menorah,glossary,no,no
mental disorder,apa-inclusive-language-2023-10,1123,person with a mental disorder,keyword,no,no
mental disorder,ncdj-disability-style-guide-2021,1067,### [Mental illness/mental disorder]{.highlight-gold},glossary,yes,no
mental health,apa-inclusive-language-2023-10,556,"guidance, and early intervention for those with risk factors for physical, mental health, and substance-related conditio",keyword,no,no
mental health,color-of-change-black-survivors-styleguide-2022,285,Reporting on things like the mental health and criminal record of the victim/,keyword,no,no
mental health,comm-unity-style-guide-2021,344,"shootings, with shooters who are white men often portrayed as “lone wolves” suffering from mental health issues,",keyword,yes,no
mental health,dcfpi-inclusive-language-2017-12,324,"and mental disabilities are distinct from each other, and from mental illness/ mental health disorders.",keyword,no,no
mental health,diversity-style-guide-2023-11,1096,"- [diagnosis, mental health](https://www.diversitystyleguide.com/glossary/diagnosis-mental-health/){.glossaryLink .cmtt_",glossary,no,no
mental health,gcjt-style-guide-trauma-2021,53,- [PTSD & Mental Health](/topic/ptsd-mental-health),keyword,no,no
mental health,interact-intersex-media-guide-2017,246,Intersex people and their families need access to full information and both peer and mental health support.,keyword,no,no
mental health,seiu-stylebook-2020-01,314,The board decided to contract out the county’s mental health services.,keyword,no,no
mental health,sierra-club-equity-language-guide-2021,317,"For people struggling with mental health challenges,",keyword,no,no
mental health,sumofus-progressive-styleguide-2016,378,"always use disability and mental health terminology accurately,",keyword,no,no
mental health disorder,apa-inclusive-language-2023-10,661,person with a preexisting mental health disorder,keyword,no,no
mental health disorder,dcfpi-inclusive-language-2017-12,350,Mental health disorder (preferred term in homeless services world),keyword,no,no
mental health disorder,diversity-style-guide-2023-11,2391,"- [mental illness, mental health disorder](https://www.diversitystyleguide.com/glossary/mental-illness-mental-health-dis",glossary,no,no
mental health hospital,diversity-style-guide-2023-11,1941,- [insane asylum/mental health hospital/psychiatric hospital](https://www.diversitystyleguide.com/glossary/insane-asylum,glossary,no,no
mental health hospital,ncdj-disability-style-guide-2021,964,### [Insane asylum/mental health hospital/psychiatric hospital]{.highlight-gold},glossary,no,no
mental health professional,diversity-style-guide-2023-11,2386,- [mental health professional](https://www.diversitystyleguide.com/glossary/mental-health-professional/){.glossaryLink .,glossary,no,no
mental health professional,ncdj-disability-style-guide-2021,1084,### [Mental health professional/shrink]{.highlight-gold},glossary,yes,no
mental illness,apa-inclusive-language-2023-10,657,person living with a mental illness,keyword,no,no
mental illness,color-of-change-antiracist-protest-reporting-2020,315,responses to addiction and mental illness to,keyword,no,no
mental illness,dcfpi-inclusive-language-2017-12,324,"and mental disabilities are distinct from each other, and from mental illness/ mental health disorders.",keyword,no,no
mental illness,diversity-style-guide-2023-11,2391,"- [mental illness, mental health disorder](https://www.diversitystyleguide.com/glossary/mental-illness-mental-health-dis",glossary,no,no
mental illness,gcjt-style-guide-trauma-2021,344,"dysfunction include substance abuse, mental illness or suicidal attempts",keyword,no,no
mental illness,ncdj-disability-style-guide-2021,1067,### [Mental illness/mental disorder]{.highlight-gold},glossary,yes,no
mentally deranged,ncdj-disability-style-guide-2021,954,### [Insane/insanity/mentally deranged/psychopathology]{.highlight-gold},glossary,yes,no
mentally disabled,diversity-style-guide-2023-11,2396,"- [mentally retarded, mentally disabled, intellectually disabled, developmentally disabled](https://www.diversitystylegu",glossary,no,no
mentally retarded,apa-inclusive-language-2023-10,1086,mentally retarded,keyword,no,no
mentally retarded,diversity-style-guide-2023-11,2396,"- [mentally retarded, mentally disabled, intellectually disabled, developmentally disabled](https://www.diversitystylegu",glossary,no,no
mentally retarded,ncdj-disability-style-guide-2021,1099,### [Mentally retarded]{.highlight-gold},glossary,yes,no
mention of,apa-inclusive-language-2023-10,1762,activities and behaviors (socialization behaviors); and avoiding mention of issues pertaining to race or ethnicity (sile,keyword,no,no
mention of,cair-journalists-guide-2021-08,94,[* It is Islamic custom for one to say “peace be upon him” after the mention of any prophet of,keyword,no,no
mention of,diversity-style-guide-2023-11,1301,"- [ethnicity, mention of](https://www.diversitystyleguide.com/glossary/ethnicity-mention-of/){.glossaryLink .cmtt_Race}",glossary,no,no
mention of,nabj-style-guide-2022-10,876,"| | | [ethnicity, race:]{style=""font-weight: bold;""} The mention of a persons race should not be used unless relevant. T",keyword,yes,no
mention of,sierra-club-equity-language-guide-2021,1508,"press hook, be sure to avoid any mention of Pilgrims, the",keyword,yes,no
messiah,diversity-style-guide-2023-11,2401,"- [messiah, Messiah](https://www.diversitystyleguide.com/glossary/messiah-messiah/){.glossaryLink .cmtt_Christianity .cm",glossary,no,no
messiah,nabj-style-guide-2022-10,1724,"| | | [Rastafarians:]{style=""font-weight: bold;""} Members of a political and religious movement among blacks in Jamaica ",keyword,no,no
messiah,religion-stylebook-2026-06,207,"## messiah, Messiah",glossary,no,yes
messianic jews,religion-stylebook-2026-06,211,## Messianic Jews,glossary,no,no
methodist episcopal church,diversity-style-guide-2023-11,2406,- [Methodist Episcopal Church](https://www.diversitystyleguide.com/glossary/methodist-episcopal-church/){.glossaryLink .,glossary,no,no
mexican,color-of-change-antiracist-protest-reporting-2020,462,Mexican woman at a Trump rally or the car burning in what may be an,keyword,no,no
mexican,define-american-media-reference-2024-01,681,Mexican-American family of mixed-status.,keyword,no,no
mexican,diversity-style-guide-2023-11,2411,"- [Mexican, Mexican-American](https://www.diversitystyleguide.com/glossary/mexican-mexican-american/){.glossaryLink .cmt",glossary,no,no
mexican,racial-equity-tools-glossary-2023,1617,"Examples of different ethnic groups are: Cape Verdean, Haitian, African American (Black); Chinese, Korean, Vietnamese (A",keyword,no,no
mexican,sierra-club-equity-language-guide-2021,1967,Kenyan-Mexican actress Lupita Nyong’o’s skin was,keyword,no,no
mexican american,define-american-media-reference-2024-01,681,Mexican-American family of mixed-status.,keyword,no,no
mexican american,diversity-style-guide-2023-11,2411,"- [Mexican, Mexican-American](https://www.diversitystyleguide.com/glossary/mexican-mexican-american/){.glossaryLink .cmt",glossary,no,no
microaggression,apa-inclusive-language-2023-10,34,"may contribute to microaggressions. However, this guide is neither exhaustive nor definitive",keyword,no,no
microaggression,movement-strategy-center-glossary-2024,248,#### Microaggression,glossary,yes,no
microaggression,racial-equity-tools-glossary-2023,2793,"[[[[Microaggression]{.wixui-rich-text__text style=""letter-spacing:0.03em;""}]{.wixui-rich-text__text style=""font-size:22p",keyword,no,no
microaggressions,apa-inclusive-language-2023-10,34,"may contribute to microaggressions. However, this guide is neither exhaustive nor definitive",keyword,no,no
microaggressions,diversity-style-guide-2023-11,2416,"- [microaggressions, racial microaggressions](https://www.diversitystyleguide.com/glossary/microaggressions-racial-micro",glossary,no,no
microaggressions,racial-equity-tools-glossary-2023,2801,"**SOURCE:** Derald Wing Sue, PhD, ""[[Microaggressions: More than Just Race]{.underline}](https://www.psychologytoday.com",keyword,no,no
middle east,apa-inclusive-language-2023-10,1476,"the Middle East, and North Africa. Examples include, but are not limited to, Lebanese, Iranian, Egyptian, Syrian, Morocc",keyword,no,no
middle east,cair-journalists-guide-2021-08,126,"Muslim communities. Despite common misconceptions, Islam is not exclusive to the Middle East.",keyword,no,no
middle east,diversity-style-guide-2023-11,2421,- [Middle East](https://www.diversitystyleguide.com/glossary/middle-east/){.glossaryLink .cmtt_Geography},glossary,no,no
middle east,gcjt-style-guide-trauma-2021,4225,prisoners from Abu Ghraib --- traveled to the Middle East and across the,keyword,no,no
middle eastern,apa-inclusive-language-2023-10,180,"American Arab, Middle Eastern, and North African Psychological",keyword,no,no
middle eastern,define-american-media-reference-2024-01,1459,While Middle Eastern/North African (MENA),keyword,yes,no
middle eastern,diversity-style-guide-2023-11,2376,"- [MENA, Middle Eastern or North African](https://www.diversitystyleguide.com/glossary/mena-middle-eastern-or-north-afri",glossary,no,no
middle passage,apa-inclusive-language-2023-10,2389,refer to this journey as the “second middle passage” and it represented the “nadir of American slavery” (Zeisler-Vralste,keyword,no,no
middle passage,diversity-style-guide-2023-11,2426,"- [Middle Passage, the](https://www.diversitystyleguide.com/glossary/middle-passag-the/){.glossaryLink .cmtt_African .Am",glossary,no,no
middle passage,nabj-style-guide-2022-10,1914,"| | | [slavery:]{style=""font-weight: bold;""} The first black African slaves in the American colonies arrived in the earl",keyword,yes,no
midget,apa-inclusive-language-2023-10,1373,midget,keyword,no,no
midget,diversity-style-guide-2023-11,1206,"- [dwarf, little person, midget, short stature](https://www.diversitystyleguide.com/glossary/dwarf-little-person-midget-",glossary,no,no
midget,ncdj-disability-style-guide-2021,733,### [Dwarf/little person/midget/short stature]{.highlight-gold},glossary,yes,no
midget,sumofus-progressive-styleguide-2016,516,"yy dwarf, midget,",keyword,no,no
midlife,apa-inclusive-language-2023-10,835,"should involve comparable labels for each age range: “younger, middle-aged, and older adults”; “early adulthood, midlife",keyword,yes,no
midlife,diversity-style-guide-2023-11,2436,- [midlife](https://www.diversitystyleguide.com/glossary/midlife/){.glossaryLink .cmtt_Age/generations},glossary,no,no
mikvah,religion-stylebook-2026-06,215,## mikvah,glossary,no,no
militant,diversity-style-guide-2023-11,2441,- [militant](https://www.diversitystyleguide.com/glossary/militant/){.glossaryLink .cmtt_Race},glossary,no,no
militant,seiu-stylebook-2020-01,3064,Widwest)militant,keyword,no,no
militant,wordsaboutwar-full-2025,662,around militant violence.”7,keyword,no,no
million man march,diversity-style-guide-2023-11,2446,- [Million Man March](https://www.diversitystyleguide.com/glossary/million-man-march/){.glossaryLink .cmtt_African .Amer,glossary,no,no
million woman march,diversity-style-guide-2023-11,2451,- [Million Woman March](https://www.diversitystyleguide.com/glossary/million-woman-march/){.glossaryLink .cmtt_African .,glossary,no,no
minister,apa-inclusive-language-2023-10,2325,"for five English government ministers during the reign of King Charles II. Today, often denoted as ‘Jewish cabal’ on soc",keyword,no,no
minister,diversity-style-guide-2023-11,2456,- [minister](https://www.diversitystyleguide.com/glossary/minister/){.glossaryLink .cmtt_Christianity .cmtt_Religion},glossary,no,no
minister,nabj-style-guide-2022-10,441,"| | | [Baptist church:]{style=""font-weight: bold;""} Black people were allowed to join the Baptist fold starting in the 1",keyword,no,no
minority,apa-inclusive-language-2023-10,155,Committee on Ethnic Minority Affairs,keyword,no,no
minority,cair-journalists-guide-2021-08,125,"more than 50 countries have Muslim-majority populations, while other countries have minority",keyword,no,no
minority,color-of-change-antiracist-protest-reporting-2020,266,characteristics and often their minority status.,keyword,no,no
minority,diversity-style-guide-2023-11,2461,"- [minority, racial minority](https://www.diversitystyleguide.com/glossary/minority/){.glossaryLink .cmtt_Race}",glossary,no,no
minority,gcjt-style-guide-trauma-2021,607,"intervention. However, a small minority of",keyword,no,no
minority,nabj-style-guide-2022-10,1113,"| | | | [The Maynard Institute]{style=""font-weight: bold;""} - based in Oakland, Calif., a nonprofit corporation dedicate",keyword,no,no
minority,opportunity-agenda-social-justice-phrase-guide-2015,42,"X “minority.” The word minority is originally a mathematical term meaning “the smaller part or number; a number, part or",keyword,no,no
minority,racial-equity-tools-glossary-2023,91,"[Many of the terms in this glossary have evolved over time. For example, given the changing demographic trends in the Un",keyword,no,no
minority,sierra-club-equity-language-guide-2021,1310,"• Minority: According to Race Forward, “Defining people",keyword,no,no
minority,sumofus-progressive-styleguide-2016,2554,• Using “minority” may imply inferior social position and is often,keyword,no,no
minority stress model,nlgja-stylebook-lgbtq-2025-06,666,**minority stress model\**,glossary,no,no
minyan,religion-stylebook-2026-06,219,## minyan,glossary,no,no
misgender,diversity-style-guide-2023-11,2466,- [misgender](https://www.diversitystyleguide.com/glossary/misgender/){.glossaryLink .cmtt_LGBTQ .cmtt_Transgender},glossary,no,no
misgender,tja-stylebook-2026-01,1196,"### [misgender (v.), misgendering (v., n.)](#def-misgendering){.header-anchor} {#def-misgendering updated=""2023-08-25"" t",glossary,no,no
misgender a trans person,tja-stylebook-2026-01,300,"### [when web assets deadname/misgender a trans person](#web-asset-errors){.header-anchor} {#web-asset-errors updated=""2",glossary,yes,no
misgendering,tja-stylebook-2026-01,1056,"### [removing deadnames or misgendering](#deadname){.header-anchor} {#deadname updated=""2023-08-25"" tabindex=""-1""}",glossary,yes,no
misgenders a trans person,tja-stylebook-2026-01,292,### [when past news coverage deadnames/misgenders a trans person](#past-coverage-errors){.header-anchor} {#past-coverage,glossary,no,no
misleading associations,nlgja-stylebook-lgbtq-2025-06,312,**misleading associations\**,glossary,yes,no
mixed,apa-inclusive-language-2023-10,992,or mixed messages about,keyword,no,no
mixed,color-of-change-black-families-narrative-2020,1347,"Fathers Provide? A Mixed‐Method Analysis,” Journal of Marriage and Family, February 28, 2015.",keyword,no,no
mixed,define-american-media-reference-2024-01,641,Mixed-Status Family,keyword,no,no
mixed,diversity-style-guide-2023-11,2476,"- [mixed, mixed-race](https://www.diversitystyleguide.com/glossary/mixed/){.glossaryLink .cmtt_Race}",glossary,no,no
mixed,nabj-style-guide-2022-10,447,"| | | [biracial:]{style=""font-weight: bold;""} Combination of two races. May be used to describe people or things. Not al",keyword,no,no
mixed,sierra-club-equity-language-guide-2021,1130,"of mixed Choctaw and African American descent,”",keyword,no,no
mixed,sumofus-progressive-styleguide-2016,990,potentially mixed or even damaging effect.,keyword,no,no
mixed race,diversity-style-guide-2023-11,616,"- [biracial, multiracial, mixed-race, two or more races](https://www.diversitystyleguide.com/glossary/biracial/){.glossa",glossary,no,no
mixed status couple,diversity-style-guide-2023-11,2471,"- [mixed-status couple, mixed-status family](https://www.diversitystyleguide.com/glossary/mixed-status-couple-mixed-stat",glossary,no,no
mixed status family,diversity-style-guide-2023-11,2471,"- [mixed-status couple, mixed-status family](https://www.diversitystyleguide.com/glossary/mixed-status-couple-mixed-stat",glossary,no,no
model minority,diversity-style-guide-2023-11,2481,- [model minority](https://www.diversitystyleguide.com/glossary/model-minority/){.glossaryLink .cmtt_Asian .American .cm,glossary,no,no
model minority,racial-equity-tools-glossary-2023,2879,"[[[[Model Minority]{.wixui-rich-text__text style=""letter-spacing:0.03em;""}]{.wixui-rich-text__text style=""font-size:22px",keyword,no,no
modern orthodox,diversity-style-guide-2023-11,2486,- [Modern Orthodox](https://www.diversitystyleguide.com/glossary/modern-orthodox/){.glossaryLink .cmtt_Judaism .cmtt_Rel,glossary,no,no
modern orthodox,religion-stylebook-2026-06,223,## Modern Orthodox,glossary,no,no
mohammed,nabj-style-guide-2022-10,1300,"| | | [Koran:]{style=""font-weight: bold;""} Sacred book of Muslims, who believe that it contains the words of Allah dicta",keyword,yes,yes
mohammed,religion-stylebook-2026-06,689,"## Mohammed, W. Deen",glossary,no,no
mongolian names,diversity-style-guide-2023-11,2491,- [Mongolian names](https://www.diversitystyleguide.com/glossary/mongolian-names/){.glossaryLink .cmtt_Asian .American .,glossary,no,no
mongoloid,diversity-style-guide-2023-11,2496,- [Mongoloid](https://www.diversitystyleguide.com/glossary/mongoloid/){.glossaryLink .cmtt_Disability},glossary,no,no
mongoloid,ncdj-disability-style-guide-2021,1131,### [Mongoloid]{.highlight-gold},glossary,yes,no
mongoloid,sumofus-progressive-styleguide-2016,545,yy wheelchairyy mongoloid,keyword,no,no
monotheism,religion-stylebook-2026-06,231,## monotheism,glossary,no,no
montgomery bus boycott,diversity-style-guide-2023-11,2501,- [Montgomery bus boycott](https://www.diversitystyleguide.com/glossary/montgomery-bus-boycott/){.glossaryLink .cmtt_Afr,glossary,no,no
montgomery bus boycott,nabj-style-guide-2022-10,669,"| | | [civil-rights movement, Civil Rights Act:]{style=""font-weight: bold;""} Often used to describe the struggles of bla",keyword,yes,no
moonie,diversity-style-guide-2023-11,2506,- [Moonie](https://www.diversitystyleguide.com/glossary/moonie/){.glossaryLink .cmtt_Religion},glossary,no,no
more races,define-american-media-reference-2024-01,1436,"more races, a number that grew by nearly 25 million people in the past decade,",keyword,no,no
more races,diversity-style-guide-2023-11,616,"- [biracial, multiracial, mixed-race, two or more races](https://www.diversitystyleguide.com/glossary/biracial/){.glossa",glossary,no,no
mormon church,diversity-style-guide-2023-11,2511,- [Mormon Church](https://www.diversitystyleguide.com/glossary/mormon-church/){.glossaryLink .cmtt_Mormonism .cmtt_Relig,glossary,no,no
moslem,diversity-style-guide-2023-11,2516,- [Moslem](https://www.diversitystyleguide.com/glossary/moslem/){.glossaryLink .cmtt_Islam .cmtt_Religion},glossary,no,no
moslem,religion-stylebook-2026-06,697,## Moslem,glossary,yes,no
mosque,cair-journalists-guide-2021-08,383,Imam – One who leads congregational prayers in a mosque or in any other location. It is an honorific,keyword,no,no
mosque,nabj-style-guide-2022-10,1099,"| | | | [Islam:]{style=""font-weight: bold;""} Youngest of the world\'s three major monotheistic religions. Like Judaism a",keyword,no,no
mosque,religion-stylebook-2026-06,701,## mosque,glossary,no,no
mother of jesus,religion-stylebook-2026-06,675,"## Mary, mother of Jesus",glossary,no,no
motown,diversity-style-guide-2023-11,2521,"- [Motown](https://www.diversitystyleguide.com/glossary/motown/){.glossaryLink .cmtt_African .American, .Black .cmtt_Rac",glossary,no,no
movement building,movement-strategy-center-glossary-2024,251,#### Movement Building,glossary,no,no
movement building,racial-equity-tools-glossary-2023,691,A political movement to address systemic and state violence against African Americans. Per the Black Lives Matter organi,keyword,no,no
mpox,nlgja-stylebook-lgbtq-2025-06,673,**mpox\**,glossary,no,no
msm,diversity-style-guide-2023-11,2526,- [MSM](https://www.diversitystyleguide.com/glossary/msm/){.glossaryLink .cmtt_LGBTQ},glossary,no,no
msm,nlgja-stylebook-lgbtq-2025-06,315,**MSM\**,glossary,no,no
muhammad,apa-inclusive-language-2023-10,565,"worldview, perceptions others have of them, social relationships, and access to resources (Muhammad et al., 2015).",keyword,no,no
muhammad,cair-journalists-guide-2021-08,59,Muslims believe that the message of Islam was revealed to the Prophet Muhammad (may peace and,keyword,no,no
muhammad,nabj-style-guide-2022-10,1099,"| | | | [Islam:]{style=""font-weight: bold;""} Youngest of the world\'s three major monotheistic religions. Like Judaism a",keyword,no,no
muhammad,religion-stylebook-2026-06,705,## Muhammad,glossary,no,yes
mulatto,diversity-style-guide-2023-11,2531,"- [mulatto](https://www.diversitystyleguide.com/glossary/mulatto/){.glossaryLink .cmtt_African .American, .Black .cmtt_R",glossary,no,no
mullah,cair-journalists-guide-2021-08,394,Mullah – A Persian word with a meaning similar to “Imam.”,keyword,no,no
mullah,diversity-style-guide-2023-11,2536,- [mullah](https://www.diversitystyleguide.com/glossary/mullah/){.glossaryLink .cmtt_Islam .cmtt_Religion},glossary,no,no
mullah,gcjt-style-guide-trauma-2021,3563,home of Mullah Omar; discovers a deserted Al Qaeda camp where he finds,keyword,no,no
mullah,religion-stylebook-2026-06,717,## mullah,glossary,no,yes
multiple genders exist,radicalcopyeditor-trans-style-guide-2017,76,"**Multiple genders exist:** Use singular ""they"" generically. Avoid ""he or she"" constructions. Use ""people of all/no gend",glossary,yes,no
multiple personality disorder,diversity-style-guide-2023-11,2541,- [multiple personality disorder](https://www.diversitystyleguide.com/glossary/multiple-personality-disorder/){.glossary,glossary,no,no
multiple personality disorder,ncdj-disability-style-guide-2021,696,### [Dissociative identity disorder/multiple personality disorder]{.highlight-gold},glossary,yes,no
multiple pronouns,tja-stylebook-2026-01,344,"### [multiple pronouns](#multiple-pronouns){.header-anchor} {#multiple-pronouns updated=""2023-08-25"" tabindex=""-1""}",glossary,no,no
multiple sclerosis,diversity-style-guide-2023-11,2546,- [multiple sclerosis (MS)](https://www.diversitystyleguide.com/glossary/multiple-sclerosis-ms/){.glossaryLink .cmtt_Dis,glossary,no,no
multiracial,dcfpi-inclusive-language-2017-12,155,"• Use a multiracial lens, and consider all communities of color",keyword,yes,no
multiracial,define-american-media-reference-2024-01,125,"an immigrant. Multiracial Americans, many of",keyword,no,no
multiracial,diversity-style-guide-2023-11,616,"- [biracial, multiracial, mixed-race, two or more races](https://www.diversitystyleguide.com/glossary/biracial/){.glossa",glossary,no,no
multiracial,nabj-style-guide-2022-10,689,"| | | [diversity:]{style=""font-weight: bold;""} Catchall term to describe a condition or environment that is multiracial ",keyword,no,no
multiracial,racial-equity-tools-glossary-2023,728,"A caucus is an intentionally created space for those who share an identity to convene for learning, support, and connect",keyword,no,no
multiracial,seiu-stylebook-2020-01,3113,multiracial democracy : démocratie multiraciale,keyword,no,no
mumbai,diversity-style-guide-2023-11,2551,- [Mumbai](https://www.diversitystyleguide.com/glossary/mumbai/){.glossaryLink .cmtt_Geography},glossary,no,no
murti,diversity-style-guide-2023-11,2556,- [murti](https://www.diversitystyleguide.com/glossary/murti/){.glossaryLink .cmtt_Hinduism .cmtt_Religion},glossary,no,no
muscular dystrophy,diversity-style-guide-2023-11,2561,- [muscular dystrophy](https://www.diversitystyleguide.com/glossary/muscular-dystrophy/){.glossaryLink .cmtt_Disability},glossary,no,no
muscular dystrophy,sumofus-progressive-styleguide-2016,489,"(muscular dystrophy,",keyword,no,no
muslim,apa-inclusive-language-2023-10,497,"“Prejudice, negative sentiments, and hostility toward Islam and Muslims. Islamophobia may be based on ideas about Islam",keyword,no,no
muslim,cair-journalists-guide-2021-08,34,Islam and Muslims,keyword,no,no
muslim,color-of-change-antiracist-protest-reporting-2020,539,"This will hold true for people of color, people of Muslim or Jewish descent, and LGBTQ people going to",keyword,no,no
muslim,comm-unity-style-guide-2021,349,"portray “violence by [B]lack and Muslim people [as] systemic, demanding response and action from all who",keyword,no,no
muslim,define-american-media-reference-2024-01,2028,"Muslim Ban, Family Separation, and Remain in Mexico",keyword,no,no
muslim,diversity-style-guide-2023-11,2571,"- [Muslim, Muslims](https://www.diversitystyleguide.com/glossary/muslim-muslims/){.glossaryLink .cmtt_Islam .cmtt_Religi",glossary,no,no
muslim,nabj-style-guide-2022-10,451,"| | | [Black Church:]{style=""font-weight: bold;""} Collective noun that refers to the more than 65,000 Christian churches",keyword,no,no
muslim,racial-equity-tools-glossary-2023,2463,"A form of religious bigotry, with strong racial components, that scapegoats and demonizes Muslims and those perceived to",keyword,no,no
muslim,religion-stylebook-2026-06,725,"## Muslim, Muslims",glossary,no,no
muslim,sierra-club-equity-language-guide-2021,1336,"of people. For example, “Muslim” is not synonymous",keyword,no,no
muslim,wordsaboutwar-full-2025,883,"Wilson, American University, Concordia University, Justice Is Global, Muslim Counterpublics Lab,",keyword,no,no
muslim american,diversity-style-guide-2023-11,2566,- [Muslim American](https://www.diversitystyleguide.com/glossary/muslim-american/){.glossaryLink .cmtt_Islam .cmtt_Relig,glossary,no,no
muslim americans,religion-stylebook-2026-06,721,## Muslim Americans,glossary,no,no
muslims,apa-inclusive-language-2023-10,497,"“Prejudice, negative sentiments, and hostility toward Islam and Muslims. Islamophobia may be based on ideas about Islam",keyword,no,no
muslims,cair-journalists-guide-2021-08,34,Islam and Muslims,keyword,no,no
muslims,diversity-style-guide-2023-11,2571,"- [Muslim, Muslims](https://www.diversitystyleguide.com/glossary/muslim-muslims/){.glossaryLink .cmtt_Islam .cmtt_Religi",glossary,no,no
muslims,nabj-style-guide-2022-10,451,"| | | [Black Church:]{style=""font-weight: bold;""} Collective noun that refers to the more than 65,000 Christian churches",keyword,no,no
muslims,racial-equity-tools-glossary-2023,2463,"A form of religious bigotry, with strong racial components, that scapegoats and demonizes Muslims and those perceived to",keyword,no,no
muslims,religion-stylebook-2026-06,725,"## Muslim, Muslims",glossary,no,no
muslims,sierra-club-equity-language-guide-2021,1344,with Arab; African American Muslims are the largest,keyword,no,no
mutilation,gcjt-style-guide-trauma-2021,642,"and harassment, forced marriages, female genital mutilation, forced",keyword,no,no
mutilation,nlgja-stylebook-lgbtq-2025-06,504,**mutilation\**,glossary,yes,no
mutilation,tja-stylebook-2026-01,465,"### [mutilation, sterilization](#mutilation-sterilization){.header-anchor} {#mutilation-sterilization updated=""2025-04-1",glossary,yes,no
mx,diversity-style-guide-2023-11,2576,- [Mx.](https://www.diversitystyleguide.com/glossary/mx/){.glossaryLink .cmtt_LGBTQ .cmtt_Transgender},glossary,no,no
mx,sumofus-progressive-styleguide-2016,1288,yy a transgender person yy Mx.127,keyword,no,no
myanmar,diversity-style-guide-2023-11,2581,- [Myanmar](https://www.diversitystyleguide.com/glossary/myanmar/){.glossaryLink .cmtt_Geography},glossary,no,no
naacp,diversity-style-guide-2023-11,2586,"- [NAACP](https://www.diversitystyleguide.com/glossary/naacp/){.glossaryLink .cmtt_African .American, .Black .cmtt_Race}",glossary,no,no
naacp,nabj-style-guide-2022-10,1516,"| | | [NAACP:]{style=""font-weight: bold;""} National Association for the Advancement of Colored People was founded Feb. 1",keyword,no,no
names and pronouns,radicalcopyeditor-trans-style-guide-2017,48,"**Names and pronouns:** ""Always use a person's correct name, pronouns (or lack thereof), and title/honorific (if any). A",glossary,no,no
nation,diversity-style-guide-2023-11,2591,- [nation](https://www.diversitystyleguide.com/glossary/nation/){.glossaryLink .cmtt_American .Indian .or .Native .Ameri,glossary,no,no
nation of islam,diversity-style-guide-2023-11,2596,- [Nation of Islam](https://www.diversitystyleguide.com/glossary/nation-of-islam/){.glossaryLink .cmtt_African .American,glossary,no,no
nation of islam,nabj-style-guide-2022-10,1520,"| | | [Nation of Islam:]{style=""font-weight: bold;""} Religious movement established during the Great Depression in Detro",keyword,no,no
nation of islam,religion-stylebook-2026-06,729,## Nation of Islam,glossary,no,no
national negro league,diversity-style-guide-2023-11,2601,- [National Negro League](https://www.diversitystyleguide.com/glossary/national-negro-league/){.glossaryLink .cmtt_Afric,glossary,no,no
national negro league,nabj-style-guide-2022-10,1524,"| | | [National Negro League:]{style=""font-weight: bold;""} Professional baseball league for blacks founded in 1920 by pi",keyword,no,no
nationalism,color-of-change-antiracist-protest-reporting-2020,122,"central to reporting on protests, white nationalism, and racial",keyword,no,no
nationalism,gcjt-style-guide-trauma-2021,3798,This provocative study of the political culture of nationalism in Sri,keyword,no,no
nationalism,movement-strategy-center-glossary-2024,255,#### Nationalism,glossary,no,no
nationalism,nabj-style-guide-2022-10,1520,"| | | [Nation of Islam:]{style=""font-weight: bold;""} Religious movement established during the Great Depression in Detro",keyword,no,no
nationalism,racial-equity-tools-glossary-2023,1660,An especially virulent form of far-right populist ultra-nationalism that celebrates the nation or the race as an organic,keyword,no,no
nationalism,sierra-club-equity-language-guide-2021,1395,white nationalism and white supremacy:,keyword,no,no
native,apa-inclusive-language-2023-10,427,"Indigenous populations, including Native Americans, Alaska Natives, and Native Hawaiians (Administration for Children",keyword,no,no
native,casey-editorial-guide-2013-04,14,"black-and-white bear-like mammal, native to China. Eats, shoots and leaves.”",keyword,no,no
native,color-of-change-antiracist-protest-reporting-2020,86,"Native Americans, and much more. We have also seen white",keyword,no,no
native,dcfpi-inclusive-language-2017-12,192,"benefits, rather than crowds out, native residents. At the same time, residents of some",keyword,no,no
native,define-american-media-reference-2024-01,355,a native of Cameroon whose asylum,keyword,no,no
native,diversity-style-guide-2023-11,2606,"- [Native American, Native](https://www.diversitystyleguide.com/glossary/native-american-native/){.glossaryLink .cmtt_Al",glossary,no,no
native,gcjt-style-guide-trauma-2021,1364,"[**Aboriginal, Indigenous: **The [Native American Journalist",keyword,no,yes
native,nabj-style-guide-2022-10,216,| | | Sources consulted in developing NABJ Style include other media stylebooks; those from NABJ\'s alliance partners ([,keyword,no,no
native,naja-indigenous-terminology-2023-06,10,The Native American Journal-,keyword,no,no
native,native-governance-center-style-guide-2021-02,11,NATIVE GOVERNANCE,keyword,no,no
native,opportunity-agenda-social-justice-phrase-guide-2015,59,elements. Many tribes and Native organizations hold them,keyword,no,no
native,racial-equity-tools-glossary-2023,91,"[Many of the terms in this glossary have evolved over time. For example, given the changing demographic trends in the Un",keyword,no,no
native,sierra-club-equity-language-guide-2021,154,"Coverage Guide, the Native American Journalists",keyword,no,no
native,sumofus-progressive-styleguide-2016,2135,known as Aboriginal people. “Native” is a word similar in,keyword,no,no
native american,apa-inclusive-language-2023-10,1618,"The Native American Journalists Association (n.d.) states that although no official definition of “Indigenous” exists, “",keyword,no,yes
native american,casey-editorial-guide-2013-04,729,"For nouns: African American, Asian American, black, Hispanic, Latino, Native American, nonHispanic white, white (do not ",keyword,yes,no
native american,color-of-change-antiracist-protest-reporting-2020,622,Native American Journalists’ Association:,keyword,no,no
native american,diversity-style-guide-2023-11,2606,"- [Native American, Native](https://www.diversitystyleguide.com/glossary/native-american-native/){.glossaryLink .cmtt_Al",glossary,no,no
native american,gcjt-style-guide-trauma-2021,1364,"[**Aboriginal, Indigenous: **The [Native American Journalist",keyword,no,yes
native american,nabj-style-guide-2022-10,216,| | | Sources consulted in developing NABJ Style include other media stylebooks; those from NABJ\'s alliance partners ([,keyword,no,no
native american,naja-indigenous-terminology-2023-06,10,The Native American Journal-,keyword,no,no
native american,native-governance-center-style-guide-2021-02,98,"Refer to our organization as Native-led, rather than Native American-led. For example,",keyword,no,no
native american,racial-equity-tools-glossary-2023,91,"[Many of the terms in this glossary have evolved over time. For example, given the changing demographic trends in the Un",keyword,no,no
native american,sierra-club-equity-language-guide-2021,154,"Coverage Guide, the Native American Journalists",keyword,no,no
native hawaiian,diversity-style-guide-2023-11,2611,- [Native Hawaiian](https://www.diversitystyleguide.com/glossary/native-hawaiian/){.glossaryLink .cmtt_Native .Hawaiian ,glossary,no,no
native hawaiian,sierra-club-equity-language-guide-2021,1297,Hawai’i with Native Hawaiian names wherever,keyword,no,no
negro,apa-inclusive-language-2023-10,1466,"descent who are also of African ancestry. The terms “Negro,” “colored,” and “Afro-American” are outdated, and their use",keyword,yes,no
negro,diversity-style-guide-2023-11,2626,"- [Negro](https://www.diversitystyleguide.com/glossary/negro/){.glossaryLink .cmtt_African .American, .Black .cmtt_Race}",glossary,no,no
negro,nabj-style-guide-2022-10,455,"| | | [Black Codes:]{style=""font-weight: bold;""} Statutes curtailing rights of African Americans during early years of R",keyword,no,no
negro,seiu-stylebook-2020-01,4178,negros,keyword,no,no
negro,sierra-club-equity-language-guide-2021,2503,Pulmón negro,keyword,no,no
negro,sumofus-progressive-styleguide-2016,2257,yy Negro,keyword,no,no
negro codes,diversity-style-guide-2023-11,2631,"- [Negro Codes](https://www.diversitystyleguide.com/glossary/negro-codes/){.glossaryLink .cmtt_African .American, .Black",glossary,no,no
negro codes,nabj-style-guide-2022-10,455,"| | | [Black Codes:]{style=""font-weight: bold;""} Statutes curtailing rights of African Americans during early years of R",keyword,no,no
negro national anthem,diversity-style-guide-2023-11,2636,- [Negro National Anthem](https://www.diversitystyleguide.com/glossary/negro-national-anthem/){.glossaryLink .cmtt_Afric,glossary,no,no
negro national anthem,nabj-style-guide-2022-10,482,"| | | | [Black national anthem:]{style=""font-weight: bold;""} [Lift Evry Voice and Sing,](https://web.archive.org/web/202",keyword,no,no
neo paganism,diversity-style-guide-2023-11,2641,- [neo-paganism](https://www.diversitystyleguide.com/glossary/neo-paganism/){.glossaryLink .cmtt_Paganism/Wicca .cmtt_Re,glossary,no,no
neopronouns,tja-stylebook-2026-01,362,"### [neopronouns](#neopronouns){.header-anchor} {#neopronouns updated=""2023-08-25"" tabindex=""-1""}",glossary,no,no
nepali,diversity-style-guide-2023-11,2646,- [Nepali](https://www.diversitystyleguide.com/glossary/nepali/){.glossaryLink .cmtt_Asian .American .cmtt_Race},glossary,no,no
neuroatypical,diversity-style-guide-2023-11,2651,"- [neuroatypical, neurodivergent](https://www.diversitystyleguide.com/glossary/neuroatypical-neurodivergent/){.glossaryL",glossary,no,no
neuroatypical,gcjt-style-guide-trauma-2021,1460,"as a person with autism, or neuroatypical.",keyword,no,no
neuroatypical,sumofus-progressive-styleguide-2016,472,yy neuroatypical,keyword,no,no
neurodivergent,apa-inclusive-language-2023-10,1431,neurodivergent,keyword,no,no
neurodivergent,diversity-style-guide-2023-11,2651,"- [neuroatypical, neurodivergent](https://www.diversitystyleguide.com/glossary/neuroatypical-neurodivergent/){.glossaryL",glossary,no,no
neurodivergent,sumofus-progressive-styleguide-2016,473,yy neurodivergent,keyword,no,no
neurodiversity,apa-inclusive-language-2023-10,32,"gender-inclusive pregnancy-related language, neurodiversity, religious discrimination, and",keyword,no,no
neurodiversity,diversity-style-guide-2023-11,2656,- [neurodiversity](https://www.diversitystyleguide.com/glossary/neurodiversity/){.glossaryLink .cmtt_Disability},glossary,no,no
neurodiversity,ncdj-disability-style-guide-2021,1175,### [Neurodiversity]{.highlight-gold},glossary,no,no
neurodiversity,sierra-club-equity-language-guide-2021,341,Recognizing and Celebrating Neurodiversity,keyword,no,no
neurologically typical,diversity-style-guide-2023-11,2661,"- [neurotypical, neurologically typical](https://www.diversitystyleguide.com/glossary/neurotypical-neurologically-typica",glossary,no,no
neurotypical,apa-inclusive-language-2023-10,1420,"minds or brains, even people who would be categorized as “neurotypical” are considered neurodiverse (Dwyer, 2022).",keyword,no,no
neurotypical,diversity-style-guide-2023-11,2661,"- [neurotypical, neurologically typical](https://www.diversitystyleguide.com/glossary/neurotypical-neurologically-typica",glossary,no,no
never out sources,tja-stylebook-2026-01,212,"### [never out sources](#never-out-sources){.header-anchor} {#never-out-sources updated=""2023-08-25"" tabindex=""-1""}",glossary,no,no
new age movement,diversity-style-guide-2023-11,2666,- [New Age movement](https://www.diversitystyleguide.com/glossary/new-age-movement/){.glossaryLink .cmtt_Religion},glossary,no,no
niggardly,diversity-style-guide-2023-11,2671,"- [niggardly](https://www.diversitystyleguide.com/glossary/niggardly/){.glossaryLink .cmtt_African .American, .Black .cm",glossary,no,no
niggardly,nabj-style-guide-2022-10,1532,"| | | [niggardly:]{style=""font-weight: bold;""} Means stingy or miserly. It is sometimes perceived as insulting because i",keyword,yes,no
nigger,diversity-style-guide-2023-11,2676,"- [nigger](https://www.diversitystyleguide.com/glossary/nigger/){.glossaryLink .cmtt_African .American, .Black .cmtt_Rac",glossary,no,no
nigger,nabj-style-guide-2022-10,1530,"| | | [nigger:]{style=""font-weight: bold;""} Racial slur; a contemptuous term for a black person. The word nigger was fir",keyword,yes,no
niqab,cair-journalists-guide-2021-08,377,Muslim women wear. It is not a “burka” or a “veil.” NOTE: A face veil is called a “niqab.”,keyword,no,no
niqab,diversity-style-guide-2023-11,2681,- [niqab](https://www.diversitystyleguide.com/glossary/niqab/){.glossaryLink .cmtt_Arab .American .cmtt_Islam .cmtt_Reli,glossary,no,no
niqab,religion-stylebook-2026-06,741,## niqab,glossary,no,no
nirvana,diversity-style-guide-2023-11,2686,- [nirvana](https://www.diversitystyleguide.com/glossary/nirvana/){.glossaryLink .cmtt_Buddhism .cmtt_Religion},glossary,no,no
nisei,diversity-style-guide-2023-11,2691,"- [Nisei, nisei](https://www.diversitystyleguide.com/glossary/nisei-nisei/){.glossaryLink .cmtt_Asian .American .cmtt_Ra",glossary,no,no
nlgja: the association of lgbtq+ journalists,nlgja-stylebook-lgbtq-2025-06,318,**NLGJA: The Association of LGBTQ+ Journalists\**,glossary,no,no
no sensationalism,radicalcopyeditor-trans-style-guide-2017,64,"**No sensationalism:** Don't disclose someone's gender history without consent. Treat it as personal history, not scanda",glossary,no,no
nollywood,diversity-style-guide-2023-11,2696,- [Nollywood](https://www.diversitystyleguide.com/glossary/nollywood/){.glossaryLink .cmtt_Geography},glossary,no,no
non binary,dcfpi-inclusive-language-2017-12,463,Non-binary,keyword,no,no
non binary,diversity-style-guide-2023-11,2716,"- [nonbinary, non-binary](https://www.diversitystyleguide.com/glossary/nonbinary-non-binary/){.glossaryLink .cmtt_LGBTQ ",glossary,no,no
non binary,movement-strategy-center-glossary-2024,258,#### Non-binary,glossary,no,no
non binary,racial-equity-tools-glossary-2023,863,"A discriminatory system that oppresses and marginalizes people whose gender identity and/or gender expression (e.g., tra",keyword,no,no
non binary,sierra-club-equity-language-guide-2021,1050,and non-binary leaders are too often excluded from,keyword,no,no
non binary,sumofus-progressive-styleguide-2016,1132,"non-binary, but society is still largely unaware of this trend and",keyword,no,no
non binary gender,diversity-style-guide-2023-11,2701,- [non-binary gender](https://www.diversitystyleguide.com/glossary/non-binary-gender/){.glossaryLink .cmtt_LGBTQ},glossary,no,no
non binary pronouns,diversity-style-guide-2023-11,2706,- [non-binary pronouns](https://www.diversitystyleguide.com/glossary/non-binary-pronouns/){.glossaryLink .cmtt_LGBTQ .cm,glossary,no,no
non disabled,diversity-style-guide-2023-11,2711,- [non-disabled](https://www.diversitystyleguide.com/glossary/non-disabled/){.glossaryLink .cmtt_Disability},glossary,no,no
non disabled,ncdj-disability-style-guide-2021,1163,### [Non-disabled]{.highlight-gold},glossary,yes,no
non disabled,sumofus-progressive-styleguide-2016,474,"yy non-disabled,",keyword,no,no
non response,diversity-style-guide-2023-11,3876,- [vegetative state/comatose/non-response](https://www.diversitystyleguide.com/glossary/vegetative-statecomatosenon-resp,glossary,no,no
nonbinary,apa-inclusive-language-2023-10,1905,"The spectrum of masculinity, femininity, gender expansive, and nonbinary status that includes expression, identity, beha",keyword,no,no
nonbinary,diversity-style-guide-2023-11,2716,"- [nonbinary, non-binary](https://www.diversitystyleguide.com/glossary/nonbinary-non-binary/){.glossaryLink .cmtt_LGBTQ ",glossary,no,no
nonbinary,racial-equity-tools-glossary-2023,3053,"[[[[Nonbinary]{.wixui-rich-text__text style=""letter-spacing:0.03em;""}]{.wixui-rich-text__text style=""font-size:22px;""}]{",keyword,no,no
nonbinary,sumofus-progressive-styleguide-2016,3264,115 http://nonbinary.org/wiki/Agender,keyword,no,no
nonbinary,tja-stylebook-2026-01,1200,"### [nonbinary (adj.)](#def-nonbinary){.header-anchor} {#def-nonbinary updated=""2024-04-03"" tabindex=""-1""}",glossary,no,no
noncitizen,comm-unity-style-guide-2021,186,"of the noncitizen population in the U.S., they make up",keyword,no,no
noncitizen,diversity-style-guide-2023-11,2721,"- [noncitizen, undocumented noncitizen](https://www.diversitystyleguide.com/glossary/noncitizen-undocumented-noncitizen/",glossary,no,no
noncitizen,idp-journalist-style-guide-2020,199,only 7.2% of the noncitizen population,keyword,no,no
nondenominational,religion-stylebook-2026-06,235,## nondenominational,glossary,no,no
nonspeaking,ncdj-disability-style-guide-2021,1191,### [Nonspeaking/nonverbal]{.highlight-gold},glossary,no,no
nonverbal,apa-inclusive-language-2023-10,514,"Commonly occurring brief, verbal or nonverbal, behavioral, and environmental indignities that communicate derogatory",keyword,no,no
nonverbal,ncdj-disability-style-guide-2021,1191,### [Nonspeaking/nonverbal]{.highlight-gold},glossary,no,no
nonverbal,racial-equity-tools-glossary-2023,2797,"The everyday verbal, nonverbal, and environmental slights, snubs, or insults, whether intentional or unintentional, whic",keyword,no,no
nonviolent communication,movement-strategy-center-glossary-2024,261,#### Nonviolent Communication,glossary,no,no
north african,apa-inclusive-language-2023-10,180,"American Arab, Middle Eastern, and North African Psychological",keyword,no,no
north african,define-american-media-reference-2024-01,1459,While Middle Eastern/North African (MENA),keyword,yes,no
north african,diversity-style-guide-2023-11,2376,"- [MENA, Middle Eastern or North African](https://www.diversitystyleguide.com/glossary/mena-middle-eastern-or-north-afri",glossary,no,no
not a condition,radicalcopyeditor-trans-style-guide-2017,44,"**Not a condition:** Being trans isn't pathological. Avoid language suggesting disorder or illness, though ""gender dysph",glossary,yes,no
not preferred,radicalcopyeditor-trans-style-guide-2017,52,"**Pronouns are required, not preferred:** The phrasing ""preferred pronouns"" minimizes their importance. Pronouns aren't ",glossary,no,no
not sexual orientation,radicalcopyeditor-trans-style-guide-2017,30,"**Not sexual orientation:** ""Transgender"" describes gender identity, not sexuality. These are distinct categories.",glossary,no,no
nuts,apa-inclusive-language-2023-10,1292,nuts,keyword,no,no
nuts,diversity-style-guide-2023-11,996,"- [crazy/crazed, psycho, nuts, lunatic, deranged, wacko](https://www.diversitystyleguide.com/glossary/crazycrazed-psycho",glossary,no,no
nuts,ncdj-disability-style-guide-2021,486,### [Crazy/loony/mad/psycho/nuts/deranged]{.highlight-gold},glossary,yes,no
nuts,sierra-club-equity-language-guide-2021,440,just “crazy” or “insane.” The House is “going nuts” (or,keyword,no,no
obese,apa-inclusive-language-2023-10,851,"weight,” and “higher weight” (Meadows & Daníelsdóttir, 2016), rather than terms such as “underweight,” “fat,” “obese,”",keyword,no,no
obese,diversity-style-guide-2023-11,2731,"- [obese, obesity](https://www.diversitystyleguide.com/glossary/obese-obesity/){.glossaryLink .cmtt_Disability .cmtt_Obe",glossary,no,no
obesity,apa-inclusive-language-2023-10,613,"obesity, smoking, medication noncompliance or nonadherence, trauma, psychosis) are influenced by upstream decisions",keyword,no,no
obesity,diversity-style-guide-2023-11,2731,"- [obese, obesity](https://www.diversitystyleguide.com/glossary/obese-obesity/){.glossaryLink .cmtt_Disability .cmtt_Obe",glossary,no,no
obituaries,diversity-style-guide-2023-11,2736,- [obituaries (LGBT)](https://www.diversitystyleguide.com/glossary/obituaries/){.glossaryLink .cmtt_LGBTQ},glossary,no,no
obituaries,nlgja-stylebook-lgbtq-2025-06,324,**obituaries\**,glossary,yes,no
obituaries,tja-stylebook-2026-01,957,"### [obituaries](#obituaries){.header-anchor} {#obituaries updated=""2023-08-25"" tabindex=""-1""}",glossary,no,no
obscure information that could endanger sources,tja-stylebook-2026-01,1038,"### [obscure information that could endanger sources](#photo-safety){.header-anchor} {#photo-safety updated=""2023-08-25""",glossary,no,no
obsessive compulsive disorder,diversity-style-guide-2023-11,2741,- [obsessive-compulsive disorder](https://www.diversitystyleguide.com/glossary/obsessive-compulsive-disorder/){.glossary,glossary,no,no
obsessive compulsive disorder,ncdj-disability-style-guide-2021,1207,### [Obsessive-compulsive disorder (OCD)]{.highlight-gold},glossary,yes,no
obtain informed consent from subjects,tja-stylebook-2026-01,1046,"### [obtain informed consent from subjects](#photo-consent){.header-anchor} {#photo-consent updated=""2025-04-18"" tabinde",glossary,yes,no
offender,comm-unity-style-guide-2021,167,“ex-con;” “offender”,keyword,no,no
offender,diversity-style-guide-2023-11,1346,"- [felon, offender](https://www.diversitystyleguide.com/glossary/felon-offender/){.glossaryLink .cmtt_Criminal .justice}",glossary,no,no
offender,gcjt-style-guide-trauma-2021,710,"offender roles. Institutional DARVO, she argues, is a harmful form of",keyword,yes,no
offender,idp-journalist-style-guide-2020,159,“offender”,keyword,no,no
offender,racial-equity-tools-glossary-2023,4078,Restorative Justice is a theory of justice that emphasizes repairing the harm caused by crime and conflict. It places de,keyword,no,no
offender,sierra-club-equity-language-guide-2021,2285,• offender or ex-offender,keyword,no,no
okies,diversity-style-guide-2023-11,2746,- [Okies](https://www.diversitystyleguide.com/glossary/okies/){.glossaryLink .cmtt_Geography},glossary,no,no
older,diversity-style-guide-2023-11,2751,"- [older (people, adults, individuals, Americans and so on)](https://www.diversitystyleguide.com/glossary/older-people-a",glossary,no,no
om,diversity-style-guide-2023-11,2756,- [om](https://www.diversitystyleguide.com/glossary/om/){.glossaryLink .cmtt_Hinduism .cmtt_Religion},glossary,no,no
omnisexual,diversity-style-guide-2023-11,2841,"- [pansexual, omnisexual](https://www.diversitystyleguide.com/glossary/pansexual-omnisexual/){.glossaryLink .cmtt_LGBTQ}",glossary,no,no
openly,nlgja-stylebook-lgbtq-2025-06,333,"**out, outing, openly\**",glossary,yes,no
openly,racial-equity-tools-glossary-2023,1814,"A far-right conspiracy claim that Jews---or Left and progressive politicians and thought leaders, in less explicitly rac",keyword,no,no
openly gay,diversity-style-guide-2023-11,2761,- [openly gay/openly lesbian](https://www.diversitystyleguide.com/glossary/openly-gayopenly-lesbian/){.glossaryLink .cmt,glossary,no,no
openly lesbian,diversity-style-guide-2023-11,2761,- [openly gay/openly lesbian](https://www.diversitystyleguide.com/glossary/openly-gayopenly-lesbian/){.glossaryLink .cmt,glossary,no,no
opposite gender,cair-journalists-guide-2021-08,422,"hand is stretched out to a member of the opposite gender, many Muslims out of courtesy will go along",keyword,no,no
opposite gender,tja-stylebook-2026-01,471,"### [opposite sex, opposite gender](#opposite-sex-gender){.header-anchor} {#opposite-sex-gender updated=""2023-08-25"" tab",glossary,yes,no
opposite sex,cair-journalists-guide-2021-08,434,and women when dealing with the opposite sex. Muslims believe that doing so protects one from,keyword,no,no
opposite sex,diversity-style-guide-2023-11,2766,- [opposite sex](https://www.diversitystyleguide.com/glossary/opposite-sex/){.glossaryLink .cmtt_LGBTQ},glossary,no,no
opposite sex,nlgja-stylebook-lgbtq-2025-06,327,**opposite sex\**,glossary,yes,no
opposite sex,tja-stylebook-2026-01,471,"### [opposite sex, opposite gender](#opposite-sex-gender){.header-anchor} {#opposite-sex-gender updated=""2023-08-25"" tab",glossary,yes,no
oppression,apa-inclusive-language-2023-10,47,identities that are affected by interlocking systems of oppression and privilege. No group is a,keyword,no,no
oppression,cair-journalists-guide-2021-08,193,"having a standing army for national defense), or fighting against tyranny or oppression.",keyword,no,no
oppression,color-of-change-black-families-narrative-2020,975,"come to terms with the real, lived consequences of anti-Black systems of oppression: modern-day lynchings in the form of",keyword,no,no
oppression,color-of-change-black-survivors-styleguide-2022,1110,“healing the wounds of sexual oppression and,keyword,no,no
oppression,dcfpi-inclusive-language-2017-12,79,"explicitly identifying and calling out the actors of oppression and harm, whether they are people,",keyword,no,no
oppression,gcjt-style-guide-trauma-2021,661,oppression.]{#docs-internal-guid-4216e0f4-7fff-6a3e-179b-ea004fa24beb},keyword,no,no
oppression,movement-strategy-center-glossary-2024,265,#### Oppression,glossary,no,no
oppression,naja-indigenous-terminology-2023-06,89,"oppression and colonialism, tribal nations are diverse and differ-",keyword,no,no
oppression,racial-equity-tools-glossary-2023,68,"Language can be used deliberately to engage and support community anti-racism coalitions and initiatives, or to inflame ",keyword,no,no
oppression,sierra-club-equity-language-guide-2021,556,"perceived social class, and oppression of members of certain social classes to",keyword,no,no
oppression,sumofus-progressive-styleguide-2016,123,"systems of power by naming the actors of oppression, whether",keyword,no,no
or electrical sensitivities,ncdj-disability-style-guide-2021,421,### [Chemical and/or electrical sensitivities]{.highlight-gold},glossary,yes,no
ordination,religion-stylebook-2026-06,239,## ordination,glossary,no,yes
ordination,seiu-stylebook-2020-01,334,co-ordination,keyword,no,no
oreo,diversity-style-guide-2023-11,2771,"- [Oreo](https://www.diversitystyleguide.com/glossary/oreo/){.glossaryLink .cmtt_African .American, .Black .cmtt_Race}",glossary,no,no
oreo,nabj-style-guide-2022-10,1538,"| | | [Oreo:]{style=""font-weight: bold;""} Disparaging term for someone deemed to have shunned his or her black culture a",keyword,yes,no
organization names,nabj-style-guide-2022-10,1528,"| | | [Negro:]{style=""font-weight: bold;""} Use African American or black. Do not use to describe a person of African des",keyword,yes,no
organization names,nlgja-stylebook-lgbtq-2025-06,330,**organization names\**,glossary,yes,no
oriental,apa-inclusive-language-2023-10,1496,by the U.S. Constitution. The outdated term “Oriental” is primarily used to refer to cultural objects such as carpets an,keyword,yes,no
oriental,diversity-style-guide-2023-11,2776,- [Oriental](https://www.diversitystyleguide.com/glossary/oriental/){.glossaryLink .cmtt_Asian .American .cmtt_Race},glossary,no,no
oriental,seiu-stylebook-2020-01,972,Oriental [Do not use.],keyword,yes,no
orthodox,diversity-style-guide-2023-11,2791,"- [orthodox, orthodoxy](https://www.diversitystyleguide.com/glossary/orthodox-orthodoxy/){.glossaryLink .cmtt_Religion}",glossary,no,no
orthodox,gcjt-style-guide-trauma-2021,4364,Orthodox Jew and opened his mind to the great religions of the world.,keyword,no,no
orthodox,nabj-style-guide-2022-10,1520,"| | | [Nation of Islam:]{style=""font-weight: bold;""} Religious movement established during the Great Depression in Detro",keyword,no,no
orthodox church,diversity-style-guide-2023-11,2781,- [Orthodox Church](https://www.diversitystyleguide.com/glossary/orthodox-church/){.glossaryLink .cmtt_Christianity .cmt,glossary,no,no
orthodox judaism,diversity-style-guide-2023-11,2786,- [Orthodox Judaism](https://www.diversitystyleguide.com/glossary/orthodox-judaism/){.glossaryLink .cmtt_Judaism .cmtt_R,glossary,no,no
orthodox judaism,religion-stylebook-2026-06,243,## Orthodox Judaism,glossary,no,yes
orthodoxy,diversity-style-guide-2023-11,2791,"- [orthodox, orthodoxy](https://www.diversitystyleguide.com/glossary/orthodox-orthodoxy/){.glossaryLink .cmtt_Religion}",glossary,no,no
other pacific islander,diversity-style-guide-2023-11,2616,"- [Native Hawaiian or Other Pacific Islander, U.S. Census definition of](https://www.diversitystyleguide.com/glossary/na",glossary,no,no
out,diversity-style-guide-2023-11,2796,- [out](https://www.diversitystyleguide.com/glossary/out/){.glossaryLink .cmtt_LGBTQ},glossary,no,no
out,nlgja-stylebook-lgbtq-2025-06,333,"**out, outing, openly\**",glossary,yes,no
outing,hrc-glossary-2023-05,110,"**Outing \|** Exposing someone's lesbian, gay, bisexual transgender or gender non-binary identity to others without thei",glossary,no,no
outing,nlgja-stylebook-lgbtq-2025-06,333,"**out, outing, openly\**",glossary,yes,no
pacific islander,apa-inclusive-language-2023-10,1646,"Islands,” and/or “Pacific Islander.”",keyword,no,no
pacific islander,define-american-media-reference-2024-01,1445,but Pacific Islander (or Pasifika) representation,keyword,no,no
pacific islander,diversity-style-guide-2023-11,2621,- [Native Hawaiian/Pacific Islander](https://www.diversitystyleguide.com/glossary/pacific-islander/){.glossaryLink .cmtt,glossary,no,no
pacific islander,racial-equity-tools-glossary-2023,91,"[Many of the terms in this glossary have evolved over time. For example, given the changing demographic trends in the Un",keyword,no,no
pacific islander,sierra-club-equity-language-guide-2021,1168,"• Asian American/Pacific Islander, AAPI",keyword,no,no
pagan,cair-journalists-guide-2021-08,112,"the pagan practices of his people, and early on, made an effort to search for greater truth and",keyword,no,no
pagan,diversity-style-guide-2023-11,2806,- [pagan](https://www.diversitystyleguide.com/glossary/pagan/){.glossaryLink .cmtt_Paganism/Wicca .cmtt_Religion},glossary,no,no
pagan,sierra-club-equity-language-guide-2021,1479,"many Wiccan or Pagan faiths . In addition, be aware and",keyword,no,no
paki,diversity-style-guide-2023-11,2811,- [Paki](https://www.diversitystyleguide.com/glossary/paki/){.glossaryLink .cmtt_Asian .American .cmtt_Race},glossary,no,no
pakistani languages,diversity-style-guide-2023-11,2816,- [Pakistani languages](https://www.diversitystyleguide.com/glossary/pakistani-languages/){.glossaryLink .cmtt_Race},glossary,no,no
palestine,diversity-style-guide-2023-11,2821,- [Palestine](https://www.diversitystyleguide.com/glossary/palestine/){.glossaryLink .cmtt_Geography},glossary,no,no
palestine,sumofus-progressive-styleguide-2016,1518,"yy Palestinians, Palestine is best used for",keyword,no,no
palm sunday,diversity-style-guide-2023-11,2826,- [Palm Sunday](https://www.diversitystyleguide.com/glossary/palm-sunday/){.glossaryLink .cmtt_Christianity .cmtt_Religi,glossary,no,no
pan africanism,diversity-style-guide-2023-11,2831,"- [Pan-Africanism](https://www.diversitystyleguide.com/glossary/pan-africanism/){.glossaryLink .cmtt_African .American, ",glossary,no,no
pangender,diversity-style-guide-2023-11,2836,- [pangender](https://www.diversitystyleguide.com/glossary/pangender/){.glossaryLink .cmtt_LGBTQ},glossary,no,no
pansexual,diversity-style-guide-2023-11,2841,"- [pansexual, omnisexual](https://www.diversitystyleguide.com/glossary/pansexual-omnisexual/){.glossaryLink .cmtt_LGBTQ}",glossary,no,no
pansexual,hrc-glossary-2023-05,112,"**Pansexual \|** Describes someone who has the potential for emotional, romantic or sexual attraction to people of any g",glossary,no,no
pansexual,racial-equity-tools-glossary-2023,3137,"[[[[Pansexual]{.wixui-rich-text__text style=""letter-spacing:0.03em;""}]{.wixui-rich-text__text style=""font-size:22px;""}]{",keyword,no,no
pansexual,sierra-club-equity-language-guide-2021,665,"described. Terms like bisexual, pansexual, and asexual",keyword,no,no
paraplegia,diversity-style-guide-2023-11,2846,- [paraplegia/paraplegic](https://www.diversitystyleguide.com/glossary/paraplegiaparaplegic/){.glossaryLink .cmtt_Disabi,glossary,no,no
paraplegia,ncdj-disability-style-guide-2021,1221,### [Paraplegia/paraplegic]{.highlight-gold},glossary,yes,no
paraplegic,diversity-style-guide-2023-11,2846,- [paraplegia/paraplegic](https://www.diversitystyleguide.com/glossary/paraplegiaparaplegic/){.glossaryLink .cmtt_Disabi,glossary,no,no
paraplegic,ncdj-disability-style-guide-2021,1221,### [Paraplegia/paraplegic]{.highlight-gold},glossary,yes,no
parent,apa-inclusive-language-2023-10,432,Multigenerational trauma has also been linked to high rates of suicide. Parents and caregivers/caretakers’ experiences,keyword,no,no
parent,cair-journalists-guide-2021-08,301,"witness to the truth, for the sake of God, even though it be against your own selves or your parents",keyword,no,no
parent,casey-editorial-guide-2013-04,785,꜏਀ talking with parents; and,keyword,no,no
parent,color-of-change-black-families-narrative-2020,140,"and maligned Black parents, and punished",keyword,no,no
parent,color-of-change-black-survivors-styleguide-2022,843,parents/guardians to have access to,keyword,no,no
parent,dcfpi-inclusive-language-2017-12,146,Reduce parents’ stress,keyword,no,no
parent,define-american-media-reference-2024-01,262,parent. Audiences are creating relationships with these characters,keyword,no,no
parent,diversity-style-guide-2023-11,2851,- [parent](https://www.diversitystyleguide.com/glossary/parent/){.glossaryLink .cmtt_LGBTQ},glossary,no,no
parent,interact-intersex-media-guide-2017,134,Experienced parents of intersex children,keyword,no,no
parent,nlgja-stylebook-lgbtq-2025-06,340,**parent\**,glossary,no,no
parent,picum-words-matter-2017-03,492,situation with their parents.,keyword,no,no
parent,seiu-stylebook-2020-01,400,DAPA [Deferred Action for Parents of Americans],keyword,no,no
parents,apa-inclusive-language-2023-10,432,Multigenerational trauma has also been linked to high rates of suicide. Parents and caregivers/caretakers’ experiences,keyword,no,no
parents,cair-journalists-guide-2021-08,301,"witness to the truth, for the sake of God, even though it be against your own selves or your parents",keyword,no,no
parents,casey-editorial-guide-2013-04,785,꜏਀ talking with parents; and,keyword,no,no
parents,color-of-change-black-families-narrative-2020,140,"and maligned Black parents, and punished",keyword,no,no
parents,color-of-change-black-survivors-styleguide-2022,843,parents/guardians to have access to,keyword,no,no
parents,dcfpi-inclusive-language-2017-12,146,Reduce parents’ stress,keyword,no,no
parents,define-american-media-reference-2024-01,583,"defined as children, parents, siblings, spouses,",keyword,no,no
parents,interact-intersex-media-guide-2017,134,Experienced parents of intersex children,keyword,no,no
parents,nlgja-stylebook-lgbtq-2025-06,255,"**families, parents\**",glossary,yes,no
parents,picum-words-matter-2017-03,492,situation with their parents.,keyword,no,no
parents,seiu-stylebook-2020-01,400,DAPA [Deferred Action for Parents of Americans],keyword,no,no
parsi,diversity-style-guide-2023-11,2856,"- [Parsi, Parsis](https://www.diversitystyleguide.com/glossary/parsi-parsis-also-parsees/){.glossaryLink .cmtt_Indian .A",glossary,no,no
parsis,diversity-style-guide-2023-11,2856,"- [Parsi, Parsis](https://www.diversitystyleguide.com/glossary/parsi-parsis-also-parsees/){.glossaryLink .cmtt_Indian .A",glossary,no,no
partial hearing loss,ncdj-disability-style-guide-2021,1231,### [Partial hearing loss/partially deaf]{.highlight-gold},glossary,no,no
partial hearing loss,sumofus-progressive-styleguide-2016,479,"yy partial hearing loss,",keyword,no,no
partially deaf,diversity-style-guide-2023-11,76,- [(partial) hearing loss/partially deaf](https://www.diversitystyleguide.com/glossary/partial-hearing-losspartially-dea,glossary,no,no
partially deaf,ncdj-disability-style-guide-2021,1231,### [Partial hearing loss/partially deaf]{.highlight-gold},glossary,no,no
partially deaf,sumofus-progressive-styleguide-2016,481,partially deaf,keyword,no,no
partially sighted,diversity-style-guide-2023-11,686,- [blind/limited vision/low vision/partially sighted/visually impaired](https://www.diversitystyleguide.com/glossary/bli,glossary,no,no
partially sighted,ncdj-disability-style-guide-2021,356,### [Blind/legally blind/limited vision/low vision/partially sighted/visually impaired]{.highlight-gold},glossary,no,no
partially sighted,sumofus-progressive-styleguide-2016,471,partially-sighted,keyword,no,no
partition,diversity-style-guide-2023-11,2861,- [partition](https://www.diversitystyleguide.com/glossary/partition/){.glossaryLink},glossary,no,no
partner,diversity-style-guide-2023-11,2866,- [partner](https://www.diversitystyleguide.com/glossary/partner/){.glossaryLink .cmtt_LGBTQ},glossary,no,no
partner,nlgja-stylebook-lgbtq-2025-06,343,"**partner, lover\**",glossary,no,no
pashtun,diversity-style-guide-2023-11,2871,- [Pashtun](https://www.diversitystyleguide.com/glossary/pashtun/){.glossaryLink},glossary,no,no
passing,cair-journalists-guide-2021-08,119,"Peninsula. Within a hundred years after the Prophet’s* passing in 633 A.D., Islam reached as far west",keyword,no,no
passing,define-american-media-reference-2024-01,1934,"In passing the Immigration Act of 1917, Congress extended the",keyword,no,no
passing,diversity-style-guide-2023-11,2876,"- [passing](https://www.diversitystyleguide.com/glossary/passing/){.glossaryLink .cmtt_African .American, .Black .cmtt_R",glossary,no,no
passing,tja-stylebook-2026-01,479,"### [stealth, passing](#stealth-passing){.header-anchor} {#stealth-passing updated=""2023-08-25"" tabindex=""-1""}",glossary,no,no
passover,diversity-style-guide-2023-11,2881,"- [Passover, Pesach](https://www.diversitystyleguide.com/glossary/passover/){.glossaryLink .cmtt_Judaism}",glossary,no,no
passover,religion-stylebook-2026-06,247,## Passover,glossary,no,no
patel motel,diversity-style-guide-2023-11,2886,- [Patel motel](https://www.diversitystyleguide.com/glossary/patel-motel/){.glossaryLink .cmtt_Indian .American .cmtt_Ra,glossary,no,no
patriarch,religion-stylebook-2026-06,251,## patriarch,glossary,no,yes
patriarchy,color-of-change-black-families-narrative-2020,1372,patriarchy (male dominance and privilege),keyword,no,no
patriarchy,movement-strategy-center-glossary-2024,269,#### Patriarchy,glossary,no,no
patriarchy,racial-equity-tools-glossary-2023,781,"- Centering Blackness allows for a completely different worldview to emerge, free from the constraints of white supremac",keyword,no,no
patriarchy,sumofus-progressive-styleguide-2016,2965,"Sian Ferguson, Kyriarchy 101: We’re Not Just Fighting the Patriarchy Anymore261, 23",keyword,no,no
pearl harbor,diversity-style-guide-2023-11,2891,- [Pearl Harbor](https://www.diversitystyleguide.com/glossary/pearl-harbor/){.glossaryLink .cmtt_Asian .American .cmtt_N,glossary,no,no
pentateuch,religion-stylebook-2026-06,255,## Pentateuch,glossary,no,no
people first language,diversity-style-guide-2023-11,2901,- [people-first language](https://www.diversitystyleguide.com/glossary/people-first-language/){.glossaryLink .cmtt_Disab,glossary,no,no
people first language,ncdj-disability-style-guide-2021,1243,### [People-first language]{.highlight-gold},glossary,yes,no
people of color,apa-inclusive-language-2023-10,525,"use the specific name of the group or groups to which you refer, or use broader terms such as “people of color” or",keyword,no,no
people of color,casey-editorial-guide-2013-04,146,patterns of discrimination continue to make it more difficult for people of color to gain a foothold in,keyword,no,no
people of color,color-of-change-antiracist-protest-reporting-2020,41,dangerous for people of color working in the news media,keyword,no,no
people of color,comm-unity-style-guide-2021,142,and another for poor people and people of color.”,keyword,no,no
people of color,dcfpi-inclusive-language-2017-12,97,"people of color in images, and also being conscious of the context and not reinforcing stereotypes, or",keyword,no,no
people of color,define-american-media-reference-2024-01,1227,"""replace"" the white population with people of color. This fear has dire",keyword,no,no
people of color,diversity-style-guide-2023-11,2896,- [people of color](https://www.diversitystyleguide.com/glossary/people-of-color/){.glossaryLink .cmtt_Race},glossary,no,no
people of color,idp-journalist-style-guide-2020,141,wealthy people and another for poor people and people of color.”,keyword,no,no
people of color,nabj-style-guide-2022-10,1710,"| | | [people of color:]{style=""font-weight: bold;""} Acceptable use as a synonym for minorities. May also use to describ",keyword,yes,no
people of color,native-governance-center-style-guide-2021-02,86,"Use Black, Indigenous, People of Color (BIPOC) rather than People of Color (POC) if",keyword,no,no
people of color,opportunity-agenda-social-justice-phrase-guide-2015,48,üinstead: People of color.,keyword,no,no
people of color,racial-equity-tools-glossary-2023,91,"[Many of the terms in this glossary have evolved over time. For example, given the changing demographic trends in the Un",keyword,no,no
people of color,seiu-stylebook-2020-01,3261,people of color : personnes de couleur,keyword,no,no
people of color,sierra-club-equity-language-guide-2021,1262,“People of color” has in the past served as a,keyword,no,no
people of color,sumofus-progressive-styleguide-2016,2606,"yy person, people of color",keyword,no,no
people with disabilities,apa-inclusive-language-2023-10,628,The discussion of person-first versus identity-first language was first applied to issues regarding people with disabili,keyword,no,no
people with disabilities,dcfpi-inclusive-language-2017-12,50,'people with disabilities' or 'the homeless' vs. 'people experiencing homelessness' - places an undue focus,keyword,no,no
people with disabilities,ncdj-disability-style-guide-2021,673,### [Disabled people/people with disabilities]{.highlight-gold},glossary,no,no
people with disabilities,picum-words-matter-2017-03,576,"of colour, people with disabilities and LGBTI",keyword,no,no
people with disabilities,racial-equity-tools-glossary-2023,193,The system of oppression that disadvantages people with disabilities and advantages people who do not currently have dis,keyword,no,no
people with disabilities,seiu-stylebook-2020-01,464,people with disabilities,keyword,no,no
people with disabilities,sierra-club-equity-language-guide-2021,338,Guidelines for Writing About People With Disabilities for,keyword,no,no
people with disabilities,sumofus-progressive-styleguide-2016,364,Guidelines for reporting and writing about people with disabilities,keyword,no,no
pep,nlgja-stylebook-lgbtq-2025-06,676,**PEP\**,glossary,no,no
pesach,diversity-style-guide-2023-11,2881,"- [Passover, Pesach](https://www.diversitystyleguide.com/glossary/passover/){.glossaryLink .cmtt_Judaism}",glossary,no,no
pesach,religion-stylebook-2026-06,259,## Pesach,glossary,no,no
pflag,apa-inclusive-language-2023-10,641,"[CDC], 2022c; National Archives, 2023; National Center on Disability and Journalism, 2021; PFLAG, 2022):",keyword,yes,no
pflag,diversity-style-guide-2023-11,2906,- [PFLAG](https://www.diversitystyleguide.com/glossary/pflag/){.glossaryLink .cmtt_LGBTQ},glossary,no,no
pflag,racial-equity-tools-glossary-2023,830,"**SOURCE: **[[PFLAG National Glossary of Terms]{.underline}](https://pflag.org/glossary){.wixui-rich-text__text target=""",keyword,no,no
phillippine names,diversity-style-guide-2023-11,2911,- [Phillippine names](https://www.diversitystyleguide.com/glossary/phillippine-names/){.glossaryLink},glossary,no,no
pilipino,diversity-style-guide-2023-11,1356,- [Filipino/Pilipino](https://www.diversitystyleguide.com/glossary/filipinopilipino/){.glossaryLink .cmtt_Pacific .Islan,glossary,no,no
pink triangle,diversity-style-guide-2023-11,2921,- [pink triangle](https://www.diversitystyleguide.com/glossary/pink-triangle/){.glossaryLink .cmtt_LGBTQ},glossary,no,no
pink triangle,nlgja-stylebook-lgbtq-2025-06,349,**pink triangle\**,glossary,no,no
plain english,ncdj-disability-style-guide-2021,1268,### [Plain English]{.highlight-gold},glossary,no,no
polack,diversity-style-guide-2023-11,2926,"- [Polock, Polack](https://www.diversitystyleguide.com/glossary/polock-polack/){.glossaryLink .cmtt_Race .cmtt_White}",glossary,no,no
polio,ncdj-disability-style-guide-2021,932,### [Infantile paralysis/poliomyelitis/polio/post-polio syndrome]{.highlight-gold},glossary,no,no
poliomyelitis,ncdj-disability-style-guide-2021,932,### [Infantile paralysis/poliomyelitis/polio/post-polio syndrome]{.highlight-gold},glossary,no,no
politically charged terms,nlgja-stylebook-lgbtq-2025-06,352,**politically charged terms\**,glossary,no,no
polock,diversity-style-guide-2023-11,2926,"- [Polock, Polack](https://www.diversitystyleguide.com/glossary/polock-polack/){.glossaryLink .cmtt_Race .cmtt_White}",glossary,no,no
polyamorous,diversity-style-guide-2023-11,2931,- [polyamorous](https://www.diversitystyleguide.com/glossary/polyamorous/){.glossaryLink},glossary,no,no
polygamy,diversity-style-guide-2023-11,2936,- [polygamy](https://www.diversitystyleguide.com/glossary/polygamy/){.glossaryLink},glossary,no,no
post polio syndrome,ncdj-disability-style-guide-2021,932,### [Infantile paralysis/poliomyelitis/polio/post-polio syndrome]{.highlight-gold},glossary,no,no
post racial,diversity-style-guide-2023-11,2941,- [post-racial](https://www.diversitystyleguide.com/glossary/post-racial/){.glossaryLink .cmtt_Race},glossary,no,no
post traumatic stress disorder,diversity-style-guide-2023-11,2946,- [post-traumatic stress disorder (PTSD)](https://www.diversitystyleguide.com/glossary/post-traumatic-stress-disorder-pt,glossary,no,no
post traumatic stress disorder,gcjt-style-guide-trauma-2021,300,"holds similarities with Post Traumatic Stress Disorder (PTSD), there is",keyword,no,no
post traumatic stress disorder,ncdj-disability-style-guide-2021,1278,### [Post-traumatic stress disorder (PTSD)]{.highlight-gold},glossary,yes,no
postlingually deaf,diversity-style-guide-2023-11,2971,- [pre-lingually deaf/postlingually deaf/late-deafened](https://www.diversitystyleguide.com/glossary/pre-lingually-deafp,glossary,no,no
postlingually deaf,ncdj-disability-style-guide-2021,1288,### [Prelingually deaf/postlingually deaf/late-deafened]{.highlight-gold},glossary,no,no
poverty,apa-inclusive-language-2023-10,418,"health such as poverty, discrimination, and their consequences, including powerlessness and lack of access to good jobs",keyword,no,no
poverty,casey-editorial-guide-2013-04,509,"¥ ÒWhen we say, Ôconcentrated poverty,Õ we are referring to communities where poverty rates are at",keyword,no,no
poverty,color-of-change-antiracist-protest-reporting-2020,202,The Southern Poverty Law Center has a,keyword,no,no
poverty,color-of-change-black-families-narrative-2020,249,help people exit poverty. As just one,keyword,no,no
poverty,comm-unity-style-guide-2021,489,organizations. The Southern Poverty Law Center has designated two oft-quoted organizations as hate groups.,keyword,no,no
poverty,dcfpi-inclusive-language-2017-12,14,Guidelines for Talking About Race and Poverty ..........................................................................,keyword,no,no
poverty,gcjt-style-guide-trauma-2021,333,"environmental factors (e.g., poverty, racial discrimination); [adverse",keyword,no,no
poverty,idp-journalist-style-guide-2020,565,white nationalist organizations. The Southern Poverty Law Center has designated two oft-quoted,keyword,no,no
poverty,movement-strategy-center-glossary-2024,512,#### Economy/Poverty,glossary,yes,no
poverty,nabj-style-guide-2022-10,1918,"| | | [Southern Cross:]{style=""font-weight: bold;""} Confederate battle flag used during the Civil War, which remains off",keyword,yes,no
poverty,opportunity-agenda-social-justice-phrase-guide-2015,27,with disabilities vs. disabled people; people living in poverty vs. poor people; people who are homeless vs. homeless,keyword,no,no
poverty,racial-equity-tools-glossary-2023,3790,**SOURCE:** [[*Facts Matter! Black Lives Matter! The Trauma of Racism*]{.underline}](https://mcsilver.nyu.edu/wp-content,keyword,no,no
poverty,seiu-stylebook-2020-01,1029,"poverty wages [ungrammatical, but too widely used to argue about]",keyword,no,no
poverty,sumofus-progressive-styleguide-2016,595,"• Chronic Poverty Research Center, Appendix A: Glossary",keyword,no,no
poverty,wordsaboutwar-full-2025,384,and a stable life. Many refer to the “poverty,keyword,no,no
poverty line,dcfpi-inclusive-language-2017-12,142,People with incomes below the poverty line,keyword,no,no
poverty line,diversity-style-guide-2023-11,2951,"- [poverty line, poverty threshold](https://www.diversitystyleguide.com/glossary/poverty-line-poverty-threshold/){.gloss",glossary,no,no
poverty threshold,apa-inclusive-language-2023-10,2233,federal poverty threshold,keyword,no,no
poverty threshold,diversity-style-guide-2023-11,2951,"- [poverty line, poverty threshold](https://www.diversitystyleguide.com/glossary/poverty-line-poverty-threshold/){.gloss",glossary,no,no
poverty violations,diversity-style-guide-2023-11,2956,- [poverty violations](https://www.diversitystyleguide.com/glossary/poverty-violations/){.glossaryLink .cmtt_African .Am,glossary,no,no
power,18doors-interfaith-glossary-2023,13,The words we use are ever-evolving and we know that language has the power to be a source of healing or hurt. **We encou,keyword,no,no
power,apa-inclusive-language-2023-10,25,"and inclusion (EDI). With this guide, we acknowledge the power of language and explain why",keyword,yes,no
power,casey-editorial-guide-2013-04,600,¥ The federal government has more power than the state governments.,keyword,no,no
power,color-of-change-antiracist-protest-reporting-2020,160,has less power to prevent or avoid.,keyword,yes,no
power,color-of-change-black-families-narrative-2020,137,"In very real terms, people in power have",keyword,no,no
power,color-of-change-black-survivors-styleguide-2022,139,victims/survivors within broader structures of power and privilege. Your publication should share this,keyword,yes,no
power,dcfpi-inclusive-language-2017-12,78,providing writers an opportunity to counter implicit biases towards status quo systems of power by,keyword,no,no
power,define-american-media-reference-2024-01,1106,"expanded powers provided to Border Patrol,",keyword,no,no
power,gcjt-style-guide-trauma-2021,1561,"criminal activity with the intent to enhance or preserve their power,",keyword,no,no
power,movement-strategy-center-glossary-2024,272,#### Power,glossary,no,no
power,nabj-style-guide-2022-10,455,"| | | [Black Codes:]{style=""font-weight: bold;""} Statutes curtailing rights of African Americans during early years of R",keyword,no,no
power,naja-indigenous-terminology-2023-06,96,That Would Bolster State Power,keyword,no,no
power,racial-equity-tools-glossary-2023,68,"Language can be used deliberately to engage and support community anti-racism coalitions and initiatives, or to inflame ",keyword,no,no
power,seiu-stylebook-2020-01,425,They had the decision-making power to launch the program.,keyword,no,no
power,sierra-club-equity-language-guide-2021,1452,Racism entails systemic relationships of power that,keyword,no,no
power,sumofus-progressive-styleguide-2016,15,Intersectionality and Cross-sector Power Building,keyword,no,no
power,wordsaboutwar-full-2025,428,"Like “power projection,” “deterrence” hides",keyword,no,no
power,wordsaboutwar-short-2025,130,power projection,keyword,no,no
powwow,apa-inclusive-language-2023-10,2360,powwow,keyword,no,no
powwow,diversity-style-guide-2023-11,2961,- [powwow](https://www.diversitystyleguide.com/glossary/powwow/){.glossaryLink .cmtt_American .Indian .or .Native .Ameri,glossary,no,no
powwow,sierra-club-equity-language-guide-2021,1735,"“let’s powwow,” and “circle the wagons.”",keyword,no,no
practicing,diversity-style-guide-2023-11,2966,- [practicing (LGBTQ+)](https://www.diversitystyleguide.com/glossary/practicing/){.glossaryLink .cmtt_LGBTQ},glossary,no,no
practicing,sierra-club-equity-language-guide-2021,91,disability justice movement. Practicing people-first,keyword,no,no
practicing trauma informed reporting,tja-stylebook-2026-01,585,### [practicing trauma-informed reporting](#trauma-informed-reporting){.header-anchor} {#trauma-informed-reporting updat,glossary,no,no
pre lingually deaf,diversity-style-guide-2023-11,2971,- [pre-lingually deaf/postlingually deaf/late-deafened](https://www.diversitystyleguide.com/glossary/pre-lingually-deafp,glossary,no,no
preferred pronouns,apa-inclusive-language-2023-10,1914,Do not use the term “preferred pronouns” because this implies a choice about one’s gender. Use the term “pronouns”,keyword,yes,no
preferred pronouns,color-of-change-black-survivors-styleguide-2022,366,Ask survivors for their preferred pronouns,keyword,no,no
preferred pronouns,diversity-style-guide-2023-11,2976,- [preferred pronouns](https://www.diversitystyleguide.com/glossary/preferred-pronouns/){.glossaryLink .cmtt_LGBTQ .cmtt,glossary,no,no
preferred pronouns,tja-stylebook-2026-01,366,"### [preferred pronouns](#preferred-pronouns){.header-anchor} {#preferred-pronouns updated=""2023-08-25"" tabindex=""-1""}",glossary,yes,no
pregnant people,apa-inclusive-language-2023-10,826,pregnant people may benefit from,keyword,no,no
pregnant people,nlgja-stylebook-lgbtq-2025-06,355,**pregnant people\**,glossary,yes,no
prejudice,apa-inclusive-language-2023-10,289,"Prejudice against, hostility toward, or hatred of Jews. Antisemitism has taken various forms and has been perpetrated by",keyword,no,no
prejudice,color-of-change-black-survivors-styleguide-2022,161,active engagement to unseat the prejudices,keyword,no,no
prejudice,dcfpi-inclusive-language-2017-12,510,Prejudice,keyword,no,no
prejudice,gcjt-style-guide-trauma-2021,1552,"[""Be careful. We all have prejudices --- that's not up for grabs,"" says",keyword,no,no
prejudice,movement-strategy-center-glossary-2024,276,#### Prejudice,glossary,no,no
prejudice,nabj-style-guide-2022-10,443,"| | | [bias, discrimination:]{style=""font-weight: bold;""} Bias is a state of mind, a prepossession or prejudice toward a",keyword,no,no
prejudice,racial-equity-tools-glossary-2023,617,Intolerant prejudice that glorifies one's own group and denigrates members of other groups.,keyword,no,no
prejudice,seiu-stylebook-2020-01,2874,our private beliefs about race. It’s when people act upon their prejudice or unconscious,keyword,no,no
prejudice,sierra-club-equity-language-guide-2021,1460,"prejudice, not racism.",keyword,no,no
prejudice,sumofus-progressive-styleguide-2016,1171,"same time, scientific studies can also be baked with prejudice",keyword,no,no
prelingually deaf,ncdj-disability-style-guide-2021,1288,### [Prelingually deaf/postlingually deaf/late-deafened]{.highlight-gold},glossary,no,no
prep,nlgja-stylebook-lgbtq-2025-06,679,**PrEP\**,glossary,no,no
pride,apa-inclusive-language-2023-10,634,researchers) to name it or to select terms with negative implications. Identity-first language is often used as an expre,keyword,no,no
pride,dcfpi-inclusive-language-2017-12,201,"residents want to build pride in the name, and see the name issue as less important than actually",keyword,no,no
pride,define-american-media-reference-2024-01,2082,"highlight the uniqueness, richness, and pride in their backgrounds.",keyword,yes,no
pride,nabj-style-guide-2022-10,1294,"| | | [kente:]{style=""font-weight: bold;""} Colorful woven fabric used as blankets or cut and sewn into garments dating b",keyword,no,no
pride,nlgja-stylebook-lgbtq-2025-06,358,"**Pride, pride\**",glossary,no,yes
pride day,diversity-style-guide-2023-11,2981,- [Pride Day](https://www.diversitystyleguide.com/glossary/pride-day/){.glossaryLink .cmtt_LGBTQ},glossary,no,no
pride flag,nlgja-stylebook-lgbtq-2025-06,361,"**Pride flag, rainbow flag\**",glossary,no,no
primitive,apa-inclusive-language-2023-10,2378,to equate Indigenous people with being “savage” or “primitive.” Modern misuse of the term perpetuates stereotypes about,keyword,yes,no
primitive,diversity-style-guide-2023-11,2986,- [primitive](https://www.diversitystyleguide.com/glossary/primitive/){.glossaryLink .cmtt_Race},glossary,no,no
primitive,gcjt-style-guide-trauma-2021,4726,"primitive beauty, dark mysteries, and savage violence, as well as the",keyword,no,no
primitive,nabj-style-guide-2022-10,1712,"| | | [primitive:]{style=""font-weight: bold;""} Avoid using potentially insulting term to describe a person or people. | ",keyword,yes,no
prison industrial complex,movement-strategy-center-glossary-2024,284,#### Prison Industrial Complex,glossary,no,no
prison industrial complex,racial-equity-tools-glossary-2023,232,"2. Prison industrial complex (PIC) abolition is a political vision with the goal of eliminating imprisonment, policing, ",keyword,no,no
privilege,apa-inclusive-language-2023-10,47,identities that are affected by interlocking systems of oppression and privilege. No group is a,keyword,no,no
privilege,color-of-change-antiracist-protest-reporting-2020,236,"wealth, social status, power, and privileges to dominate",keyword,no,no
privilege,color-of-change-black-families-narrative-2020,377,privilege in America: sign,keyword,no,no
privilege,color-of-change-black-survivors-styleguide-2022,139,victims/survivors within broader structures of power and privilege. Your publication should share this,keyword,yes,no
privilege,dcfpi-inclusive-language-2017-12,512,Privilege,keyword,no,no
privilege,movement-strategy-center-glossary-2024,280,#### Privilege,glossary,no,no
privilege,racial-equity-tools-glossary-2023,68,"Language can be used deliberately to engage and support community anti-racism coalitions and initiatives, or to inflame ",keyword,no,no
privilege,seiu-stylebook-2020-01,3331,"privilege [It is an unearned right, advantage, benefit, or immunity granted or available only",keyword,no,no
privilege,sierra-club-equity-language-guide-2021,129,heterosexual person with economic privilege. When we,keyword,no,no
privilege,sumofus-progressive-styleguide-2016,1460,is just a first world one is to ostentatiously check my privilege,keyword,no,no
pro choice,diversity-style-guide-2023-11,2991,- [pro-choice](https://www.diversitystyleguide.com/glossary/pro-choice/){.glossaryLink .cmtt_Abortion .cmtt_Religion},glossary,no,no
pro choice,sumofus-progressive-styleguide-2016,3343,163 http://www.nytimes.com/2014/07/29/us/politics/advocates-shun-pro-choice-toexpand-message.html?_r=0,keyword,no,no
pro life,diversity-style-guide-2023-11,2996,- [pro-life](https://www.diversitystyleguide.com/glossary/pro-life-2/){.glossaryLink .cmtt_Abortion .cmtt_Religion},glossary,no,no
pro life,sumofus-progressive-styleguide-2016,1681,yy pro-life,keyword,no,no
progressive,color-of-change-black-families-narrative-2020,1161,families and progressive social policies.,keyword,no,no
progressive,dcfpi-inclusive-language-2017-12,62,"and easy way of explaining their lived experience within a community, and progressive writing should",keyword,no,no
progressive,diversity-style-guide-2023-11,3001,- [progressive](https://www.diversitystyleguide.com/glossary/progressive/){.glossaryLink .cmtt_Religion},glossary,no,no
progressive,nabj-style-guide-2022-10,441,"| | | [Baptist church:]{style=""font-weight: bold;""} Black people were allowed to join the Baptist fold starting in the 1",keyword,no,no
progressive,racial-equity-tools-glossary-2023,1814,"A far-right conspiracy claim that Jews---or Left and progressive politicians and thought leaders, in less explicitly rac",keyword,no,no
progressive,seiu-stylebook-2020-01,3349,progressive,keyword,no,no
progressive,sumofus-progressive-styleguide-2016,8,A Progressive’s,keyword,no,no
projects,define-american-media-reference-2024-01,156,Six Tips to Consider When Creating Projects About Immigrants,keyword,no,no
projects,diversity-style-guide-2023-11,3006,"- [projects, the](https://www.diversitystyleguide.com/glossary/projects-the/){.glossaryLink .cmtt_Race}",glossary,no,no
projects,nabj-style-guide-2022-10,1714,"| | | [projects, the:]{style=""font-weight: bold;""} Abbreviated slang for housing projects. Do not use either term to des",keyword,yes,no
projects,native-governance-center-style-guide-2021-02,194,Do not use the word pipeline to refer to fundraising or projects in development.,keyword,yes,no
projects,wordsaboutwar-full-2025,45,public education projects. When quoting or copying parts of the,keyword,no,no
pronoun basics,tja-stylebook-2026-01,314,"### [pronoun basics](#pronoun-basics){.header-anchor} {#pronoun-basics updated=""2024-04-03"" tabindex=""-1""}",glossary,yes,no
pronouns,apa-inclusive-language-2023-10,1914,Do not use the term “preferred pronouns” because this implies a choice about one’s gender. Use the term “pronouns”,keyword,yes,no
pronouns,color-of-change-black-survivors-styleguide-2022,366,Ask survivors for their preferred pronouns,keyword,no,no
pronouns,dcfpi-inclusive-language-2017-12,69,"sometimes create confusion, and the overuse of common nouns, pronouns, and words such as “it”,",keyword,no,no
pronouns,diversity-style-guide-2023-11,3011,- [pronouns](https://www.diversitystyleguide.com/glossary/pronouns-2/){.glossaryLink .cmtt_Gender .cmtt_LGBTQ .cmtt_Tran,glossary,no,no
pronouns,interact-intersex-media-guide-2017,163,to use gender pronouns other,keyword,no,no
pronouns,nlgja-stylebook-lgbtq-2025-06,364,**pronouns\**,glossary,no,no
pronouns,sierra-club-equity-language-guide-2021,655,identify and what pronouns they use.,keyword,no,no
pronouns,sumofus-progressive-styleguide-2016,128,"clarity. At the same time, common nouns and pronouns can",keyword,no,no
pronouns,tja-stylebook-2026-01,256,"### [don't guess anyone's gender identity or pronouns](#do-not-guess){.header-anchor} {#do-not-guess updated=""2023-08-25",glossary,no,no
pronouns are required,radicalcopyeditor-trans-style-guide-2017,52,"**Pronouns are required, not preferred:** The phrasing ""preferred pronouns"" minimizes their importance. Pronouns aren't ",glossary,no,no
prophet,cair-journalists-guide-2021-08,59,Muslims believe that the message of Islam was revealed to the Prophet Muhammad (may peace and,keyword,no,no
prophet,nabj-style-guide-2022-10,1099,"| | | | [Islam:]{style=""font-weight: bold;""} Youngest of the world\'s three major monotheistic religions. Like Judaism a",keyword,no,no
prophet,religion-stylebook-2026-06,263,## prophet,glossary,no,yes
proselytize,diversity-style-guide-2023-11,3016,- [proselytize](https://www.diversitystyleguide.com/glossary/proselytize/){.glossaryLink .cmtt_Religion},glossary,no,no
psychiatric hospital,apa-inclusive-language-2023-10,687,psychiatric hospital/facility,keyword,no,no
psychiatric hospital,diversity-style-guide-2023-11,1941,- [insane asylum/mental health hospital/psychiatric hospital](https://www.diversitystyleguide.com/glossary/insane-asylum,glossary,no,no
psychiatric hospital,ncdj-disability-style-guide-2021,964,### [Insane asylum/mental health hospital/psychiatric hospital]{.highlight-gold},glossary,no,no
psycho,diversity-style-guide-2023-11,996,"- [crazy/crazed, psycho, nuts, lunatic, deranged, wacko](https://www.diversitystyleguide.com/glossary/crazycrazed-psycho",glossary,no,no
psycho,ncdj-disability-style-guide-2021,486,### [Crazy/loony/mad/psycho/nuts/deranged]{.highlight-gold},glossary,yes,no
psycho,sumofus-progressive-styleguide-2016,552,yy psycho,keyword,no,no
psychopathology,apa-inclusive-language-2023-10,2921,"psychopathology, and treatment. Peter Lang International Academic",keyword,no,no
psychopathology,ncdj-disability-style-guide-2021,954,### [Insane/insanity/mentally deranged/psychopathology]{.highlight-gold},glossary,yes,no
psychosis,apa-inclusive-language-2023-10,613,"obesity, smoking, medication noncompliance or nonadherence, trauma, psychosis) are influenced by upstream decisions",keyword,no,no
psychosis,ncdj-disability-style-guide-2021,1300,### [Psychotic/psychosis]{.highlight-gold},glossary,yes,no
psychotic,diversity-style-guide-2023-11,3026,- [psychotic/psycho](https://www.diversitystyleguide.com/glossary/psychoticpsycho/){.glossaryLink .cmtt_Disability},glossary,no,no
psychotic,ncdj-disability-style-guide-2021,1300,### [Psychotic/psychosis]{.highlight-gold},glossary,yes,no
publishing identifying information about trans children,tja-stylebook-2026-01,597,### [publishing identifying information about trans children](#trans-children){.header-anchor} {#trans-children updated=,glossary,no,no
puerto rico,diversity-style-guide-2023-11,3031,- [Puerto Rico](https://www.diversitystyleguide.com/glossary/puerto-rico/){.glossaryLink .cmtt_Geography},glossary,no,no
puerto rico,seiu-stylebook-2020-01,1080,Puerto Rico,keyword,no,no
punjab,diversity-style-guide-2023-11,3036,- [Punjab](https://www.diversitystyleguide.com/glossary/punjab/){.glossaryLink},glossary,no,no
punjabi,diversity-style-guide-2023-11,3041,- [Punjabi](https://www.diversitystyleguide.com/glossary/punjabi/){.glossaryLink .cmtt_Race},glossary,no,no
purim,religion-stylebook-2026-06,267,## Purim,glossary,no,no
qawwali,diversity-style-guide-2023-11,3046,- [qawwali](https://www.diversitystyleguide.com/glossary/qawaali-or-qawwali/){.glossaryLink .cmtt_Religion},glossary,no,no
qawwali,religion-stylebook-2026-06,749,## qawwali,glossary,no,yes
quadriplegia,diversity-style-guide-2023-11,3051,- [quadriplegia/quadriplegic](https://www.diversitystyleguide.com/glossary/driplegic/){.glossaryLink .cmtt_Disability},glossary,no,no
quadriplegia,ncdj-disability-style-guide-2021,1316,### [Quadriplegia/quadriplegic]{.highlight-gold},glossary,yes,no
quadriplegic,diversity-style-guide-2023-11,3051,- [quadriplegia/quadriplegic](https://www.diversitystyleguide.com/glossary/driplegic/){.glossaryLink .cmtt_Disability},glossary,no,no
quadriplegic,ncdj-disability-style-guide-2021,1316,### [Quadriplegia/quadriplegic]{.highlight-gold},glossary,yes,no
quakers,diversity-style-guide-2023-11,3056,- [Quakers](https://www.diversitystyleguide.com/glossary/quakers/){.glossaryLink .cmtt_Christianity .cmtt_Religion},glossary,no,no
quakers,picum-words-matter-2017-03,528,history. Quakers and Jesuits migrating to New,keyword,no,no
queen,apa-inclusive-language-2023-10,1625,"but are sovereign nations in their own right (Queens University, 2019).",keyword,no,no
queen,color-of-change-black-families-narrative-2020,539,that elicits racist “welfare queen” stereotypes—it is rarely applied to people of wealth,keyword,no,no
queen,diversity-style-guide-2023-11,3061,- [queen](https://www.diversitystyleguide.com/glossary/queen/){.glossaryLink},glossary,no,no
queen,nlgja-stylebook-lgbtq-2025-06,367,**queen\**,glossary,yes,no
queen,sierra-club-equity-language-guide-2021,593,Welfare queen/king,keyword,no,no
queer,apa-inclusive-language-2023-10,2029,"be used as an inclusive term for gender nonconforming, transgender, or queer gestational parents.",keyword,no,no
queer,color-of-change-black-survivors-styleguide-2022,1105,"• Black-Boricua-Taíno, queer, trans survivor",keyword,no,no
queer,dcfpi-inclusive-language-2017-12,64,"themselves. For instance, referring to someone as “queer” instead of as “gay,” if that is how the have",keyword,no,no
queer,diversity-style-guide-2023-11,3066,- [queer](https://www.diversitystyleguide.com/glossary/queer/){.glossaryLink .cmtt_LGBTQ},glossary,no,no
queer,hrc-glossary-2023-05,125,**Queer \|** A term people often use to express a spectrum of identities and orientations that are counter to the mainst,glossary,yes,no
queer,movement-strategy-center-glossary-2024,288,#### Queer,glossary,yes,no
queer,nlgja-stylebook-lgbtq-2025-06,370,**queer\**,glossary,no,no
queer,racial-equity-tools-glossary-2023,2623,"An acronym that collectively refers to individuals who are lesbian, gay, bisexual, transgender, or queer, sometimes stat",keyword,no,no
queer,sierra-club-equity-language-guide-2021,214,as “queer” — an identity that has been reclaimed by,keyword,yes,no
queer,sumofus-progressive-styleguide-2016,1116,“A Nelson queer youth activist says they finally feel,keyword,no,no
questioning,hrc-glossary-2023-05,127,**Questioning \|** A term used to describe people who are in the process of exploring their sexual orientation or gender,glossary,no,no
questioning,racial-equity-tools-glossary-2023,2623,"An acronym that collectively refers to individuals who are lesbian, gay, bisexual, transgender, or queer, sometimes stat",keyword,no,no
questioning,sumofus-progressive-styleguide-2016,1222,"LGBQQTIA2-S (lesbian, gay, bisexual, queer, questioning,",keyword,no,no
quinceañera,diversity-style-guide-2023-11,3071,- [quinceañera](https://www.diversitystyleguide.com/glossary/quinceanera/){.glossaryLink .cmtt_Catholicism .cmtt_Latino/,glossary,no,no
quotas,define-american-media-reference-2024-01,1948,"origins"" quotas, a highly restrictive and quantitatively discriminatory",keyword,no,no
quotas,diversity-style-guide-2023-11,3076,- [quotas](https://www.diversitystyleguide.com/glossary/quotas-2/){.glossaryLink .cmtt_Race},glossary,no,no
quotas,nabj-style-guide-2022-10,1718,"| | | [quotas:]{style=""font-weight: bold;""} A specific or presubscribed number than must be met to reach a certain goal.",keyword,no,no
quran,cair-journalists-guide-2021-08,61,"The Quran, Islam’s revealed text, is considered by Muslims to be the final and literal Word of",keyword,no,no
quran,diversity-style-guide-2023-11,3081,- [Quran](https://www.diversitystyleguide.com/glossary/quran/){.glossaryLink .cmtt_Islam .cmtt_Religion},glossary,no,no
quran,religion-stylebook-2026-06,753,## Quran,glossary,no,no
rabbi,diversity-style-guide-2023-11,3086,- [rabbi](https://www.diversitystyleguide.com/glossary/rabbi/){.glossaryLink .cmtt_Judaism .cmtt_Religion},glossary,no,no
rabbi,religion-stylebook-2026-06,271,## rabbi,glossary,no,yes
race,diversity-style-guide-2023-11,3091,- [race](https://www.diversitystyleguide.com/glossary/race/){.glossaryLink .cmtt_Race},glossary,no,no
race,movement-strategy-center-glossary-2024,292,#### Race,glossary,no,no
racial disparity,dcfpi-inclusive-language-2017-12,515,Racial Disparity,keyword,no,no
racial disparity,movement-strategy-center-glossary-2024,296,#### Racial Disparity,glossary,no,no
racial equity,apa-inclusive-language-2023-10,2352,"& Mayor’s Office of Racial Equity, 2022, p. 2). Suggested alternative: “Sorry, I can’t.”",keyword,no,no
racial equity,dcfpi-inclusive-language-2017-12,38,"integrate a racial equity lens in our writing. However, this document is not intended to be an end-all-be-all;",keyword,no,no
racial equity,movement-strategy-center-glossary-2024,299,#### Racial Equity,glossary,no,no
racial equity,racial-equity-tools-glossary-2023,61,"#### Racial Equity Tools Glossary {#racial-equity-tools-glossary .font_4 .wixui-rich-text__text style=""text-align:center",keyword,no,no
racial equity,sumofus-progressive-styleguide-2016,2445,"• America Healing, Racial equity resource guide: Glossary206.",keyword,no,no
racial healing,movement-strategy-center-glossary-2024,302,#### Racial Healing,glossary,no,no
racial microaggressions,apa-inclusive-language-2023-10,3185,"Nadal, K. L., & Esquilin, M. (2007). Racial microaggressions in everyday",keyword,no,no
racial microaggressions,diversity-style-guide-2023-11,2416,"- [microaggressions, racial microaggressions](https://www.diversitystyleguide.com/glossary/microaggressions-racial-micro",glossary,no,no
racial minority,diversity-style-guide-2023-11,2461,"- [minority, racial minority](https://www.diversitystyleguide.com/glossary/minority/){.glossaryLink .cmtt_Race}",glossary,no,no
racial minority,sumofus-progressive-styleguide-2016,2559,"• Also commonly used, “racial minority” or “visible minority”",keyword,no,no
racial profiling,comm-unity-style-guide-2021,115,They include people who have been subjected to racial profiling and people who have changed,keyword,no,no
racial profiling,idp-journalist-style-guide-2020,92,genocide. They include people who have been subjected to racial profiling and people who,keyword,no,no
racial profiling,movement-strategy-center-glossary-2024,305,#### Racial Profiling,glossary,no,no
racial profiling,nabj-style-guide-2022-10,699,"| | | [driving while black, DWB:]{style=""font-weight: bold;""} Phrase or acronym describing racial profiling of black mot",keyword,no,no
racial profiling,seiu-stylebook-2020-01,3456,"racial profiling : profilage racial, profilage ethnique",keyword,no,no
racial violence,movement-strategy-center-glossary-2024,308,#### Racial Violence,glossary,no,no
racism,apa-inclusive-language-2023-10,487,"focused on Black women’s experiences with racism and sexism. The Combahee River Collective (1977/1995), a group of",keyword,no,no
racism,color-of-change-antiracist-protest-reporting-2020,238,"scientific racism that relied on pseudoscience, and was",keyword,no,no
racism,color-of-change-black-families-narrative-2020,116,44 Slavery: Understanding How Patterns of Racism Inform Our Bias,keyword,no,no
racism,color-of-change-black-survivors-styleguide-2022,291,"for implicit or explicit bias (e.g., anti-Black racism, misogynoir, homophobia,",keyword,no,no
racism,comm-unity-style-guide-2021,22,"grapple with issues surrounding systemic racism, including at the intersection of",keyword,no,no
racism,dcfpi-inclusive-language-2017-12,182,racism.,keyword,no,no
racism,gcjt-style-guide-trauma-2021,142,issues such as racism and sexual,keyword,no,no
racism,idp-journalist-style-guide-2020,35,"stories about systemic racism are told. A June 2020 article in the Economist notes, “Seeing the",keyword,no,no
racism,movement-strategy-center-glossary-2024,311,#### Racism,glossary,no,no
racism,nabj-style-guide-2022-10,1906,"| | | [Scottsboro case:]{style=""font-weight: bold;""} In 1931, two white women stepped from a train box car in Paint Rock",keyword,no,no
racism,racial-equity-tools-glossary-2023,65,"Words and their multiple uses reflect the tremendous diversity that characterizes our society. Indeed, universally agree",keyword,no,no
racism,seiu-stylebook-2020-01,2033,"racism,",keyword,no,no
racism,sierra-club-equity-language-guide-2021,44,Racism and White Supremacy. ............................................................................................,keyword,no,no
racism,sumofus-progressive-styleguide-2016,2452,Structural and cultural anti-racism framework,keyword,no,no
rainbow flag,diversity-style-guide-2023-11,3106,- [rainbow flag](https://www.diversitystyleguide.com/glossary/rainbow-flag/){.glossaryLink .cmtt_LGBTQ},glossary,no,no
rainbow flag,nlgja-stylebook-lgbtq-2025-06,361,"**Pride flag, rainbow flag\**",glossary,no,no
ramadan,cair-journalists-guide-2021-08,85,"4. Fasting - Every year in the Islamic lunar month of Ramadan, Muslims are commanded by God to",keyword,no,no
ramadan,diversity-style-guide-2023-11,3111,- [Ramadan](https://www.diversitystyleguide.com/glossary/ramadan/){.glossaryLink .cmtt_Islam .cmtt_Religion},glossary,no,no
ramadan,religion-stylebook-2026-06,757,## Ramadan,glossary,no,no
ramadan,sierra-club-equity-language-guide-2021,1476,"religions include Ramadan, Eid al-Fitr, and Eid al-Adha",keyword,no,no
rapid onset gender dysphoria,tja-stylebook-2026-01,475,"### [rapid-onset gender dysphoria, social contagion](#social-contagion){.header-anchor} {#social-contagion updated=""2023",glossary,no,no
rashomon,diversity-style-guide-2023-11,3116,- [Rashomon](https://www.diversitystyleguide.com/glossary/rashomon/){.glossaryLink .cmtt_Asian .American .cmtt_Race},glossary,no,no
rastafarians,diversity-style-guide-2023-11,3121,"- [Rastafarians](https://www.diversitystyleguide.com/glossary/rastafarians/){.glossaryLink .cmtt_African .American, .Bla",glossary,no,no
rastafarians,nabj-style-guide-2022-10,1085,"| | | | [dreadlocks, dreds or locks]{style=""font-weight: bold;""} - Long uncombed twisted, or matted, locks of hair, a st",keyword,no,no
"recognize ""queer",radicalcopyeditor-trans-style-guide-2017,80,"**Recognize ""queer"":** More trans people identify as queer (21%) than any other sexual orientation. It's a valid identit",glossary,no,no
reconstruction,diversity-style-guide-2023-11,3126,"- [Reconstruction](https://www.diversitystyleguide.com/glossary/reconstruction/){.glossaryLink .cmtt_African .American, ",glossary,no,no
reconstruction,nabj-style-guide-2022-10,455,"| | | [Black Codes:]{style=""font-weight: bold;""} Statutes curtailing rights of African Americans during early years of R",keyword,no,no
reconstructionist judaism,diversity-style-guide-2023-11,3131,- [Reconstructionist Judaism](https://www.diversitystyleguide.com/glossary/reconstructionist-judaism/){.glossaryLink .cm,glossary,no,no
reconstructionist judaism,religion-stylebook-2026-06,275,## Reconstructionist Judaism,glossary,no,no
recovery,apa-inclusive-language-2023-10,704,person in recovery from substance use/alcohol disorder,keyword,no,no
recovery,color-of-change-black-survivors-styleguide-2022,865,"who has gone through the recovery process,",keyword,no,no
recovery,diversity-style-guide-2023-11,3136,"- [recovery, treatment (mental illness)](https://www.diversitystyleguide.com/glossary/recovery-treatment-mental-illness/",glossary,no,no
recovery,gcjt-style-guide-trauma-2021,2167,Recovery: The Aftermath of Violence from Domestic Abuse to Political,keyword,no,no
red,casey-editorial-guide-2013-04,1280,¥ The car that is red belongs to her mother. (focus is on the color of the car),keyword,no,no
red,diversity-style-guide-2023-11,3141,- [red](https://www.diversitystyleguide.com/glossary/red/){.glossaryLink .cmtt_Asian .American .cmtt_Indian .American .c,glossary,no,no
red,nabj-style-guide-2022-10,1910,"| | | [sickle cell anemia:]{style=""font-weight: bold;""} Inherited chronic anemia found chiefly among blacks, characteriz",keyword,no,no
red,native-governance-center-style-guide-2021-02,123,"Native nation. Example, ""Deanna Standing Cloud (Red Lake Nation) is passionate",keyword,no,no
red,racial-equity-tools-glossary-2023,2228,- Government policies that explicitly restricted the ability of people to get loans to buy or improve their homes in nei,keyword,no,no
red,seiu-stylebook-2020-01,96,"a comma before the conjunction in a simple series: The flag is red, white and blue.",keyword,no,no
red,sierra-club-equity-language-guide-2021,2671,Red eléctrica,keyword,no,no
redlining,color-of-change-black-families-narrative-2020,456,• Redlining,keyword,no,no
redlining,diversity-style-guide-2023-11,3146,"- [redlining](https://www.diversitystyleguide.com/glossary/redlining/){.glossaryLink .cmtt_African .American, .Black .cm",glossary,no,no
redneck,diversity-style-guide-2023-11,3151,- [redneck](https://www.diversitystyleguide.com/glossary/redneck/){.glossaryLink .cmtt_Race},glossary,no,no
redneck,nabj-style-guide-2022-10,1730,"| | | [redneck:]{style=""font-weight: bold;""} A derogatory term for whites. Do not use. | | ::: | |",keyword,yes,no
redskin,diversity-style-guide-2023-11,3156,- [redskin](https://www.diversitystyleguide.com/glossary/redskin-2/){.glossaryLink .cmtt_American .Indian .or .Native .A,glossary,no,no
redskins,diversity-style-guide-2023-11,3161,- [Redskins (NFL team)](https://www.diversitystyleguide.com/glossary/redskins-nfl-team/){.glossaryLink .cmtt_American .I,glossary,no,no
reference to,apa-inclusive-language-2023-10,1623,"Avoid using possessive language in reference to Indigenous groups, such as “of” or “our.” For example, First Nations, In",keyword,yes,no
reference to,casey-editorial-guide-2013-04,170,reference to Casey.,keyword,no,no
reference to,color-of-change-black-families-narrative-2020,1461,"• It should not be used, and the reference to whether",keyword,no,no
reference to,color-of-change-black-survivors-styleguide-2022,492,In reference to alleged instances of,keyword,no,no
reference to,diversity-style-guide-2023-11,1321,"- [eye shape, reference to](https://www.diversitystyleguide.com/glossary/eyeshape-reference-to/){.glossaryLink .cmtt_Asi",glossary,no,no
reference to,seiu-stylebook-2020-01,607,“Gay community” should only be used when a similar reference to,keyword,no,no
reference to,sierra-club-equity-language-guide-2021,1438,mistake our reference to systemic racism for a reference,keyword,no,no
reference to,sumofus-progressive-styleguide-2016,1594,term “women’s health” in reference to contraception or,keyword,no,no
reform judaism,religion-stylebook-2026-06,279,## Reform Judaism,glossary,no,no
refugees,apa-inclusive-language-2023-10,623,"between racism and xenophobia in these cases, and many immigrants and refugees are identified as the causes of",keyword,no,no
refugees,comm-unity-style-guide-2021,546,Refugees; Pardons; interviews with,keyword,no,no
refugees,define-american-media-reference-2024-01,505,on the number of refugees to admit. Under the,keyword,no,no
refugees,gcjt-style-guide-trauma-2021,49,- [Immigrants & Refugees](/topics/immigrants-refugees),keyword,no,no
refugees,hrw-describing-migrants-2014-06,34,"[4] Canadian Council for Refugees, “Talking About Refugees and Immigrants: A Glossary of Terms,” <https://ccrweb.ca/glos",keyword,no,no
refugees,idp-journalist-style-guide-2020,660,including SouthEast Asian Refugees;,keyword,no,no
refugees,sierra-club-equity-language-guide-2021,37,IMMIGRANTS AND REFUGEES.................................................................................................,keyword,no,no
refugees,sumofus-progressive-styleguide-2016,81,Immigration/Refugees,keyword,no,no
refugees,tja-stylebook-2026-01,963,"### [reporting on asylum seekers or refugees](#asylum-seekers){.header-anchor} {#asylum-seekers updated=""2023-08-25"" tab",glossary,no,no
regenerative economy,movement-strategy-center-glossary-2024,314,#### Regenerative Economy,glossary,no,no
rehab,diversity-style-guide-2023-11,3166,- [rehab](https://www.diversitystyleguide.com/glossary/rehab/){.glossaryLink .cmtt_Drugs .and .alcohol},glossary,no,no
rehab center,diversity-style-guide-2023-11,3731,- [treatment/treatment center/rehab center/detox center](https://www.diversitystyleguide.com/glossary/treatmenttreatment,glossary,no,no
rehab center,ncdj-disability-style-guide-2021,1505,### [Treatment/treatment center/rehab center/detox center]{.highlight-gold},glossary,no,no
reject deceptive framing,radicalcopyeditor-trans-style-guide-2017,66,"**Reject deceptive framing:** Never suggest trans people are lying by being themselves. Avoid language like ""secret,"" ""d",glossary,yes,no
relationships,apa-inclusive-language-2023-10,510,"sexual orientation, and socioeconomic status. Marginalization occurs because of “unequal power relationships between",keyword,no,no
relationships,color-of-change-black-families-narrative-2020,1132,maintaining high-conflict couple relationships under the same roof where children,keyword,no,no
relationships,color-of-change-black-survivors-styleguide-2022,335,"their attire, level of intoxication, prior relationships with their abuser or others, etc.",keyword,no,no
relationships,define-american-media-reference-2024-01,247,friendships—also known as parasocial relationships—with fictional characters,keyword,no,no
relationships,diversity-style-guide-2023-11,3171,- [relationships (LGBTQ+)](https://www.diversitystyleguide.com/glossary/relationships/){.glossaryLink .cmtt_LGBTQ},glossary,no,no
relationships,gcjt-style-guide-trauma-2021,399,relationships; changing duties. It can also be addressed by altering,keyword,no,no
relationships,interact-intersex-media-guide-2017,242,"surgeries, including poor self-esteem, depression, anxiety, and issues with trust and intimacy in relationships. While p",keyword,no,no
relationships,nabj-style-guide-2022-10,695,"| | | [down low, DL:]{style=""font-weight: bold;""} Slang for men who have sex with other men but do not classify themselv",keyword,no,no
relationships,racial-equity-tools-glossary-2023,2132,It is distinguishable from Tribal Sovereignty in that it is not a nation-state recognition of inherent sovereignty under,keyword,no,no
relationships,seiu-stylebook-2020-01,1906,Competency: Are self-aware and build powerful and respectful relationships and teams,keyword,no,no
relationships,sierra-club-equity-language-guide-2021,1452,Racism entails systemic relationships of power that,keyword,no,no
religious freedom,nlgja-stylebook-lgbtq-2025-06,373,"**religious freedom, religious liberty\**",glossary,yes,no
religious freedom,sierra-club-equity-language-guide-2021,2032,"and equality, or religious freedom, without also",keyword,no,no
religious left,diversity-style-guide-2023-11,3176,- [religious left](https://www.diversitystyleguide.com/glossary/religious-left/){.glossaryLink .cmtt_Religion},glossary,no,no
religious liberty,nlgja-stylebook-lgbtq-2025-06,373,"**religious freedom, religious liberty\**",glossary,yes,no
religious right,diversity-style-guide-2023-11,3181,- [religious right](https://www.diversitystyleguide.com/glossary/religious-right/){.glossaryLink .cmtt_Religion},glossary,no,no
religious titles,diversity-style-guide-2023-11,3186,- [religious titles](https://www.diversitystyleguide.com/glossary/religious-titles/){.glossaryLink .cmtt_Buddhism .cmtt_,glossary,no,no
rematriation,movement-strategy-center-glossary-2024,317,#### Rematriation,glossary,no,no
removing deadnames,tja-stylebook-2026-01,1056,"### [removing deadnames or misgendering](#deadname){.header-anchor} {#deadname updated=""2023-08-25"" tabindex=""-1""}",glossary,yes,no
reparations,diversity-style-guide-2023-11,3191,"- [reparations](https://www.diversitystyleguide.com/glossary/reparations/){.glossaryLink .cmtt_African .American, .Black",glossary,no,no
reparations,nabj-style-guide-2022-10,1726,"| | | [reparations:]{style=""font-weight: bold;""} Government-issued funding and social programs intended to compensate bl",keyword,no,no
reparations,racial-equity-tools-glossary-2023,2541,"**SOURCE:** Nikki Pieratos and Krystal Two Bulls, ""[[Land Back: A Necessary Act of Reparations]{.underline}](https://non",keyword,no,no
repatriation,movement-strategy-center-glossary-2024,321,#### Repatriation,glossary,no,no
repatriation,nabj-style-guide-2022-10,1724,"| | | [Rastafarians:]{style=""font-weight: bold;""} Members of a political and religious movement among blacks in Jamaica ",keyword,no,no
reporting on asylum seekers,tja-stylebook-2026-01,963,"### [reporting on asylum seekers or refugees](#asylum-seekers){.header-anchor} {#asylum-seekers updated=""2023-08-25"" tab",glossary,no,no
reporting on crimes involving trans people,tja-stylebook-2026-01,776,"### [reporting on crimes involving trans people](#crimes){.header-anchor} {#crimes updated=""2024-02-24"" tabindex=""-1""}",glossary,no,no
reporting on incarcerated trans people in the u.s,tja-stylebook-2026-01,795,### [reporting on incarcerated trans people in the U.S.](#incarcerated-trans-people){.header-anchor} {#incarcerated-tran,glossary,no,no
reporting on nondiscrimination laws related to trans people,tja-stylebook-2026-01,698,### [reporting on nondiscrimination laws related to trans people](#trans-nondiscrimination-law){.header-anchor} {#trans-,glossary,no,no
reporting on sex work,tja-stylebook-2026-01,984,"### [reporting on sex work](#sex-work){.header-anchor} {#sex-work updated=""2023-08-25"" tabindex=""-1""}",glossary,no,no
reporting on testosterone related regulations,tja-stylebook-2026-01,916,### [reporting on testosterone-related regulations](#testosterone-regulations){.header-anchor} {#testosterone-regulation,glossary,no,no
reporting on the deaths of trans people,tja-stylebook-2026-01,614,"### [reporting on the deaths of trans people](#deaths){.header-anchor} {#deaths updated=""2024-02-24"" tabindex=""-1""}",glossary,no,no
reporting on trans people in sports,tja-stylebook-2026-01,902,"### [reporting on trans people in sports](#trans-people-sports){.header-anchor} {#trans-people-sports updated=""2023-08-2",glossary,no,no
reporting on u.s. trans health care bans,tja-stylebook-2026-01,678,"### [reporting on U.S. trans health care bans](#health-care-bans){.header-anchor} {#health-care-bans updated=""2025-04-09",glossary,no,no
reproductive health,sierra-club-equity-language-guide-2021,635,state and nonprofit policies on reproductive health and,keyword,no,no
reproductive health,tja-stylebook-2026-01,894,"### [reproductive health](#reproductive-health){.header-anchor} {#reproductive-health updated=""2023-08-25"" tabindex=""-1""",glossary,no,no
reservation,apa-inclusive-language-2023-10,2444,off the reservation,keyword,no,no
reservation,diversity-style-guide-2023-11,3196,- [reservation](https://www.diversitystyleguide.com/glossary/reservation/){.glossaryLink .cmtt_American .Indian .or .Nat,glossary,no,no
reservation,naja-indigenous-terminology-2023-06,78,"American Indians on reservations. But it also has popular usage,",keyword,no,no
reservation,native-governance-center-style-guide-2021-02,141,"DO NOT capitalize reservation, unless it’s part of a specific reservation name or",keyword,no,yes
reservation,racial-equity-tools-glossary-2023,4584,Refers to the legal recognition in the United States of America law of the inherent sovereignty of American Indian Natio,keyword,no,no
reservation,sierra-club-equity-language-guide-2021,1620,“reservations” for a reason. Any benefits Tribal,keyword,no,no
residential care homes,diversity-style-guide-2023-11,3201,- [residential care homes](https://www.diversitystyleguide.com/glossary/residential-care-homes/){.glossaryLink .cmtt_Age,glossary,no,no
respect diverse language,radicalcopyeditor-trans-style-guide-2017,56,**Respect diverse language:** People use varied terminology for themselves. Don't assume or police language choices.,glossary,no,no
respect for marriage act,nlgja-stylebook-lgbtq-2025-06,376,**Respect for Marriage Act\**,glossary,no,no
restorative justice,dcfpi-inclusive-language-2017-12,379,"restorative justice, rather than a retributive justice, lens when talking about criminal justice: this lens asserts",keyword,no,no
restorative justice,movement-strategy-center-glossary-2024,325,#### Restorative Justice,glossary,no,no
restorative justice,racial-equity-tools-glossary-2023,4074,"[[[[Restorative Justice]{.wixui-rich-text__text style=""letter-spacing:0.03em;""}]{.wixui-rich-text__text style=""font-size",keyword,no,no
restorative justice,sumofus-progressive-styleguide-2016,2303,"• Candace Smith, Restorative justice and transformative justice:",keyword,no,no
retarded,apa-inclusive-language-2023-10,1086,mentally retarded,keyword,no,no
retarded,diversity-style-guide-2023-11,3206,- [retarded](https://www.diversitystyleguide.com/glossary/retarded/){.glossaryLink .cmtt_Disability},glossary,no,no
retarded,ncdj-disability-style-guide-2021,1332,### [Retarded]{.highlight-gold},glossary,no,no
retarded,sumofus-progressive-styleguide-2016,553,yy retarded,keyword,no,no
retransition,tja-stylebook-2026-01,868,"### [detransition, retransition](#detransition-retransition){.header-anchor} {#detransition-retransition updated=""2025-0",glossary,no,no
revelation,cair-journalists-guide-2021-08,104,‘We believe in the Revelation which has come down to us (the Quran) and in that which came down,keyword,no,no
revelation,religion-stylebook-2026-06,283,"## revelation, Revelation",glossary,no,yes
reverse discrimination,diversity-style-guide-2023-11,3211,"- [reverse discrimination, reverse racism](https://www.diversitystyleguide.com/glossary/reverse-discrimination/){.glossa",glossary,no,no
reverse discrimination,nabj-style-guide-2022-10,1329,"| | | | [University of California Regents vs. Bakke (1978)]{style=""font-weight: bold;""} - Supreme Court rules that the U",keyword,no,no
reverse discrimination,racial-equity-tools-glossary-2023,320,"1. A term describing policies adopted since the 1960s that require ""affirmative"" (or positive) actions to be taken to en",keyword,no,no
reverse racism,diversity-style-guide-2023-11,3211,"- [reverse discrimination, reverse racism](https://www.diversitystyleguide.com/glossary/reverse-discrimination/){.glossa",glossary,no,no
reverse racism,movement-strategy-center-glossary-2024,329,#### Reverse Racism,glossary,no,no
reverse racism,sierra-club-equity-language-guide-2021,47,Reverse Racism. ........................................................................................................,keyword,no,no
roma,apa-inclusive-language-2023-10,1834,"Roma, Romany, Romani or Traveler communities",keyword,no,no
roma,diversity-style-guide-2023-11,3216,"- [Roma, Romany, Romani](https://www.diversitystyleguide.com/glossary/roma-romany-romani/){.glossaryLink .cmtt_Race}",glossary,no,no
roma,sumofus-progressive-styleguide-2016,3443,229 http://www.npr.org/sections/codeswitch/2013/12/30/242429836/why-being-gyppedhurts-the-roma-more-than-it-hurts-you,keyword,no,no
roman catholic church,diversity-style-guide-2023-11,3221,- [Roman Catholic Church](https://www.diversitystyleguide.com/glossary/roman-catholic-church/){.glossaryLink .cmtt_Catho,glossary,no,no
romani,apa-inclusive-language-2023-10,1834,"Roma, Romany, Romani or Traveler communities",keyword,no,no
romani,diversity-style-guide-2023-11,3216,"- [Roma, Romany, Romani](https://www.diversitystyleguide.com/glossary/roma-romany-romani/){.glossaryLink .cmtt_Race}",glossary,no,no
romany,apa-inclusive-language-2023-10,1834,"Roma, Romany, Romani or Traveler communities",keyword,no,no
romany,diversity-style-guide-2023-11,3216,"- [Roma, Romany, Romani](https://www.diversitystyleguide.com/glossary/roma-romany-romani/){.glossaryLink .cmtt_Race}",glossary,no,no
romany,gcjt-style-guide-trauma-2021,1534,also Romany,keyword,no,no
rosh hashanah,diversity-style-guide-2023-11,3226,- [Rosh Hashanah](https://www.diversitystyleguide.com/glossary/rosh-hashanah/){.glossaryLink .cmtt_Judaism .cmtt_Religio,glossary,no,no
rosh hashanah,religion-stylebook-2026-06,287,## Rosh Hashanah,glossary,no,no
rosh hashanah,sierra-club-equity-language-guide-2021,1471,Rosh Hashanah and Yom Kippur are the Jewish High,keyword,no,no
rumspringa,diversity-style-guide-2023-11,3231,- [rumspringa](https://www.diversitystyleguide.com/glossary/rumspringa/){.glossaryLink .cmtt_Religion},glossary,no,no
russian orthodox church,diversity-style-guide-2023-11,3236,- [Russian Orthodox Church](https://www.diversitystyleguide.com/glossary/russian-orthodox-church/){.glossaryLink .cmtt_C,glossary,no,no
sabbath,diversity-style-guide-2023-11,3241,- [Sabbath](https://www.diversitystyleguide.com/glossary/sabbath/){.glossaryLink .cmtt_Christianity .cmtt_Judaism .cmtt_,glossary,no,no
sabbath,nabj-style-guide-2022-10,1099,"| | | | [Islam:]{style=""font-weight: bold;""} Youngest of the world\'s three major monotheistic religions. Like Judaism a",keyword,no,no
sabbath,religion-stylebook-2026-06,291,## Sabbath,glossary,no,yes
safe neighborhood,diversity-style-guide-2023-11,3246,"- [safe neighborhood, bad neighborhood](https://www.diversitystyleguide.com/glossary/safe-neighborhood-bad-neighborhood/",glossary,no,no
safe sex,diversity-style-guide-2023-11,3251,"- [safe sex, safer sex](https://www.diversitystyleguide.com/glossary/safe-sex-safer-sex/){.glossaryLink .cmtt_LGBTQ}",glossary,no,no
safe sex,nlgja-stylebook-lgbtq-2025-06,682,"**safe sex, safer sex\**",glossary,no,no
safer sex,diversity-style-guide-2023-11,3251,"- [safe sex, safer sex](https://www.diversitystyleguide.com/glossary/safe-sex-safer-sex/){.glossaryLink .cmtt_LGBTQ}",glossary,no,no
safer sex,nlgja-stylebook-lgbtq-2025-06,682,"**safe sex, safer sex\**",glossary,no,no
salat,cair-journalists-guide-2021-08,397,Salat: The Arabic word for prayer. Muslims offer salat five times a day at prescribed times to fulfill the,keyword,no,no
salat,religion-stylebook-2026-06,761,## salat,glossary,no,no
sambo,diversity-style-guide-2023-11,3256,"- [Sambo](https://www.diversitystyleguide.com/glossary/sambo/){.glossaryLink .cmtt_African .American, .Black .cmtt_Race}",glossary,no,no
sambo,nabj-style-guide-2022-10,1904,"| | | [Sambo:]{style=""font-weight: bold;""} Historically, term was used to describe a happy black slave. Today, it is an ",keyword,yes,no
same gender loving,hrc-glossary-2023-05,136,"**Same-gender loving \|** A term some prefer to use instead of lesbian, gay or bisexual to express attraction to and lov",glossary,no,no
same gender loving,nlgja-stylebook-lgbtq-2025-06,379,**same-gender loving\**,glossary,no,no
same sex marriage,dcfpi-inclusive-language-2017-12,415,"• Use ""same sex couple's marriage rights"" or something similar instead of just ""same sex marriage""",keyword,no,no
same sex marriage,tja-stylebook-2026-01,1000,"### [same-sex marriage](#same-sex-marriage){.header-anchor} {#same-sex-marriage updated=""2023-08-25"" tabindex=""-1""}",glossary,no,no
sandsucker,diversity-style-guide-2023-11,3261,- [sandsucker](https://www.diversitystyleguide.com/glossary/sandsucker/){.glossaryLink .cmtt_Arab .American .cmtt_Race},glossary,no,no
sansei,diversity-style-guide-2023-11,3266,"- [Sansei, sansei](https://www.diversitystyleguide.com/glossary/sansei-sansei/){.glossaryLink .cmtt_Asian .American .cmt",glossary,no,no
sanskrit,diversity-style-guide-2023-11,3271,- [Sanskrit](https://www.diversitystyleguide.com/glossary/sanskrit/){.glossaryLink .cmtt_Indian .American .cmtt_Race},glossary,no,no
sari,diversity-style-guide-2023-11,3276,- [sari (also saree)](https://www.diversitystyleguide.com/glossary/sari-also-saree/){.glossaryLink .cmtt_Indian .America,glossary,no,no
satan,color-of-change-antiracist-protest-reporting-2020,280,Satan-worshiping pedophiles is running a global child,keyword,no,no
satan,religion-stylebook-2026-06,295,## Satan,glossary,no,yes
schizo,diversity-style-guide-2023-11,3281,"- [schizo, schizoid](https://www.diversitystyleguide.com/glossary/schizo-schizoid/){.glossaryLink .cmtt_Disability}",glossary,no,no
schizo,sumofus-progressive-styleguide-2016,554,yy schizo,keyword,no,no
schizoid,diversity-style-guide-2023-11,3281,"- [schizo, schizoid](https://www.diversitystyleguide.com/glossary/schizo-schizoid/){.glossaryLink .cmtt_Disability}",glossary,no,no
schizophrenia,diversity-style-guide-2023-11,3286,"- [schizophrenia, schizophrenic](https://www.diversitystyleguide.com/glossary/schizophrenic/){.glossaryLink .cmtt_Disabi",glossary,no,no
schizophrenia,gcjt-style-guide-trauma-2021,1834,"symptoms. For example, ""she is living with schizophrenia"" rather than",keyword,no,no
schizophrenia,ncdj-disability-style-guide-2021,1342,### [Schizophrenia/schizophrenic]{.highlight-gold},glossary,yes,no
schizophrenia,sumofus-progressive-styleguide-2016,485,"(schizophrenia, etc.)",keyword,no,no
schizophrenic,diversity-style-guide-2023-11,3286,"- [schizophrenia, schizophrenic](https://www.diversitystyleguide.com/glossary/schizophrenic/){.glossaryLink .cmtt_Disabi",glossary,no,no
schizophrenic,gcjt-style-guide-trauma-2021,1836,schizophrenic.'' ]{#docs-internal-guid-5c4844be-7fff-b3ab-58a7-ff002064c6c6},keyword,no,no
schizophrenic,ncdj-disability-style-guide-2021,1342,### [Schizophrenia/schizophrenic]{.highlight-gold},glossary,yes,no
schizophrenic,sumofus-progressive-styleguide-2016,555,yy schizophrenic,keyword,yes,no
scotch,diversity-style-guide-2023-11,3291,"- [Scotch, Scots, Scottish](https://www.diversitystyleguide.com/glossary/scotch-scots-scottish/){.glossaryLink .cmtt_Whi",glossary,no,no
scots,diversity-style-guide-2023-11,3291,"- [Scotch, Scots, Scottish](https://www.diversitystyleguide.com/glossary/scotch-scots-scottish/){.glossaryLink .cmtt_Whi",glossary,no,no
scottish,diversity-style-guide-2023-11,3291,"- [Scotch, Scots, Scottish](https://www.diversitystyleguide.com/glossary/scotch-scots-scottish/){.glossaryLink .cmtt_Whi",glossary,no,no
scottsboro,diversity-style-guide-2023-11,3296,"- [Scottsboro](https://www.diversitystyleguide.com/glossary/scottsboro/){.glossaryLink .cmtt_African .American, .Black .",glossary,no,no
scottsboro,nabj-style-guide-2022-10,1906,"| | | [Scottsboro case:]{style=""font-weight: bold;""} In 1931, two white women stepped from a train box car in Paint Rock",keyword,no,no
sect,diversity-style-guide-2023-11,3301,- [sect](https://www.diversitystyleguide.com/glossary/sect/){.glossaryLink .cmtt_Religion},glossary,no,no
sect,nabj-style-guide-2022-10,451,"| | | [Black Church:]{style=""font-weight: bold;""} Collective noun that refers to the more than 65,000 Christian churches",keyword,no,no
section 8,diversity-style-guide-2023-11,3306,"- [Section 8, Housing Choice Voucher Program](https://www.diversitystyleguide.com/glossary/section-8-housing-choice-vouc",glossary,no,no
section 8,opportunity-agenda-social-justice-phrase-guide-2015,194,X “on welfare/food stamps/section 8.” Talking,keyword,no,no
secular humanism,diversity-style-guide-2023-11,3311,- [secular humanism](https://www.diversitystyleguide.com/glossary/secular-humanism/){.glossaryLink .cmtt_Religion},glossary,no,no
secularism,diversity-style-guide-2023-11,3316,- [secularism](https://www.diversitystyleguide.com/glossary/secularism/){.glossaryLink .cmtt_Religion},glossary,no,no
seder,diversity-style-guide-2023-11,3321,- [seder](https://www.diversitystyleguide.com/glossary/seder/){.glossaryLink .cmtt_Judaism .cmtt_Religion},glossary,no,no
seder,religion-stylebook-2026-06,299,## seder,glossary,no,no
seeing eye dog,diversity-style-guide-2023-11,3361,- [service animal/assistance animal/guide dog/Seeing Eye dog](https://www.diversitystyleguide.com/glossary/service-anima,glossary,no,no
seeing eye dog,ncdj-disability-style-guide-2021,1364,### [Service animal/assistance animal/guide dog/Seeing Eye dog]{.highlight-gold},glossary,yes,no
seizure,diversity-style-guide-2023-11,3326,- [seizure](https://www.diversitystyleguide.com/glossary/seizure/){.glossaryLink .cmtt_Disability},glossary,no,no
seizure,ncdj-disability-style-guide-2021,1352,### [Seizure]{.highlight-gold},glossary,no,no
self determination,color-of-change-black-families-narrative-2020,2334,economy and do not deserve self-determination in politics or social life.,keyword,no,no
self determination,dcfpi-inclusive-language-2017-12,521,Self-Determination,keyword,no,no
self determination,movement-strategy-center-glossary-2024,332,#### Self-determination,glossary,no,no
self determination,nabj-style-guide-2022-10,1304,"| | | [Kwanzaa:]{style=""font-weight: bold;""} Swahili for first fruits of the harvest; an African-American cultural holid",keyword,no,no
self determination,native-governance-center-style-guide-2021-02,108,"Do NOT capitalize sovereignty, self-determination, or self-governance. DO capitalize",keyword,no,yes
self determination,racial-equity-tools-glossary-2023,3258,- *Personal Power* - 1. Self-determination. 2. Power that an individual possesses or builds in their personal life and i,keyword,no,no
self identification is paramount,tja-stylebook-2026-01,190,"### [self-identification is paramount](#self-id){.header-anchor} {#self-id updated=""2025-04-22"" tabindex=""-1""}",glossary,yes,no
senility,diversity-style-guide-2023-11,1061,- [dementia/senility](https://www.diversitystyleguide.com/glossary/dementiasenility/){.glossaryLink .cmtt_Disability},glossary,no,no
senility,ncdj-disability-style-guide-2021,595,### [Dementia/senility]{.highlight-gold},glossary,no,no
senility,sumofus-progressive-styleguide-2016,326,condition of senility),keyword,no,no
senior,diversity-style-guide-2023-11,3336,"- [senior, senior citizen](https://www.diversitystyleguide.com/glossary/senior-senior-citizen/){.glossaryLink .cmtt_Age/",glossary,no,no
senior apartments,diversity-style-guide-2023-11,3331,"- [senior housing, senior apartments](https://www.diversitystyleguide.com/glossary/senior-housing-senior-apartments/){.g",glossary,no,no
senior citizen,diversity-style-guide-2023-11,3336,"- [senior, senior citizen](https://www.diversitystyleguide.com/glossary/senior-senior-citizen/){.glossaryLink .cmtt_Age/",glossary,no,no
senior citizen,sumofus-progressive-styleguide-2016,3136,https://www.washingtonpost.com/news/morning-mix/wp/2014/07/09/eldersoldsters-and-old-timers-whats-your-preferred-term-fo,keyword,no,no
senior housing,diversity-style-guide-2023-11,3331,"- [senior housing, senior apartments](https://www.diversitystyleguide.com/glossary/senior-housing-senior-apartments/){.g",glossary,no,no
sephardi,diversity-style-guide-2023-11,3341,- [Sephardi](https://www.diversitystyleguide.com/glossary/sephardi/){.glossaryLink .cmtt_Judaism .cmtt_Religion},glossary,no,no
sephardi,religion-stylebook-2026-06,303,## Sephardi,glossary,no,no
seroconversion,diversity-style-guide-2023-11,3346,- [seroconversion](https://www.diversitystyleguide.com/glossary/seroconversion/){.glossaryLink .cmtt_LGBTQ},glossary,no,no
seronegative,diversity-style-guide-2023-11,3351,- [seronegative](https://www.diversitystyleguide.com/glossary/seronegative/){.glossaryLink .cmtt_LGBTQ},glossary,no,no
seropositive,diversity-style-guide-2023-11,3356,- [seropositive](https://www.diversitystyleguide.com/glossary/seropositive/){.glossaryLink .cmtt_LGBTQ},glossary,no,no
service animal,diversity-style-guide-2023-11,3361,- [service animal/assistance animal/guide dog/Seeing Eye dog](https://www.diversitystyleguide.com/glossary/service-anima,glossary,no,no
service animal,ncdj-disability-style-guide-2021,1364,### [Service animal/assistance animal/guide dog/Seeing Eye dog]{.highlight-gold},glossary,yes,no
sex,movement-strategy-center-glossary-2024,616,#### Gender/Sex,glossary,yes,no
sex,nlgja-stylebook-lgbtq-2025-06,382,**sex\**,glossary,no,no
sex,tja-stylebook-2026-01,1204,"### [sex (n.)](#def-sex){.header-anchor} {#def-sex updated=""2023-08-25"" tabindex=""-1""}",glossary,no,no
sex based,tja-stylebook-2026-01,1116,"### [discrimination, sex-based (n.)](#def-sex-discrimination){.header-anchor} {#def-sex-discrimination updated=""2025-01-",glossary,no,no
sex change,dcfpi-inclusive-language-2017-12,439,Sex change,keyword,no,no
sex change,diversity-style-guide-2023-11,3366,- [sex change](https://www.diversitystyleguide.com/glossary/sex-change/){.glossaryLink .cmtt_LGBTQ .cmtt_Transgender},glossary,no,no
sex change,nlgja-stylebook-lgbtq-2025-06,526,**sex change\**,glossary,yes,no
sex change,sumofus-progressive-styleguide-2016,1362,"yy sex change, sex",keyword,no,no
sex change,tja-stylebook-2026-01,1208,"### [sex change, sex reassignment (n.)](#def-sex-change){.header-anchor} {#def-sex-change updated=""2025-04-18"" tabindex=",glossary,yes,no
sex reassignment,sumofus-progressive-styleguide-2016,1300,Sex Reassignment,keyword,no,no
sex reassignment,tja-stylebook-2026-01,1208,"### [sex change, sex reassignment (n.)](#def-sex-change){.header-anchor} {#def-sex-change updated=""2025-04-18"" tabindex=",glossary,yes,no
sexual orientation,apa-inclusive-language-2023-10,97,"Ron Schlittler, MIPP, Assistant Director, Sexual Orientation and",keyword,no,no
sexual orientation,color-of-change-antiracist-protest-reporting-2020,263,"for their race, ethnicity, religion, sexual orientation and",keyword,no,no
sexual orientation,color-of-change-black-survivors-styleguide-2022,745,• Making jokes that refer to sexual acts or sexual orientation.,keyword,no,no
sexual orientation,dcfpi-inclusive-language-2017-12,397,"a variety of forms of attraction and sexual orientation. When writing about such experiences, self",keyword,yes,no
sexual orientation,diversity-style-guide-2023-11,3371,- [sexual orientation](https://www.diversitystyleguide.com/glossary/sexual-orientation/){.glossaryLink .cmtt_LGBTQ},glossary,no,no
sexual orientation,hrc-glossary-2023-05,140,"**Sexual orientation \|** An inherent or immutable enduring emotional, romantic or sexual attraction to other people. No",glossary,no,no
sexual orientation,nabj-style-guide-2022-10,689,"| | | [diversity:]{style=""font-weight: bold;""} Catchall term to describe a condition or environment that is multiracial ",keyword,no,no
sexual orientation,racial-equity-tools-glossary-2023,1451,"1. The unequal treatment of members of various groups based on race, gender, social class, sexual orientation, physical ",keyword,no,no
sexual orientation,seiu-stylebook-2020-01,1251,sexual orientation,keyword,no,no
sexual orientation,sumofus-progressive-styleguide-2016,1320,yy sexual orientation,keyword,no,no
sexual preference,dcfpi-inclusive-language-2017-12,427,Sexual preference,keyword,no,no
sexual preference,diversity-style-guide-2023-11,3376,- [sexual preference](https://www.diversitystyleguide.com/glossary/sexual-preference/){.glossaryLink .cmtt_LGBTQ},glossary,no,no
sexual preference,seiu-stylebook-2020-01,1253,sexual preference,keyword,yes,no
sexual preference,sumofus-progressive-styleguide-2016,3323,144 http://onevoicewhisperinginthewind.blogspot.com/2011/07/sexual-preference-vssexual-orientation.html,keyword,no,no
sexual reassignment,diversity-style-guide-2023-11,3381,- [sexual reassignment](https://www.diversitystyleguide.com/glossary/sexual-reassignment/){.glossaryLink .cmtt_LGBTQ .cm,glossary,no,no
sexually transmitted infection,diversity-style-guide-2023-11,3386,- [sexually transmitted infection (STI)](https://www.diversitystyleguide.com/glossary/sexually-transmitted-infection-sti,glossary,no,no
shabbat,diversity-style-guide-2023-11,3391,- [Shabbat](https://www.diversitystyleguide.com/glossary/shabbat/){.glossaryLink .cmtt_Judaism .cmtt_Religion},glossary,no,no
shabbat,religion-stylebook-2026-06,307,## Shabbat,glossary,no,no
shahada,cair-journalists-guide-2021-08,399,Shahada – The Islamic creed. It is the declaration of belief in the oneness of God and in Muhammad,keyword,no,no
shahada,religion-stylebook-2026-06,769,## Shahada,glossary,no,no
shaman,diversity-style-guide-2023-11,3396,- [shaman](https://www.diversitystyleguide.com/glossary/shaman/){.glossaryLink .cmtt_Religion},glossary,no,no
shariah,cair-journalists-guide-2021-08,402,Shariah – Islamic law derived by scholars from the Quran and Hadith.,keyword,no,no
shariah,diversity-style-guide-2023-11,3401,- [Shariah](https://www.diversitystyleguide.com/glossary/shariah/){.glossaryLink .cmtt_Islam .cmtt_Religion},glossary,no,no
shariah,religion-stylebook-2026-06,773,## Shariah,glossary,no,no
shavuot,religion-stylebook-2026-06,311,## Shavuot,glossary,no,no
sheesha,diversity-style-guide-2023-11,3406,- [sheesha](https://www.diversitystyleguide.com/glossary/sheesha/){.glossaryLink .cmtt_Arab .American .cmtt_Race},glossary,no,no
sheikh,cair-journalists-guide-2021-08,404,individual named personally prefers “sheikh.”,keyword,no,no
sheikh,diversity-style-guide-2023-11,3411,- [sheikh](https://www.diversitystyleguide.com/glossary/sheikh-2/){.glossaryLink .cmtt_Arab .American .cmtt_Islam .cmtt_,glossary,no,no
sheikh,religion-stylebook-2026-06,777,## sheikh,glossary,no,yes
shema,religion-stylebook-2026-06,315,## Shema,glossary,no,no
shiism,diversity-style-guide-2023-11,3416,"- [Shiism, Shiite](https://www.diversitystyleguide.com/glossary/shiism-shiite/){.glossaryLink .cmtt_Islam .cmtt_Religion",glossary,no,no
shiism,religion-stylebook-2026-06,783,"## Shiism, Shiite",glossary,no,yes
shiite,diversity-style-guide-2023-11,3416,"- [Shiism, Shiite](https://www.diversitystyleguide.com/glossary/shiism-shiite/){.glossaryLink .cmtt_Islam .cmtt_Religion",glossary,no,no
shiite,nabj-style-guide-2022-10,1099,"| | | | [Islam:]{style=""font-weight: bold;""} Youngest of the world\'s three major monotheistic religions. Like Judaism a",keyword,no,no
shiite,religion-stylebook-2026-06,783,"## Shiism, Shiite",glossary,no,yes
shinto,diversity-style-guide-2023-11,3421,- [Shinto](https://www.diversitystyleguide.com/glossary/shinto/){.glossaryLink .cmtt_Religion},glossary,no,no
shiva,diversity-style-guide-2023-11,3426,- [Shiva](https://www.diversitystyleguide.com/glossary/shiva-2/){.glossaryLink .cmtt_Hinduism .cmtt_Religion},glossary,no,no
shiva,religion-stylebook-2026-06,319,## shiva,glossary,no,no
shmini atseret,religion-stylebook-2026-06,323,## Shmini Atseret,glossary,no,no
shoah,gcjt-style-guide-trauma-2021,3414,### Shoah,keyword,no,no
shoah,religion-stylebook-2026-06,327,## Shoah,glossary,no,no
shofar,religion-stylebook-2026-06,331,## shofar,glossary,no,no
short stature,diversity-style-guide-2023-11,1206,"- [dwarf, little person, midget, short stature](https://www.diversitystyleguide.com/glossary/dwarf-little-person-midget-",glossary,no,no
short stature,ncdj-disability-style-guide-2021,733,### [Dwarf/little person/midget/short stature]{.highlight-gold},glossary,yes,no
shrink,ncdj-disability-style-guide-2021,1084,### [Mental health professional/shrink]{.highlight-gold},glossary,yes,no
shul,religion-stylebook-2026-06,335,## shul,glossary,no,no
sickle cell anemia,diversity-style-guide-2023-11,3436,- [sickle-cell anemia](https://www.diversitystyleguide.com/glossary/sickle-cell-anemia/){.glossaryLink .cmtt_African .Am,glossary,no,no
sickle cell anemia,nabj-style-guide-2022-10,1910,"| | | [sickle cell anemia:]{style=""font-weight: bold;""} Inherited chronic anemia found chiefly among blacks, characteriz",keyword,no,no
signer,ncdj-disability-style-guide-2021,238,### [American Sign Language (ASL)/signer/interpreter]{.highlight-gold},glossary,no,no
sikhism,diversity-style-guide-2023-11,3441,- [Sikhism](https://www.diversitystyleguide.com/glossary/sikhism/){.glossaryLink .cmtt_Religion .cmtt_Sikhism},glossary,no,no
simchat torah,religion-stylebook-2026-06,339,## Simchat Torah,glossary,no,no
singh,diversity-style-guide-2023-11,3446,- [Singh](https://www.diversitystyleguide.com/glossary/singh/){.glossaryLink .cmtt_Asian .American .cmtt_Race},glossary,no,no
singular they,radicalcopyeditor-trans-style-guide-2017,54,"**Singular they:** This is grammatically correct. Major style guides (AP, Chicago, APA) now endorse or mandate this usag",glossary,no,no
singular they,tja-stylebook-2026-01,370,"### [singular they/them pronouns](#they-them){.header-anchor} {#they-them updated=""2023-08-25"" tabindex=""-1""}",glossary,no,no
sista,diversity-style-guide-2023-11,3451,"- [sister, sista](https://www.diversitystyleguide.com/glossary/sister-sista/){.glossaryLink .cmtt_African .American, .Bl",glossary,no,no
sista,nabj-style-guide-2022-10,1912,"| | | [Sister, sista:]{style=""font-weight: bold;""} Terms used to refer to a family member or an affectionate, respectful",keyword,no,no
sister,color-of-change-black-survivors-styleguide-2022,1024,"• Sister Citizen: Shame, Stereotypes, and Black",keyword,no,no
sister,diversity-style-guide-2023-11,3451,"- [sister, sista](https://www.diversitystyleguide.com/glossary/sister-sista/){.glossaryLink .cmtt_African .American, .Bl",glossary,no,no
sister,nabj-style-guide-2022-10,1912,"| | | [Sister, sista:]{style=""font-weight: bold;""} Terms used to refer to a family member or an affectionate, respectful",keyword,no,no
sister,seiu-stylebook-2020-01,6277,Dear Sister Vance:,keyword,no,no
sister,sierra-club-equity-language-guide-2021,750,"health and safety of our wives, mothers, sisters, and",keyword,no,no
skullcap,diversity-style-guide-2023-11,3456,- [skullcap](https://www.diversitystyleguide.com/glossary/skullcap/){.glossaryLink .cmtt_Catholicism .cmtt_Islam .cmtt_J,glossary,no,no
skullcap,religion-stylebook-2026-06,343,## skullcap,glossary,no,no
slang,nabj-style-guide-2022-10,439,"| | | [babys mama, babys daddy:]{style=""font-weight: bold;""} Slang to imply parenthood out of wedlock. Avoid usage. | | ",keyword,yes,no
slang,naja-indigenous-terminology-2023-06,51,as it is primarily used as slang.,keyword,no,no
slang,nlgja-stylebook-lgbtq-2025-06,385,**slang\**,glossary,yes,no
slang,sierra-club-equity-language-guide-2021,1721,should never be used by the Sierra Club. Many slang,keyword,no,no
slant,cair-journalists-guide-2021-08,178,more negative slant.,keyword,no,no
slant,diversity-style-guide-2023-11,3461,- [slant](https://www.diversitystyleguide.com/glossary/slant/){.glossaryLink .cmtt_Asian .American .cmtt_Race},glossary,no,no
slavery,apa-inclusive-language-2023-10,426,"oppressed a specific group of people, such as slavery; the Holocaust; forced migration; and the violent colonization” of",keyword,no,no
slavery,color-of-change-black-families-narrative-2020,116,44 Slavery: Understanding How Patterns of Racism Inform Our Bias,keyword,no,no
slavery,comm-unity-style-guide-2021,136,era of slavery.,keyword,no,no
slavery,diversity-style-guide-2023-11,3466,"- [slavery](https://www.diversitystyleguide.com/glossary/slavery/){.glossaryLink .cmtt_African .American, .Black .cmtt_R",glossary,no,no
slavery,gcjt-style-guide-trauma-2021,545,"mass disasters, civil wars, genocides and slavery. The Covid-19 pandemic",keyword,no,no
slavery,idp-journalist-style-guide-2020,129,to the era of slavery.,keyword,no,no
slavery,nabj-style-guide-2022-10,455,"| | | [Black Codes:]{style=""font-weight: bold;""} Statutes curtailing rights of African Americans during early years of R",keyword,no,no
slavery,racial-equity-tools-glossary-2023,1107,"2. CRT is not a noun, but a verb. It cannot be confined to a static and narrow definition but is considered to be an evo",keyword,no,no
slavery,sierra-club-equity-language-guide-2021,2053,• Slavery: When referring to a person who was,keyword,no,no
slope,diversity-style-guide-2023-11,3471,- [slope](https://www.diversitystyleguide.com/glossary/slope/){.glossaryLink .cmtt_Asian .American .cmtt_Race},glossary,no,no
slurs,apa-inclusive-language-2023-10,1225,"Use of pictorial metaphors, negativistic terms, and slurs",keyword,no,no
slurs,color-of-change-black-families-narrative-2020,1491,"The textbook definition of a thug is a criminal, but the word has largely become a replacement for racial slurs that are",keyword,no,no
slurs,nabj-style-guide-2022-10,876,"| | | [ethnicity, race:]{style=""font-weight: bold;""} The mention of a persons race should not be used unless relevant. T",keyword,yes,no
slurs,nlgja-stylebook-lgbtq-2025-06,388,**slurs\**,glossary,no,no
slurs,sierra-club-equity-language-guide-2021,1307,• Never use slurs or phrasing that is commonly,keyword,yes,no
social contagion,tja-stylebook-2026-01,475,"### [rapid-onset gender dysphoria, social contagion](#social-contagion){.header-anchor} {#social-contagion updated=""2023",glossary,no,no
social determinants of health,movement-strategy-center-glossary-2024,335,#### Social Determinants of Health (SDoH),glossary,no,no
social dysphoria,tja-stylebook-2026-01,1142,"### [gender dysphoria, gender euphoria, social dysphoria, social euphoria (n.)](#def-euphoria-dysphoria){.header-anchor}",glossary,no,no
social euphoria,tja-stylebook-2026-01,1142,"### [gender dysphoria, gender euphoria, social dysphoria, social euphoria (n.)](#def-euphoria-dysphoria){.header-anchor}",glossary,no,no
social justice,apa-inclusive-language-2023-10,594,social justice,keyword,no,no
social justice,gcjt-style-guide-trauma-2021,1648,specialized guidance on covering diverse social-justice issues through a,keyword,no,no
social justice,movement-strategy-center-glossary-2024,338,#### Social Justice,glossary,no,no
social justice,opportunity-agenda-social-justice-phrase-guide-2015,89,Advancing a social justice agenda starts with being,keyword,no,no
social justice,racial-equity-tools-glossary-2023,197,**SOURCE: **[[*Teaching for Diversity and Social Justice: A Sourcebook*]{.underline}](https://routledgetextbooks.com/tex,keyword,no,no
social justice,seiu-stylebook-2020-01,2632,"fight for economic, racial and social justice : lutte pour la justice économique, raciale et sociale",keyword,no,no
social justice,sierra-club-equity-language-guide-2021,79,racial and social justice.,keyword,no,no
social justice,sumofus-progressive-styleguide-2016,59,"collective construction of social justice, we are compelled to",keyword,no,no
sodomy,color-of-change-black-survivors-styleguide-2022,757,"• Forcible Sodomy: Forcing an individual to perform sexual acts, such as oral sex or penetrating the",keyword,no,no
sodomy,nlgja-stylebook-lgbtq-2025-06,391,**sodomy\**,glossary,no,no
sodomy laws,diversity-style-guide-2023-11,3476,- [sodomy laws](https://www.diversitystyleguide.com/glossary/sodomy-laws/){.glossaryLink .cmtt_LGBTQ},glossary,no,no
somatics,movement-strategy-center-glossary-2024,342,#### Somatics,glossary,no,no
soul food,diversity-style-guide-2023-11,3481,"- [soul food](https://www.diversitystyleguide.com/glossary/soul-food/){.glossaryLink .cmtt_African .American, .Black .cm",glossary,no,no
soul food,nabj-style-guide-2022-10,1920,"| | | [soul food:]{style=""font-weight: bold;""} Items popular originally in the South and traditionally eaten by black pe",keyword,no,no
south asia,diversity-style-guide-2023-11,3486,- [South Asia](https://www.diversitystyleguide.com/glossary/south-asia/){.glossaryLink .cmtt_Geography},glossary,no,no
south asian,apa-inclusive-language-2023-10,1498,"origin” may be divided regionally into South Asian, East Asian, and Southeast Asian (APA, 2020b, 2022a).",keyword,no,no
south asian,diversity-style-guide-2023-11,3491,- [South Asian](https://www.diversitystyleguide.com/glossary/south-asian/){.glossaryLink .cmtt_Asian .American .cmtt_Geo,glossary,no,no
south asian,gcjt-style-guide-trauma-2021,2681,"Iraq War, the South Asian tsunami, Hurricane Katrina), students and",keyword,no,no
south asian,wordsaboutwar-full-2025,876,"South Asian Journalists Association, “Guidance on Coverage of Sept. 11, 20 Years Later,”",keyword,no,no
south asian diaspora,diversity-style-guide-2023-11,3496,- [South Asian diaspora](https://www.diversitystyleguide.com/glossary/south-asian-diaspora/){.glossaryLink .cmtt_Asian .,glossary,no,no
south asian names,diversity-style-guide-2023-11,3501,"- [South Asian names (India, Pakistan, Nepal, Sri Lanka, Bangladesh and others):](https://www.diversitystyleguide.com/gl",glossary,no,no
southeast asia,cair-journalists-guide-2021-08,120,"as Africa and Western Europe, and as far east as Southeast Asia, spawning empires, civilizations and a",keyword,no,no
southeast asia,comm-unity-style-guide-2021,645,"the National Lawyers Guild, Southeast Asia Resource Action Center, United We Dream. The network is",keyword,no,no
southeast asia,diversity-style-guide-2023-11,3506,"- [Southeast Asia, Southeastern Asia](https://www.diversitystyleguide.com/glossary/southeast-asia-southeastern-asia/){.g",glossary,no,no
southeast asia,idp-journalist-style-guide-2020,713,"Immigration Law Center, National Day Laborer Organizing Network, Southeast Asia",keyword,no,no
southeastern asia,diversity-style-guide-2023-11,3506,"- [Southeast Asia, Southeastern Asia](https://www.diversitystyleguide.com/glossary/southeast-asia-southeastern-asia/){.g",glossary,no,no
southern cross,diversity-style-guide-2023-11,3511,"- [Southern Cross](https://www.diversitystyleguide.com/glossary/southern-cross/){.glossaryLink .cmtt_African .American, ",glossary,no,no
southern cross,nabj-style-guide-2022-10,1918,"| | | [Southern Cross:]{style=""font-weight: bold;""} Confederate battle flag used during the Civil War, which remains off",keyword,yes,no
spanglish,diversity-style-guide-2023-11,3516,- [Spanglish](https://www.diversitystyleguide.com/glossary/spanglish/){.glossaryLink .cmtt_Latino/Latina .cmtt_Race},glossary,no,no
spastic,diversity-style-guide-2023-11,3521,- [spastic/spaz](https://www.diversitystyleguide.com/glossary/spasticspaz/){.glossaryLink .cmtt_Disability},glossary,no,no
spastic,ncdj-disability-style-guide-2021,1381,### [Spastic/spaz]{.highlight-gold},glossary,yes,no
spaz,diversity-style-guide-2023-11,3521,- [spastic/spaz](https://www.diversitystyleguide.com/glossary/spasticspaz/){.glossaryLink .cmtt_Disability},glossary,no,no
spaz,ncdj-disability-style-guide-2021,1381,### [Spastic/spaz]{.highlight-gold},glossary,yes,no
special,diversity-style-guide-2023-11,3531,- [special/special needs/functional needs](https://www.diversitystyleguide.com/glossary/specialspecial-needsfunctional-n,glossary,no,no
special,ncdj-disability-style-guide-2021,1387,### [Special/special needs/functional needs]{.highlight-gold},glossary,yes,no
special needs,apa-inclusive-language-2023-10,1066,special needs,keyword,no,no
special needs,dcfpi-inclusive-language-2017-12,271,Special Needs,keyword,no,no
special needs,diversity-style-guide-2023-11,3531,- [special/special needs/functional needs](https://www.diversitystyleguide.com/glossary/specialspecial-needsfunctional-n,glossary,no,no
special needs,ncdj-disability-style-guide-2021,1387,### [Special/special needs/functional needs]{.highlight-gold},glossary,yes,no
special needs,sierra-club-equity-language-guide-2021,2091,"• Don’t use “special needs,” “specially abled”",keyword,no,no
special rights,diversity-style-guide-2023-11,3526,- [special rights](https://www.diversitystyleguide.com/glossary/special-rights/){.glossaryLink .cmtt_Disability},glossary,no,no
special rights,nlgja-stylebook-lgbtq-2025-06,394,**special rights\**,glossary,yes,no
speech disorder,ncdj-disability-style-guide-2021,1401,### [Speech impediment/Speech disorder]{.highlight-gold},glossary,yes,no
speech impediment,ncdj-disability-style-guide-2021,1401,### [Speech impediment/Speech disorder]{.highlight-gold},glossary,yes,no
spina bifida,diversity-style-guide-2023-11,3536,- [spina bifida](https://www.diversitystyleguide.com/glossary/spina-bifida/){.glossaryLink .cmtt_Disability},glossary,no,no
spina bifida,ncdj-disability-style-guide-2021,1411,### [Spina bifida]{.highlight-gold},glossary,no,no
sponsorship,diversity-style-guide-2023-11,3541,- [sponsorship](https://www.diversitystyleguide.com/glossary/sponsorship/){.glossaryLink .cmtt_Race},glossary,no,no
sports stereotypes,diversity-style-guide-2023-11,3546,- [sports stereotypes](https://www.diversitystyleguide.com/glossary/sports-stereotypes/){.glossaryLink .cmtt_African .Am,glossary,no,no
sports stereotypes,nabj-style-guide-2022-10,1916,"| | | [sports stereotypes:]{style=""font-weight: bold;""} Avoid characterizations of black athletes as naturally being bet",keyword,yes,no
spouse,color-of-change-black-families-narrative-2020,1959,"leave to care for a spouse, parent or child",keyword,no,no
spouse,define-american-media-reference-2024-01,583,"defined as children, parents, siblings, spouses,",keyword,no,no
spouse,gcjt-style-guide-trauma-2021,2708,"spouses, families, and communities. They shed light on what troops",keyword,no,no
spouse,nlgja-stylebook-lgbtq-2025-06,397,**spouse\**,glossary,no,no
spouse,sumofus-progressive-styleguide-2016,1188,"read his packet carefully.”; “Invite your spouse or partner,” not",keyword,no,no
sri,diversity-style-guide-2023-11,3551,- [Sri](https://www.diversitystyleguide.com/glossary/sri/){.glossaryLink .cmtt_Asian .American .cmtt_Race},glossary,no,no
sri,gcjt-style-guide-trauma-2021,2206,"Violence, Intolerance, and Political Culture in Sri LankaFamily Secrets:",keyword,no,no
stammering,diversity-style-guide-2023-11,3576,- [stuttering/stammering](https://www.diversitystyleguide.com/glossary/stutteringstammering/){.glossaryLink .cmtt_Disabi,glossary,no,no
stammering,ncdj-disability-style-guide-2021,1421,### [Stuttering/stammering]{.highlight-gold},glossary,yes,no
star of,religion-stylebook-2026-06,65,"## David, Star of",glossary,no,no
star of david,religion-stylebook-2026-06,347,## Star of David,glossary,no,no
stealth,tja-stylebook-2026-01,479,"### [stealth, passing](#stealth-passing){.header-anchor} {#stealth-passing updated=""2023-08-25"" tabindex=""-1""}",glossary,no,no
stem,gcjt-style-guide-trauma-2021,1658,"needs) without being neglected. Neglect generally stems from inaction,",keyword,no,no
stem,movement-strategy-center-glossary-2024,346,#### STEM,glossary,no,no
stereotypes,apa-inclusive-language-2023-10,385,"more widely, often to an entire class of objects, events, or people, which can lead to mischaracterizations and stereoty",keyword,no,no
stereotypes,color-of-change-black-families-narrative-2020,539,that elicits racist “welfare queen” stereotypes—it is rarely applied to people of wealth,keyword,no,no
stereotypes,color-of-change-black-survivors-styleguide-2022,193,"gender-based violence, or perpetuate anti-Black or misogynist stereotypes.",keyword,no,no
stereotypes,comm-unity-style-guide-2021,345,while coverage of people of color involved in shootings frequently perpetuates harmful stereotypes and demonizes,keyword,yes,no
stereotypes,dcfpi-inclusive-language-2017-12,52,minimize generalizations and stereotypes.,keyword,no,no
stereotypes,define-american-media-reference-2024-01,26,Stereotypes and Language to Move Away From,keyword,no,no
stereotypes,diversity-style-guide-2023-11,3556,- [stereotypes](https://www.diversitystyleguide.com/glossary/stereotypes/){.glossaryLink .cmtt_LGBTQ .cmtt_Race},glossary,no,no
stereotypes,gcjt-style-guide-trauma-2021,1376,images which reinforces negative stereotypes of Indigenous people and,keyword,no,no
stereotypes,hrw-describing-migrants-2014-06,32,[3] One study in the US has shown that use of the term “illegal immigrants” leads to negative stereotyping of Latinos. N,keyword,no,no
stereotypes,idp-journalist-style-guide-2020,540,stereotypes and demonize immigrants,keyword,no,no
stereotypes,nabj-style-guide-2022-10,453,"| | | [Black collectibles:]{style=""font-weight: bold;""} Objects and memorabilia created by or about African-American cul",keyword,no,no
stereotypes,opportunity-agenda-social-justice-phrase-guide-2015,75,from “gypsy” and perpetuates negative and unfair stereotypes.,keyword,no,no
stereotypes,racial-equity-tools-glossary-2023,539,"Antisemitism has deep historical roots and uses exploitation, marginalization, discrimination, and violence as its tools",keyword,no,no
stereotypes,sierra-club-equity-language-guide-2021,466,lives. Such rhetoric can perpetuate stereotypes,keyword,no,no
stereotypes,sumofus-progressive-styleguide-2016,617,"possible use language that avoids replicating class stereotypes,",keyword,no,no
sterilization,gcjt-style-guide-trauma-2021,643,"abortion and sterilization, economic or educational deprivation and",keyword,no,no
sterilization,interact-intersex-media-guide-2017,218,"scarring, and even sterilization, as well as significant psychological consequences and the risk that",keyword,no,no
sterilization,tja-stylebook-2026-01,465,"### [mutilation, sterilization](#mutilation-sterilization){.header-anchor} {#mutilation-sterilization updated=""2025-04-1",glossary,yes,no
stonewall,diversity-style-guide-2023-11,3561,- [Stonewall](https://www.diversitystyleguide.com/glossary/stonewall/){.glossaryLink .cmtt_LGBTQ},glossary,no,no
stonewall,nlgja-stylebook-lgbtq-2025-06,400,**Stonewall\**,glossary,no,no
straight,apa-inclusive-language-2023-10,120,"Susan Straight, Managing Editor",keyword,no,no
straight,dcfpi-inclusive-language-2017-12,436,Non-straight,keyword,no,no
straight,diversity-style-guide-2023-11,3566,- [straight](https://www.diversitystyleguide.com/glossary/straight/){.glossaryLink .cmtt_LGBTQ},glossary,no,no
straight,nlgja-stylebook-lgbtq-2025-06,403,**straight\**,glossary,no,no
stricken with,diversity-style-guide-2023-11,181,- [afflicted with/stricken with/suffers from/victim of](https://www.diversitystyleguide.com/glossary/afflicted-withstric,glossary,no,no
stricken with,ncdj-disability-style-guide-2021,176,### [Afflicted with/stricken with/suffers from/victim of]{.highlight-gold},glossary,no,no
structural urbanism,movement-strategy-center-glossary-2024,349,#### Structural Urbanism,glossary,no,no
stuttering,diversity-style-guide-2023-11,3576,- [stuttering/stammering](https://www.diversitystyleguide.com/glossary/stutteringstammering/){.glossaryLink .cmtt_Disabi,glossary,no,no
stuttering,ncdj-disability-style-guide-2021,1421,### [Stuttering/stammering]{.highlight-gold},glossary,yes,no
substance abuse,dcfpi-inclusive-language-2017-12,334,Substance abuse disorder,keyword,no,no
substance abuse,diversity-style-guide-2023-11,1201,"- [drug abuse, substance abuse](https://www.diversitystyleguide.com/glossary/drug-abuse-substance-abuse/){.glossaryLink ",glossary,no,no
substance abuse,gcjt-style-guide-trauma-2021,344,"dysfunction include substance abuse, mental illness or suicidal attempts",keyword,no,no
suffering from,comm-unity-style-guide-2021,344,"shootings, with shooters who are white men often portrayed as “lone wolves” suffering from mental health issues,",keyword,yes,no
suffering from,dcfpi-inclusive-language-2017-12,333,Suffering from,keyword,no,no
suffering from,diversity-style-guide-2023-11,3886,"- [victim, suffering from, afflicted with, stricken with](https://www.diversitystyleguide.com/glossary/victim-suffering-",glossary,no,no
suffering from,gcjt-style-guide-trauma-2021,1475,"individual as ""suffering from"" a condition, and avoid terms like",keyword,yes,no
suffering from,sumofus-progressive-styleguide-2016,531,yy suffering from . . .,keyword,no,no
suffers from,apa-inclusive-language-2023-10,672,suffers from or is,keyword,no,no
suffers from,comm-unity-style-guide-2021,102,A growing body of research has demonstrated the criminal legal system suffers from severe obstacles to,keyword,no,no
suffers from,diversity-style-guide-2023-11,181,- [afflicted with/stricken with/suffers from/victim of](https://www.diversitystyleguide.com/glossary/afflicted-withstric,glossary,no,no
suffers from,idp-journalist-style-guide-2020,78,or convictions. A growing body of research has demonstrated the criminal legal system suffers from,keyword,no,no
suffers from,ncdj-disability-style-guide-2021,176,### [Afflicted with/stricken with/suffers from/victim of]{.highlight-gold},glossary,no,no
sufism,cair-journalists-guide-2021-08,143,"Sufism is a mystical branch of Islam. Sufis, practitioners of Sufism, are both Shia and Sunni. While all",keyword,no,no
sufism,religion-stylebook-2026-06,791,## Sufism,glossary,no,no
suicide,apa-inclusive-language-2023-10,432,Multigenerational trauma has also been linked to high rates of suicide. Parents and caregivers/caretakers’ experiences,keyword,no,no
suicide,diversity-style-guide-2023-11,3586,- [suicide](https://www.diversitystyleguide.com/glossary/suicide/){.glossaryLink .cmtt_Disability},glossary,no,no
suicide,gcjt-style-guide-trauma-2021,56,- [Suicide](/topic/suicide),keyword,no,no
suicide,ncdj-disability-style-guide-2021,1443,### [Suicide]{.highlight-gold},glossary,yes,no
suicide,nlgja-stylebook-lgbtq-2025-06,685,**suicide\**,glossary,yes,no
suicide bombing,diversity-style-guide-2023-11,3591,- [suicide bombing](https://www.diversitystyleguide.com/glossary/suicide-bombing/){.glossaryLink .cmtt_Asian .American .,glossary,no,no
suicide contagion,diversity-style-guide-2023-11,3596,- [suicide contagion](https://www.diversitystyleguide.com/glossary/suicide-contagion/){.glossaryLink .cmtt_Disability},glossary,no,no
suicide contagion,gcjt-style-guide-trauma-2021,1951,"is referred to as *suicide contagion*. Journalists, therefore, can",keyword,no,no
sukkot,religion-stylebook-2026-06,351,## Sukkot,glossary,no,no
sunni,cair-journalists-guide-2021-08,137,"are Sunni and Shia. Sunnis regard Ali, the cousin and son-in-law of Prophet Muhammad, as the",keyword,no,no
sunni,diversity-style-guide-2023-11,3601,- [Sunni](https://www.diversitystyleguide.com/glossary/sunni/){.glossaryLink .cmtt_Islam .cmtt_Religion},glossary,no,no
sunni,nabj-style-guide-2022-10,1099,"| | | | [Islam:]{style=""font-weight: bold;""} Youngest of the world\'s three major monotheistic religions. Like Judaism a",keyword,no,no
sunni,religion-stylebook-2026-06,795,## Sunni,glossary,no,no
survivor,color-of-change-black-families-narrative-2020,1974,and survivor benefits are not available,keyword,no,no
survivor,color-of-change-black-survivors-styleguide-2022,11,BLACK SURVIVORS,keyword,no,no
survivor,comm-unity-style-guide-2021,114,People with past records include survivors of violence and people who have fled war and genocide.,keyword,no,no
survivor,dcfpi-inclusive-language-2017-12,111,Use survivor rather than victim language,keyword,no,no
survivor,diversity-style-guide-2023-11,3891,"- [victim, survivor](https://www.diversitystyleguide.com/glossary/victim-survivor/){.glossaryLink}",glossary,no,no
survivor,gcjt-style-guide-trauma-2021,424,survivor.]{#docs-internal-guid-4216e0f4-7fff-6a3e-179b-ea004fa24beb},keyword,no,no
survivor,idp-journalist-style-guide-2020,91,People with past records include survivors of violence and people who have fled war and,keyword,no,no
survivor,ncdj-disability-style-guide-2021,1455,### [Survivor/battle]{.highlight-gold},glossary,no,no
survivor,sierra-club-equity-language-guide-2021,1772,affected by them — the survivors of that violence.,keyword,no,no
survivor,sumofus-progressive-styleguide-2016,2330,promotes agency for survivors and transformation for people,keyword,no,no
swastika,diversity-style-guide-2023-11,3606,- [swastika](https://www.diversitystyleguide.com/glossary/swastika/){.glossaryLink .cmtt_American .Indian .or .Native .A,glossary,no,no
synagogue,religion-stylebook-2026-06,355,## synagogue,glossary,no,no
systemic racism,apa-inclusive-language-2023-10,1800,"2000). Also institutionalized racism, systemic racism. Various disciplines (e.g., psychology, sociology, and public",keyword,no,no
systemic racism,color-of-change-black-families-narrative-2020,326,systemic racism rather than,keyword,no,no
systemic racism,comm-unity-style-guide-2021,22,"grapple with issues surrounding systemic racism, including at the intersection of",keyword,no,no
systemic racism,diversity-style-guide-2023-11,3611,- [systemic racism](https://www.diversitystyleguide.com/glossary/systemic-racism/){.glossaryLink .cmtt_Race},glossary,no,no
systemic racism,idp-journalist-style-guide-2020,35,"stories about systemic racism are told. A June 2020 article in the Economist notes, “Seeing the",keyword,no,no
systemic racism,movement-strategy-center-glossary-2024,353,#### Systemic Racism,glossary,no,no
systemic racism,racial-equity-tools-glossary-2023,412,The Council for Democratizing Education defines anti-Blackness as being a two-part formation that both voids Blackness o,keyword,no,no
systemic racism,sierra-club-equity-language-guide-2021,46,Systemic Racism and White Supremacy Culture....................................................................... 14,keyword,no,no
tagalog,diversity-style-guide-2023-11,3616,- [Tagalog](https://www.diversitystyleguide.com/glossary/tagalog/){.glossaryLink .cmtt_Asian .American .cmtt_Geography .,glossary,no,no
taipeng revolution,diversity-style-guide-2023-11,3621,- [Taipeng Revolution](https://www.diversitystyleguide.com/glossary/taipeng-revolution/){.glossaryLink .cmtt_Asian .Amer,glossary,no,no
take care not to ask irrelevant,tja-stylebook-2026-01,208,### [take care not to ask irrelevant or unnecessary questions](#interview-etiquette){.header-anchor} {#interview-etiquet,glossary,no,no
talk to trans people about things besides trans people,tja-stylebook-2026-01,204,### [talk to trans people about things besides trans people](#source-diversity){.header-anchor} {#source-diversity updat,glossary,no,no
talk to trans people about trans people,tja-stylebook-2026-01,200,"### [talk to trans people about trans people](#talk-to-trans-people){.header-anchor} {#talk-to-trans-people updated=""202",glossary,no,no
talmud,religion-stylebook-2026-06,359,## Talmud,glossary,no,no
tanakh,religion-stylebook-2026-06,363,## Tanakh,glossary,no,no
tao,diversity-style-guide-2023-11,3626,- [Tao](https://www.diversitystyleguide.com/glossary/tao/){.glossaryLink .cmtt_Religion .cmtt_Taoism},glossary,no,no
taoism,diversity-style-guide-2023-11,3631,"- [Taoism, Daoism](https://www.diversitystyleguide.com/glossary/taoism-daoism/){.glossaryLink .cmtt_Religion .cmtt_Taois",glossary,no,no
tawhid,religion-stylebook-2026-06,799,## tawhid,glossary,no,no
tejano,diversity-style-guide-2023-11,3636,- [Tejano](https://www.diversitystyleguide.com/glossary/tejano/){.glossaryLink .cmtt_Latino/Latina .cmtt_Race},glossary,no,no
telenovela,diversity-style-guide-2023-11,3641,- [telenovela](https://www.diversitystyleguide.com/glossary/telenovela/){.glossaryLink .cmtt_Latino/Latina .cmtt_Race},glossary,no,no
temple,nabj-style-guide-2022-10,1089,"| | | | [Jheri curl]{style=""font-weight: bold;""} - Chemically treated curly hair resembling Shirley Temple-like tresses.",keyword,no,no
temple,religion-stylebook-2026-06,367,## temple,glossary,no,yes
temple mount,religion-stylebook-2026-06,371,## Temple Mount,glossary,no,no
ten commandments,dcfpi-inclusive-language-2017-12,736,"Psychology Today, Ten Commandments for How to Talk About Mental Health",keyword,no,no
ten commandments,religion-stylebook-2026-06,375,## Ten Commandments,glossary,no,no
terf,tja-stylebook-2026-01,503,"### [TERF, trans-exclusionary radical feminist, gender-critical feminist](#gender-critical){.header-anchor} {#gender-cri",glossary,no,no
tetraplegia,ncdj-disability-style-guide-2021,1469,### [Tetraplegia/tetraplegic]{.highlight-gold},glossary,yes,no
tetraplegic,ncdj-disability-style-guide-2021,1469,### [Tetraplegia/tetraplegic]{.highlight-gold},glossary,yes,no
tgncnb,nlgja-stylebook-lgbtq-2025-06,529,**TGNCNB\**,glossary,no,no
thai names,diversity-style-guide-2023-11,3646,- [Thai names](https://www.diversitystyleguide.com/glossary/thai-names/){.glossaryLink .cmtt_Asian .American .cmtt_Race},glossary,no,no
them pronouns,tja-stylebook-2026-01,370,"### [singular they/them pronouns](#they-them){.header-anchor} {#they-them updated=""2023-08-25"" tabindex=""-1""}",glossary,no,no
there is no single 'trans community,tja-stylebook-2026-01,216,"### [there is no single 'trans community'](#trans-community){.header-anchor} {#trans-community updated=""2023-08-25"" tabi",glossary,no,no
third gender,diversity-style-guide-2023-11,3651,- [third gender](https://www.diversitystyleguide.com/glossary/third-gender/){.glossaryLink .cmtt_LGBTQ .cmtt_Transgender,glossary,no,no
third gender,sumofus-progressive-styleguide-2016,3311,134 http://foreignpolicy.com/2014/06/30/third-gender-a-short-history/,keyword,no,no
third world,apa-inclusive-language-2023-10,405,"sometimes referred to as “majority world” nations instead of “third world” or “developing” countries, terms that are no",keyword,no,no
third world,diversity-style-guide-2023-11,3656,- [Third World](https://www.diversitystyleguide.com/glossary/third-world/){.glossaryLink .cmtt_Geography .cmtt_Race},glossary,no,no
third world,nabj-style-guide-2022-10,1924,"| | | [Third World:]{style=""font-weight: bold;""} Commonly used to describe underdeveloped countries of Africa, Asia and ",keyword,yes,no
third world,sumofus-progressive-styleguide-2016,3335,155 http://www.npr.org/sections/goatsandsoda/2015/01/04/372684438/if-you-shouldntcall-it-the-third-world-what-should-you,keyword,no,no
tiananmen square,diversity-style-guide-2023-11,3661,- [Tiananmen Square](https://www.diversitystyleguide.com/glossary/tiananmen-square/){.glossaryLink .cmtt_Asian .American,glossary,no,no
tisha b’av,religion-stylebook-2026-06,379,## Tisha B’Av,glossary,no,no
tolerance,cair-journalists-guide-2021-08,56,"following and is a faith that teaches justice, peace and tolerance.",keyword,no,no
tolerance,color-of-change-antiracist-protest-reporting-2020,503,a phone call away. The team should accommodate the person with the least experience or tolerance for,keyword,no,no
tolerance,define-american-media-reference-2024-01,297,Law & Order episode “Zero Tolerance”,keyword,no,no
tolerance,diversity-style-guide-2023-11,3666,- [tolerance (drug)](https://www.diversitystyleguide.com/glossary/tolerance-drug/){.glossaryLink .cmtt_Drugs .and .alcoh,glossary,no,no
tolerance,gcjt-style-guide-trauma-2021,3957,Jerusalem 1913 shows us a cosmopolitan city whose religious tolerance,keyword,no,no
tolerance,nabj-style-guide-2022-10,903,"| | | | [Great Migration, The:]{style=""font-weight: bold;""} Mass movement by Southern blacks relocating to the North and",keyword,no,no
tolerance,sierra-club-equity-language-guide-2021,29,Tolerance. .............................................................................................................,keyword,no,no
tolerance,sumofus-progressive-styleguide-2016,3205,61 http://www.tolerance.org/magazine/number-31-spring-2007/feature/question-class,keyword,no,no
top surgery,tja-stylebook-2026-01,1212,"### [top surgery, bottom surgery (n.)](#def-top-bottom-surgery){.header-anchor} {#def-top-bottom-surgery updated=""2024-1",glossary,no,no
torah,cair-journalists-guide-2021-08,105,to you (the Torah and Gospel); Our God and your God is one; and it is to Him we surrender.”,keyword,no,no
torah,diversity-style-guide-2023-11,3671,- [Torah](https://www.diversitystyleguide.com/glossary/torah/){.glossaryLink .cmtt_Judaism .cmtt_Religion},glossary,no,no
torah,religion-stylebook-2026-06,383,## Torah,glossary,no,no
totem,apa-inclusive-language-2023-10,2369,totem pole,keyword,no,no
totem,diversity-style-guide-2023-11,3676,- [totem](https://www.diversitystyleguide.com/glossary/totem/){.glossaryLink .cmtt_American .Indian .or .Native .America,glossary,no,no
totem,opportunity-agenda-social-justice-phrase-guide-2015,65,X “low man on the totem pole.” Totem poles are monuments created by tribes of the Pacific Northwest to represent,keyword,no,no
totem,sierra-club-equity-language-guide-2021,1734,"culture. Examples include “low on the totem pole,”",keyword,no,no
tourette syndrome,ncdj-disability-style-guide-2021,1491,### [Tourette syndrome/Tourette's syndrome]{.highlight-gold},glossary,yes,no
tourette's syndrome,ncdj-disability-style-guide-2021,1491,### [Tourette syndrome/Tourette's syndrome]{.highlight-gold},glossary,yes,no
towelhead,diversity-style-guide-2023-11,3686,- [towelhead](https://www.diversitystyleguide.com/glossary/towelhead/){.glossaryLink .cmtt_Arab .American .cmtt_Race},glossary,no,no
tranny,apa-inclusive-language-2023-10,2148,tranny,keyword,no,no
tranny,dcfpi-inclusive-language-2017-12,430,Tranny,keyword,no,no
tranny,diversity-style-guide-2023-11,3691,- [tranny](https://www.diversitystyleguide.com/glossary/tranny/){.glossaryLink .cmtt_LGBTQ .cmtt_Transgender},glossary,no,no
tranny,nlgja-stylebook-lgbtq-2025-06,406,**tranny\**,glossary,yes,no
tranny,sumofus-progressive-styleguide-2016,1374,"yy trannie, tranny",keyword,no,no
trans,apa-inclusive-language-2023-10,2041,"refers to women and AFAB trans people who could become pregnant or to all people who are not pregnant, including",keyword,no,no
trans,color-of-change-black-families-narrative-2020,979,trans women; and the governmental and,keyword,no,no
trans,color-of-change-black-survivors-styleguide-2022,225,"What works: “Upstate Cops Allegedly Mocked, Sexually Assaulted Trans",keyword,no,no
trans,dcfpi-inclusive-language-2017-12,460,"Trans woman, trans man",keyword,no,no
trans,gcjt-style-guide-trauma-2021,1462,**Deadname:** A deadname is a name that a trans person no longer uses.,keyword,no,no
trans,racial-equity-tools-glossary-2023,826,A term (pronounced *sis-gender*) used to refer to an individual whose gender identity aligns with the sex assigned to th,keyword,yes,no
trans,sierra-club-equity-language-guide-2021,689,the terms “trans” versus “transgender.” It is always,keyword,no,no
trans,sumofus-progressive-styleguide-2016,1327,"yy trans woman, trans",keyword,no,no
trans,tja-stylebook-2026-01,1216,"### [trans (adj.)](#def-trans){.header-anchor} {#def-trans updated=""2023-08-25"" tabindex=""-1""}",glossary,no,no
trans activists,tja-stylebook-2026-01,495,"### [trans activists, trans rights activists](#trans-rights-activists){.header-anchor} {#trans-rights-activists updated=",glossary,no,no
trans agenda,tja-stylebook-2026-01,487,"### [transgenderism, trans ideology, gender ideology, trans agenda](#transgenderism){.header-anchor} {#transgenderism up",glossary,no,no
trans coverage best practices,tja-stylebook-2026-01,1303,"### [trans coverage best practices](#read-best-practices){.header-anchor} {#read-best-practices updated=""2024-01-29"" tab",glossary,no,no
trans exclusionary radical feminist,nlgja-stylebook-lgbtq-2025-06,532,**trans-exclusionary radical feminist (TERF)\**,glossary,no,no
trans exclusionary radical feminist,tja-stylebook-2026-01,503,"### [TERF, trans-exclusionary radical feminist, gender-critical feminist](#gender-critical){.header-anchor} {#gender-cri",glossary,no,no
trans female,tja-stylebook-2026-01,523,"### [trans male, trans female](#trans-female-male){.header-anchor} {#trans-female-male updated=""2023-08-25"" tabindex=""-1",glossary,no,no
trans identified,tja-stylebook-2026-01,517,"### [trans-identified, male-identified, female-identified](#trans-identified){.header-anchor} {#trans-identified updated",glossary,yes,no
trans ideology,tja-stylebook-2026-01,487,"### [transgenderism, trans ideology, gender ideology, trans agenda](#transgenderism){.header-anchor} {#transgenderism up",glossary,no,no
trans issues' is a euphemism,tja-stylebook-2026-01,194,"### ['trans issues' is a euphemism](#trans-issues){.header-anchor} {#trans-issues updated=""2025-04-25"" tabindex=""-1""}",glossary,yes,no
trans male,tja-stylebook-2026-01,523,"### [trans male, trans female](#trans-female-male){.header-anchor} {#trans-female-male updated=""2023-08-25"" tabindex=""-1",glossary,no,no
trans man,dcfpi-inclusive-language-2017-12,460,"Trans woman, trans man",keyword,no,no
trans man,tja-stylebook-2026-01,1257,"### [trans man (n.)](#def-trans-man){.header-anchor} {#def-trans-man updated=""2023-08-25"" tabindex=""-1""}",glossary,yes,no
trans relevant journalism best practices,tja-stylebook-2026-01,1312,### [trans-relevant journalism best practices](#read-broader-practices){.header-anchor} {#read-broader-practices updated,glossary,no,no
trans relevant reporting and style guides,tja-stylebook-2026-01,1324,"### [trans-relevant reporting and style guides](#read-style-guides){.header-anchor} {#read-style-guides updated=""2025-05",glossary,no,no
trans rights activists,tja-stylebook-2026-01,495,"### [trans activists, trans rights activists](#trans-rights-activists){.header-anchor} {#trans-rights-activists updated=",glossary,no,no
trans terms and identities vary across cultures,tja-stylebook-2026-01,220,"### [trans terms and identities vary across cultures](#trans-translation){.header-anchor} {#trans-translation updated=""2",glossary,yes,no
trans woman,dcfpi-inclusive-language-2017-12,460,"Trans woman, trans man",keyword,no,no
trans woman,sumofus-progressive-styleguide-2016,1327,"yy trans woman, trans",keyword,no,no
trans woman,tja-stylebook-2026-01,1289,"### [trans woman (n.)](#def-trans-woman){.header-anchor} {#def-trans-woman updated=""2023-08-25"" tabindex=""-1""}",glossary,yes,no
transcendental meditation,diversity-style-guide-2023-11,3696,- [Transcendental Meditation](https://www.diversitystyleguide.com/glossary/transcendentalmeditation/){.glossaryLink .cmt,glossary,no,no
transfem,racial-equity-tools-glossary-2023,4547,"Often shortened to trans, from the Latin prefix for ""on a different side as."" A term describing a person's gender identi",keyword,no,no
transfem,tja-stylebook-2026-01,1220,"### [transfeminine (adj.), transfem, transfemme (adj., n.)](#def-transfem){.header-anchor} {#def-transfem updated=""2023-",glossary,no,no
transfeminine,diversity-style-guide-2023-11,3701,- [transfeminine](https://www.diversitystyleguide.com/glossary/transfeminine/){.glossaryLink .cmtt_LGBTQ .cmtt_Transgend,glossary,no,no
transfeminine,tja-stylebook-2026-01,1220,"### [transfeminine (adj.), transfem, transfemme (adj., n.)](#def-transfem){.header-anchor} {#def-transfem updated=""2023-",glossary,no,no
transfemme,tja-stylebook-2026-01,1220,"### [transfeminine (adj.), transfem, transfemme (adj., n.)](#def-transfem){.header-anchor} {#def-transfem updated=""2023-",glossary,no,no
transformative justice,movement-strategy-center-glossary-2024,360,#### Transformative Justice,glossary,no,no
transformative justice,racial-equity-tools-glossary-2023,4506,"[[[[Transformative Justice (TJ)]{.wixui-rich-text__text style=""letter-spacing:0.03em;""}]{.wixui-rich-text__text style=""f",keyword,no,no
transformative justice,sumofus-progressive-styleguide-2016,2303,"• Candace Smith, Restorative justice and transformative justice:",keyword,no,no
transformative movement building,movement-strategy-center-glossary-2024,364,#### Transformative Movement Building,glossary,no,no
transformative movements,movement-strategy-center-glossary-2024,368,#### Transformative Movements,glossary,no,no
transformative practice,movement-strategy-center-glossary-2024,372,#### Transformative Practice,glossary,no,no
transgender,apa-inclusive-language-2023-10,1552,"(e.g., German American, Blackfoot, Algerian American), gender and gender identity (e.g., woman, man, transgender,",keyword,no,no
transgender,dcfpi-inclusive-language-2017-12,466,Transgender people,keyword,no,no
transgender,diversity-style-guide-2023-11,3706,- [transgender](https://www.diversitystyleguide.com/glossary/transgender/){.glossaryLink .cmtt_LGBTQ .cmtt_Transgender},glossary,no,no
transgender,gcjt-style-guide-trauma-2021,644,attacks on transgender people. Note that gender-based violence is a more,keyword,no,no
transgender,hrc-glossary-2023-05,142,**Transgender \|** An umbrella term for people whose gender identity and/or expression is different from cultural expect,glossary,no,no
transgender,interact-intersex-media-guide-2017,44,"While some people can be born with intersex traits and also identify as transgender, the two are separate and should not",keyword,no,no
transgender,nlgja-stylebook-lgbtq-2025-06,616,**transgender \**,glossary,no,no
transgender,racial-equity-tools-glossary-2023,863,"A discriminatory system that oppresses and marginalizes people whose gender identity and/or gender expression (e.g., tra",keyword,no,no
transgender,seiu-stylebook-2020-01,612,"lesbian, gay, bisexual and transgender [LGBT]",keyword,no,no
transgender,sierra-club-equity-language-guide-2021,641,"not population issues. Women, transgender, and",keyword,no,no
transgender,sumofus-progressive-styleguide-2016,1077,"• GLAAD Media Reference Guide – Transgender Issues107, 2016.",keyword,no,no
transgender,tja-stylebook-2026-01,1228,"### [transgender (adj.)](#def-transgender){.header-anchor} {#def-transgender updated=""2023-08-25"" tabindex=""-1""}",glossary,yes,no
transgender as adjective,radicalcopyeditor-trans-style-guide-2017,28,"**Transgender as adjective:** Use ""transgender people,"" never ""transgenders"" or ""the transgendered.""",glossary,no,no
"transgender athletes"" is an umbrella term",tja-stylebook-2026-01,922,"### [""transgender athletes"" is an umbrella term](#trans-athletes){.header-anchor} {#trans-athletes updated=""2023-08-25"" ",glossary,no,no
transgender boy,nlgja-stylebook-lgbtq-2025-06,553,"**transgender man, transgender boy\**",glossary,yes,no
transgender girl,nlgja-stylebook-lgbtq-2025-06,556,"**transgender woman, transgender girl\**",glossary,yes,no
transgender man,apa-inclusive-language-2023-10,1968,"distinct from sexual orientation; thus, the two must not be conflated (e.g., a gay transgender man has a masculine gende",keyword,no,no
transgender man,nlgja-stylebook-lgbtq-2025-06,553,"**transgender man, transgender boy\**",glossary,yes,no
transgender woman,nlgja-stylebook-lgbtq-2025-06,556,"**transgender woman, transgender girl\**",glossary,yes,no
transgendered,apa-inclusive-language-2023-10,2175,transgendered,keyword,no,no
transgendered,dcfpi-inclusive-language-2017-12,433,Transgendered,keyword,no,no
transgendered,nlgja-stylebook-lgbtq-2025-06,559,**transgendered\**,glossary,yes,no
transgendered,seiu-stylebook-2020-01,1421,transgender [not transgendered],keyword,no,no
transgendered,sierra-club-equity-language-guide-2021,691,before using either. The term “transgendered” should,keyword,yes,no
transgendered,sumofus-progressive-styleguide-2016,1379,yy transgendered,keyword,no,no
transgendered,tja-stylebook-2026-01,491,"### [transgendered](#def-transgendered){.header-anchor} {#def-transgendered updated=""2024-04-03"" tabindex=""-1""}",glossary,yes,no
transgenderism,nlgja-stylebook-lgbtq-2025-06,562,**transgenderism\**,glossary,yes,no
transgenderism,tja-stylebook-2026-01,487,"### [transgenderism, trans ideology, gender ideology, trans agenda](#transgenderism){.header-anchor} {#transgenderism up",glossary,no,no
transition,apa-inclusive-language-2023-10,1919,"the individual, some people who transition may view themselves as always being their affirmed gender, even before they",keyword,no,no
transition,dcfpi-inclusive-language-2017-12,459,"Transition, transitioning",keyword,no,no
transition,nlgja-stylebook-lgbtq-2025-06,495,"**gender transition, transition\**",glossary,yes,no
transition,seiu-stylebook-2020-01,778,The American labor movement is in transition.,keyword,no,no
transition,sierra-club-equity-language-guide-2021,904,actions that we support a transition to a clean energy,keyword,no,no
transition,sumofus-progressive-styleguide-2016,1331,"yy transition,",keyword,no,no
transition,tja-stylebook-2026-01,1236,"### [transition (n., v.)](#def-transition){.header-anchor} {#def-transition updated=""2023-08-25"" tabindex=""-1""}",glossary,no,no
transition related medical care,diversity-style-guide-2023-11,1481,- [gender-affirming care/transition-related medical care ](https://www.diversitystyleguide.com/glossary/gender-affirming,glossary,no,no
transition terminology,radicalcopyeditor-trans-style-guide-2017,32,"**Transition terminology:** ""Transitioned"" describes the process of living authentically. Avoid ""sex change"" or ""became ",glossary,yes,no
transmasc,racial-equity-tools-glossary-2023,3057,Refers to people who do not subscribe to the gender binary. They might exist between or beyond the man-woman binary. Som,keyword,no,no
transmasc,tja-stylebook-2026-01,1261,"### [transmasculine (adj.), transmasc (adj., n.)](#def-transmasc){.header-anchor} {#def-transmasc updated=""2023-08-25"" t",glossary,no,no
transmasculine,diversity-style-guide-2023-11,3711,- [transmasculine](https://www.diversitystyleguide.com/glossary/transmasculine/){.glossaryLink .cmtt_LGBTQ .cmtt_Transge,glossary,no,no
transmasculine,tja-stylebook-2026-01,1261,"### [transmasculine (adj.), transmasc (adj., n.)](#def-transmasc){.header-anchor} {#def-transmasc updated=""2023-08-25"" t",glossary,no,no
transmedicalism,tja-stylebook-2026-01,1232,"### [transmedicalist (n., adj.), transmedicalism (n.)](#def-transmedicalist){.header-anchor} {#def-transmedicalist updat",glossary,no,no
transmedicalist,tja-stylebook-2026-01,1232,"### [transmedicalist (n., adj.), transmedicalism (n.)](#def-transmedicalist){.header-anchor} {#def-transmedicalist updat",glossary,no,no
transmisogynoir,tja-stylebook-2026-01,1273,"### [transmisogynoir (n.)](#def-transmisogynoir){.header-anchor} {#def-transmisogynoir updated=""2023-08-25"" tabindex=""-1",glossary,no,no
transmisogyny,tja-stylebook-2026-01,1269,"### [transmisogyny (n.)](#def-transmisogyny){.header-anchor} {#def-transmisogyny updated=""2023-08-25"" tabindex=""-1""}",glossary,no,no
transness,tja-stylebook-2026-01,1277,"### [transness (n.)](#def-transness){.header-anchor} {#def-transness updated=""2024-04-03"" tabindex=""-1""}",glossary,no,no
transracial,diversity-style-guide-2023-11,3716,- [transracial](https://www.diversitystyleguide.com/glossary/transracial/){.glossaryLink .cmtt_Race},glossary,no,no
transsexual,apa-inclusive-language-2023-10,2156,transsexual,keyword,no,no
transsexual,dcfpi-inclusive-language-2017-12,443,Transsexual (unless that is,keyword,no,no
transsexual,diversity-style-guide-2023-11,3721,- [transsexual](https://www.diversitystyleguide.com/glossary/transsexual/){.glossaryLink .cmtt_LGBTQ .cmtt_Transgender},glossary,no,no
transsexual,nlgja-stylebook-lgbtq-2025-06,568,**transsexual\**,glossary,yes,no
transsexual,racial-equity-tools-glossary-2023,4547,"Often shortened to trans, from the Latin prefix for ""on a different side as."" A term describing a person's gender identi",keyword,no,no
transsexual,sierra-club-equity-language-guide-2021,692,be avoided. “Transsexual” is generally considered,keyword,yes,no
transsexual,sumofus-progressive-styleguide-2016,3328,148 http://gender.wikia.com/wiki/Transsexual,keyword,no,no
transsexual,tja-stylebook-2026-01,1281,"### [transsexual (n., adj.)](#def-transsexual){.header-anchor} {#def-transsexual updated=""2025-11-01"" tabindex=""-1""}",glossary,yes,no
transvestite,apa-inclusive-language-2023-10,2152,transvestite,keyword,no,no
transvestite,dcfpi-inclusive-language-2017-12,445,Transvestite (unless that is,keyword,no,no
transvestite,diversity-style-guide-2023-11,3726,- [transvestite](https://www.diversitystyleguide.com/glossary/transvestite/){.glossaryLink .cmtt_LGBTQ .cmtt_Transgender,glossary,no,no
transvestite,sumofus-progressive-styleguide-2016,1386,yy transvestite,keyword,no,no
transvestite,tja-stylebook-2026-01,1285,"### [transvestite (n.)](#def-transvestite){.header-anchor} {#def-transvestite updated=""2023-08-25"" tabindex=""-1""}",glossary,yes,no
traumatic brain injury,apa-inclusive-language-2023-10,1285,person with a traumatic brain injury,keyword,no,no
traumatic brain injury,ncdj-disability-style-guide-2021,377,### [Brain injury/traumatic brain injury (TBI)]{.highlight-gold},glossary,no,no
treatment,diversity-style-guide-2023-11,3136,"- [recovery, treatment (mental illness)](https://www.diversitystyleguide.com/glossary/recovery-treatment-mental-illness/",glossary,no,no
treatment,ncdj-disability-style-guide-2021,1505,### [Treatment/treatment center/rehab center/detox center]{.highlight-gold},glossary,no,no
treatment center,diversity-style-guide-2023-11,3731,- [treatment/treatment center/rehab center/detox center](https://www.diversitystyleguide.com/glossary/treatmenttreatment,glossary,no,no
treatment center,ncdj-disability-style-guide-2021,1505,### [Treatment/treatment center/rehab center/detox center]{.highlight-gold},glossary,no,no
tribal affiliation,diversity-style-guide-2023-11,3736,- [tribal affiliation](https://www.diversitystyleguide.com/glossary/tribal-affiliation/){.glossaryLink},glossary,no,no
tribal affiliation,naja-indigenous-terminology-2023-06,44,cans - two or more individuals of different tribal affiliation. Journalists should always identify,keyword,no,no
tribal council,diversity-style-guide-2023-11,3741,- [tribal council](https://www.diversitystyleguide.com/glossary/tribal-council/){.glossaryLink .cmtt_American .Indian .o,glossary,no,no
tribal council,native-governance-center-style-guide-2021-02,138,"Relatedly, capitalize Tribal in the term Tribal council. When the term appears as part of",keyword,no,yes
tribal sovereignty,movement-strategy-center-glossary-2024,376,#### Tribal Sovereignty,glossary,no,no
tribal sovereignty,racial-equity-tools-glossary-2023,2132,It is distinguishable from Tribal Sovereignty in that it is not a nation-state recognition of inherent sovereignty under,keyword,no,no
tribal sovereignty,sierra-club-equity-language-guide-2021,50,TRIBAL SOVEREIGNTY AND PUBLIC LANDS............................................................................... 16,keyword,no,no
tribal warfare,diversity-style-guide-2023-11,3746,- [tribal warfare](https://www.diversitystyleguide.com/glossary/tribal-warfare/){.glossaryLink .cmtt_American .Indian .o,glossary,no,no
tribe,apa-inclusive-language-2023-10,1635,"as a “people” or “nation” rather than as a “tribe.” The bias-free language guidelines of the Publication Manual (APA, 20",keyword,no,no
tribe,diversity-style-guide-2023-11,3751,- [tribe](https://www.diversitystyleguide.com/glossary/tribe-2/){.glossaryLink .cmtt_American .Indian .or .Native .Ameri,glossary,no,no
tribe,gcjt-style-guide-trauma-2021,1511,"interviewing individuals, or reporting on individual tribes, then",keyword,no,no
tribe,naja-indigenous-terminology-2023-06,45,people by their preferred tribal affiliation when reporting on individuals or individual tribes.,keyword,no,no
tribe,native-governance-center-style-guide-2021-02,120,Refer to the nations we serve as Native nations. Use Tribal nations or Tribes in special,keyword,no,no
tribe,opportunity-agenda-social-justice-phrase-guide-2015,59,elements. Many tribes and Native organizations hold them,keyword,no,no
tribe,racial-equity-tools-glossary-2023,2089,"(Examples: Maori in territory now defined as New Zealand; Mexicans in territory now defined as Texas, California, New Me",keyword,no,no
tribe,sierra-club-equity-language-guide-2021,1154,to the relevant Tribe or Band. See the section on,keyword,no,no
tribe,sumofus-progressive-styleguide-2016,2065,"• Capitalize the proper names of tribes, nationalities,",keyword,no,yes
trigger,color-of-change-black-survivors-styleguide-2022,18,trigger,keyword,no,no
trigger,diversity-style-guide-2023-11,3756,- [trigger](https://www.diversitystyleguide.com/glossary/trigger/){.glossaryLink .cmtt_Disability},glossary,no,no
trigger,gcjt-style-guide-trauma-2021,901,[**Retraumatization:** Retraumatization is not the same as a trigger.,keyword,no,no
trigger,sierra-club-equity-language-guide-2021,1782,• “Pull the trigger”,keyword,no,no
trigger,wordsaboutwar-full-2025,782,"“pull the trigger,” “smoking gun,” “ammunition,” “silver bullet,” and “you killed it.” This language",keyword,no,no
trigger,wordsaboutwar-short-2025,165,"Avoid war, gun, and other violent metaphors: For example, “rally the troops,” “on the frontlines,” “pull the trigger,” “",keyword,yes,no
triggers,gcjt-style-guide-trauma-2021,902,"Triggers bring back painful memories, and sometimes flashbacks.",keyword,no,no
triggers,ncdj-disability-style-guide-2021,1481,### [Triggers/Content Warnings]{.highlight-gold},glossary,yes,no
trinity,diversity-style-guide-2023-11,3761,- [Trinity](https://www.diversitystyleguide.com/glossary/trinity/){.glossaryLink .cmtt_Christianity .cmtt_Religion},glossary,no,no
trinity,gcjt-style-guide-trauma-2021,2146,Literature at Trinity College Dublin and holds an M.A. from Columbia,keyword,no,no
trust land,diversity-style-guide-2023-11,3766,- [trust land](https://www.diversitystyleguide.com/glossary/trust-land/){.glossaryLink .cmtt_American .Indian .or .Nativ,glossary,no,no
tub’shevat,religion-stylebook-2026-06,387,## TuB’Shevat,glossary,no,no
turban,diversity-style-guide-2023-11,3771,- [turban](https://www.diversitystyleguide.com/glossary/turban/){.glossaryLink .cmtt_Indian .American},glossary,no,no
twice exceptional,ncdj-disability-style-guide-2021,828,### [Gifted/twice exceptional]{.highlight-gold},glossary,yes,no
two,diversity-style-guide-2023-11,616,"- [biracial, multiracial, mixed-race, two or more races](https://www.diversitystyleguide.com/glossary/biracial/){.glossa",glossary,no,no
two spirit,apa-inclusive-language-2023-10,2076,"Two-Spirit, queer, and/or intersex. Individuals with same-sex or same-gender attractions or behaviors and those with a",keyword,no,no
two spirit,racial-equity-tools-glossary-2023,4627,"[[[[Two Spirit]{.wixui-rich-text__text style=""letter-spacing:0.03em;""}]{.wixui-rich-text__text style=""font-size:22px;""}]",keyword,no,no
two spirit,sumofus-progressive-styleguide-2016,1223,"transgender, intersex, asexual, two-spirit) people’s lives and",keyword,no,no
two spirit,tja-stylebook-2026-01,1293,"### [Two-Spirit (adj.)](#def-two-spirit){.header-anchor} {#def-two-spirit updated=""2023-08-25"" tabindex=""-1""}",glossary,no,no
u.s. census definition of,diversity-style-guide-2023-11,321,"- [American Indian or Alaska Native, U.S. Census definition of](https://www.diversitystyleguide.com/glossary/american-in",glossary,no,no
u.s. census definitions of,diversity-style-guide-2023-11,3101,"- [race, U.S. Census definitions of](https://www.diversitystyleguide.com/glossary/race-u-s-census-definitions-of/){.glos",glossary,no,no
u.s. territories,diversity-style-guide-2023-11,3776,- [U.S. territories](https://www.diversitystyleguide.com/glossary/u-s-territories/){.glossaryLink .cmtt_Geography},glossary,no,no
ultra orthodox,diversity-style-guide-2023-11,3781,- [ultra-Orthodox](https://www.diversitystyleguide.com/glossary/ultra-orthodox/){.glossaryLink .cmtt_Judaism .cmtt_Relig,glossary,no,no
ultra orthodox,religion-stylebook-2026-06,391,## ultra-Orthodox,glossary,yes,no
ummah,cair-journalists-guide-2021-08,408,Ummah – An Arabic word meaning “community.” It is often used to express the idea that Muslims,keyword,no,no
ummah,religion-stylebook-2026-06,803,## Ummah,glossary,no,no
uncle,casey-editorial-guide-2013-04,1228,"umpire, uncle).",keyword,no,no
uncle,color-of-change-black-families-narrative-2020,1964,"or uncles, grandparents, or others who",keyword,no,no
uncle,define-american-media-reference-2024-01,584,"and fiancées. Grandparents, aunts, uncles,",keyword,no,no
uncle,diversity-style-guide-2023-11,526,"- [aunt, uncle](https://www.diversitystyleguide.com/glossary/aunt-uncle/){.glossaryLink .cmtt_Race}",glossary,no,no
uncle,gcjt-style-guide-trauma-2021,1225,"they've always known them as --- their father, their uncle, their",keyword,yes,no
uncle,nabj-style-guide-2022-10,1538,"| | | [Oreo:]{style=""font-weight: bold;""} Disparaging term for someone deemed to have shunned his or her black culture a",keyword,yes,no
uncle tom,diversity-style-guide-2023-11,3791,"- [Uncle Tom](https://www.diversitystyleguide.com/glossary/uncle-tom/){.glossaryLink .cmtt_African .American, .Black .cm",glossary,no,no
uncle tom,nabj-style-guide-2022-10,1538,"| | | [Oreo:]{style=""font-weight: bold;""} Disparaging term for someone deemed to have shunned his or her black culture a",keyword,yes,no
uncle tom's cabin,diversity-style-guide-2023-11,3796,- [Uncle Tom's Cabin (or Life Among the Lowly)](https://www.diversitystyleguide.com/glossary/uncle-toms-cabin-or-life-am,glossary,no,no
unconscious bias,apa-inclusive-language-2023-10,1326,show unconscious bias,keyword,no,no
unconscious bias,diversity-style-guide-2023-11,1871,"- [implicit bias, unconscious bias](https://www.diversitystyleguide.com/glossary/implicit-bias-unconscious-bias/){.gloss",glossary,no,no
unconscious bias,sierra-club-equity-language-guide-2021,314,reflects an unconscious bias against people living with,keyword,no,no
under resourced,dcfpi-inclusive-language-2017-12,229,Under-resourced,keyword,no,no
under resourced,movement-strategy-center-glossary-2024,380,#### Under-resourced,glossary,no,no
underground railroad,diversity-style-guide-2023-11,3806,- [Underground Railroad](https://www.diversitystyleguide.com/glossary/underground-railroad/){.glossaryLink .cmtt_African,glossary,no,no
underground railroad,nabj-style-guide-2022-10,1914,"| | | [slavery:]{style=""font-weight: bold;""} The first black African slaves in the American colonies arrived in the earl",keyword,yes,no
underrepresented genders,tja-stylebook-2026-01,1192,"### [marginalized genders, underrepresented genders (n.)](#def-marginalized-genders){.header-anchor} {#def-marginalized-",glossary,no,no
understanding polling data,tja-stylebook-2026-01,1012,"### [understanding polling data](#polling-data){.header-anchor} {#polling-data updated=""2025-09-24"" tabindex=""-1""}",glossary,yes,no
undetectable,nlgja-stylebook-lgbtq-2025-06,694,"**undetectable, untransmittable\**",glossary,yes,no
undocumented immigrant,comm-unity-style-guide-2021,213,"Undocumented immigrant,",keyword,no,no
undocumented immigrant,define-american-media-reference-2024-01,344,"undocumented immigrant, unauthorized",keyword,no,no
undocumented immigrant,diversity-style-guide-2023-11,3811,"- [undocumented immigrant, undocumented individual](https://www.diversitystyleguide.com/glossary/undocumented-immigrant/",glossary,no,no
undocumented immigrant,idp-journalist-style-guide-2020,226,"Undocumented immigrant,",keyword,no,no
undocumented immigrant,sierra-club-equity-language-guide-2021,874,• undocumented immigrant,keyword,yes,no
undocumented immigrant,sumofus-progressive-styleguide-2016,1870,• An asylum seeker can become an undocumented immigrant,keyword,no,no
undocumented individual,diversity-style-guide-2023-11,3811,"- [undocumented immigrant, undocumented individual](https://www.diversitystyleguide.com/glossary/undocumented-immigrant/",glossary,no,no
undocumented noncitizen,diversity-style-guide-2023-11,2721,"- [noncitizen, undocumented noncitizen](https://www.diversitystyleguide.com/glossary/noncitizen-undocumented-noncitizen/",glossary,no,no
undocumented worker,diversity-style-guide-2023-11,3816,- [undocumented worker](https://www.diversitystyleguide.com/glossary/undocumented-worker/){.glossaryLink .cmtt_Immigrati,glossary,no,no
undocumented worker,seiu-stylebook-2020-01,1437,undocumented worker,keyword,no,no
unification church,diversity-style-guide-2023-11,3821,- [Unification Church](https://www.diversitystyleguide.com/glossary/unification-church/){.glossaryLink .cmtt_Religion},glossary,no,no
unitarian universalist,diversity-style-guide-2023-11,3826,- [Unitarian Universalist](https://www.diversitystyleguide.com/glossary/unitarian-universalist/){.glossaryLink .cmtt_Rel,glossary,no,no
united church of christ,diversity-style-guide-2023-11,3831,- [United Church of Christ](https://www.diversitystyleguide.com/glossary/united-church-of-christ/){.glossaryLink .cmtt_C,glossary,no,no
united methodist church,diversity-style-guide-2023-11,3836,- [United Methodist Church](https://www.diversitystyleguide.com/glossary/united-methodist-church/){.glossaryLink .cmtt_C,glossary,no,no
united negro college fund,diversity-style-guide-2023-11,3841,- [United Negro College Fund](https://www.diversitystyleguide.com/glossary/united-negro-college-fund-uncf/){.glossaryLin,glossary,no,no
united negro college fund,nabj-style-guide-2022-10,2097,"| | | [United Negro College Fund, The (UNCF):]{style=""font-weight: bold;""} Nations largest, oldest and most comprehensiv",keyword,no,no
unity church,diversity-style-guide-2023-11,3846,- [Unity Church](https://www.diversitystyleguide.com/glossary/unity-church/){.glossaryLink .cmtt_Religion},glossary,no,no
unnecessary questions,tja-stylebook-2026-01,208,### [take care not to ask irrelevant or unnecessary questions](#interview-etiquette){.header-anchor} {#interview-etiquet,glossary,no,no
untouchables,diversity-style-guide-2023-11,3851,- [Untouchables](https://www.diversitystyleguide.com/glossary/untouchables/){.glossaryLink .cmtt_Hinduism .cmtt_Indian .,glossary,no,no
untransmittable,nlgja-stylebook-lgbtq-2025-06,694,"**undetectable, untransmittable\**",glossary,yes,no
urban,apa-inclusive-language-2023-10,614,"(e.g., access to education, health care and food-delivery systems, zoning laws, and urban and rural infrastructures) or",keyword,no,no
urban,dcfpi-inclusive-language-2017-12,211,"• Acknowledge the historical roots, including public and private disinvestment, racist urban",keyword,no,no
urban,diversity-style-guide-2023-11,3856,"- [urban](https://www.diversitystyleguide.com/glossary/urban/){.glossaryLink .cmtt_African .American, .Black .cmtt_Race}",glossary,no,no
urban,gcjt-style-guide-trauma-2021,1543,"""notorious"", ""urban"" and ""gritty,"" to describe a geographic area. These",keyword,yes,no
urban,nabj-style-guide-2022-10,243,"| | | [Urban Dictionary](https://web.archive.org/web/20221008235320/http://www.urbandictionary.com/){target=""_blank""}\ |",keyword,no,no
urban,racial-equity-tools-glossary-2023,984,"Colonization can be defined as some form of invasion, dispossession, and subjugation of a people. The invasion need not ",keyword,no,no
urban,sierra-club-equity-language-guide-2021,1327,"and reinforce racial stereotypes, such as “urban,”",keyword,no,no
urban contemporary,diversity-style-guide-2023-11,3861,"- [urban music, urban contemporary](https://www.diversitystyleguide.com/glossary/urban-music-urban-contemporary/){.gloss",glossary,no,no
urban music,diversity-style-guide-2023-11,3861,"- [urban music, urban contemporary](https://www.diversitystyleguide.com/glossary/urban-music-urban-contemporary/){.gloss",glossary,no,no
urdu,diversity-style-guide-2023-11,3866,- [Urdu](https://www.diversitystyleguide.com/glossary/urdu/){.glossaryLink .cmtt_Geography},glossary,no,no
use and abuse of images from,diversity-style-guide-2023-11,456,"- [Asia, use and abuse of images from](https://www.diversitystyleguide.com/glossary/asia-use-and-abuse-of-images-from/){",glossary,no,no
use file photos with care,tja-stylebook-2026-01,1060,"### [use file photos with care](#photo-relevance){.header-anchor} {#photo-relevance updated=""2023-08-25"" tabindex=""-1""}",glossary,yes,no
vatican,diversity-style-guide-2023-11,3871,"- [Vatican, Vatican City](https://www.diversitystyleguide.com/glossary/vatican-vatican-city/){.glossaryLink .cmtt_Cathol",glossary,no,no
vatican city,diversity-style-guide-2023-11,3871,"- [Vatican, Vatican City](https://www.diversitystyleguide.com/glossary/vatican-vatican-city/){.glossaryLink .cmtt_Cathol",glossary,no,no
vegetative state,diversity-style-guide-2023-11,3876,- [vegetative state/comatose/non-response](https://www.diversitystyleguide.com/glossary/vegetative-statecomatosenon-resp,glossary,no,no
veiling,diversity-style-guide-2023-11,3881,- [veiling](https://www.diversitystyleguide.com/glossary/veiling/){.glossaryLink .cmtt_Islam .cmtt_Religion},glossary,no,no
victim,apa-inclusive-language-2023-10,294,"but not limited to antisemitism create fear, anxiety, and insecurity among victims and others in the community, leaving",keyword,no,no
victim,color-of-change-antiracist-protest-reporting-2020,185,blame. This type of language is rarely used when a police officer is the victim of the shooting,keyword,no,no
victim,color-of-change-black-families-narrative-2020,1474,"criminal behavior, to taint the reputations of Black victims of police brutality",keyword,no,no
victim,color-of-change-black-survivors-styleguide-2022,62,"lifetime.1 However, these victims/survivors don’t typically",keyword,no,no
victim,dcfpi-inclusive-language-2017-12,111,Use survivor rather than victim language,keyword,no,no
victim,define-american-media-reference-2024-01,860,A visa designated for certain victims of,keyword,no,no
victim,diversity-style-guide-2023-11,3886,"- [victim, suffering from, afflicted with, stricken with](https://www.diversitystyleguide.com/glossary/victim-suffering-",glossary,no,no
victim,gcjt-style-guide-trauma-2021,446,"the victims of war, famine or disaster. Drawing on critic Susan Sontag's",keyword,no,no
victim,nabj-style-guide-2022-10,679,"| | | **(New) Criminal Record Use:** To ensure accurate reporting and to avoid the villainization of victims, the existe",keyword,yes,no
victim,racial-equity-tools-glossary-2023,1851,"A legal term that describes criminal acts where the victim was targeted due to their actual or perceived race, color, re",keyword,no,no
victim,seiu-stylebook-2020-01,131,AIDS victim [Do not use],keyword,yes,no
victim,sierra-club-equity-language-guide-2021,1456,the victims of racism because they are operating on,keyword,no,no
victim,sumofus-progressive-styleguide-2016,541,yy victim of . . .,keyword,no,no
victim,wfpusa-writing-with-dignity-2022,39,"Rarely use words like ""desperate,"" ""scared,"" or ""victim"" without direct attribution from the person themselves.",keyword,no,no
victim of,color-of-change-antiracist-protest-reporting-2020,185,blame. This type of language is rarely used when a police officer is the victim of the shooting,keyword,no,no
victim of,color-of-change-black-survivors-styleguide-2022,217,"know has been a victim of sexual violence, contact",keyword,no,no
victim of,diversity-style-guide-2023-11,181,- [afflicted with/stricken with/suffers from/victim of](https://www.diversitystyleguide.com/glossary/afflicted-withstric,glossary,no,no
victim of,nabj-style-guide-2022-10,1329,"| | | | [University of California Regents vs. Bakke (1978)]{style=""font-weight: bold;""} - Supreme Court rules that the U",keyword,no,no
victim of,ncdj-disability-style-guide-2021,176,### [Afflicted with/stricken with/suffers from/victim of]{.highlight-gold},glossary,no,no
victim of,sumofus-progressive-styleguide-2016,541,yy victim of . . .,keyword,no,no
vietnamese names,diversity-style-guide-2023-11,3896,- [Vietnamese names](https://www.diversitystyleguide.com/glossary/vietnamese-names/){.glossaryLink .cmtt_Asian .American,glossary,no,no
violence,apa-inclusive-language-2023-10,430,"substance misuse and addiction, and cardiovascular disease. Acute problems of domestic violence or alcohol misuse may",keyword,no,no
violence,cair-journalists-guide-2021-08,212,MYTH 1: The Quran promotes violence and mandates death for apostasy.,keyword,no,no
violence,color-of-change-antiracist-protest-reporting-2020,65,"demand accountability for police violence, justice for Black",keyword,no,no
violence,color-of-change-black-families-narrative-2020,545,Black people for social unrest and violence,keyword,no,no
violence,color-of-change-black-survivors-styleguide-2022,21,"content related to sexual violence, domestic violence, physical",keyword,no,no
violence,comm-unity-style-guide-2021,114,People with past records include survivors of violence and people who have fled war and genocide.,keyword,no,no
violence,dcfpi-inclusive-language-2017-12,77,"Moreover, an active voice allows us to directly name perpetrators of violence and harm, while also",keyword,no,no
violence,gcjt-style-guide-trauma-2021,51,- [Intimate Partner Violence](/topic/intimate-partner-violence),keyword,no,no
violence,idp-journalist-style-guide-2020,91,People with past records include survivors of violence and people who have fled war and,keyword,no,no
violence,movement-strategy-center-glossary-2024,383,#### Violence,glossary,no,no
violence,racial-equity-tools-glossary-2023,232,"2. Prison industrial complex (PIC) abolition is a political vision with the goal of eliminating imprisonment, policing, ",keyword,no,no
violence,seiu-stylebook-2020-01,2702,gun violence : violence armée,keyword,no,no
violence,sierra-club-equity-language-guide-2021,54,VIOLENCE AND GUNS ......................................................................................................,keyword,no,no
violence,sumofus-progressive-styleguide-2016,86,Domestic Violence,keyword,no,no
violence,wordsaboutwar-full-2025,90,violence of their actions. “Collateral,keyword,yes,no
violence,wordsaboutwar-short-2025,83,"describe the actual military violence: bombs, bullets, missiles, or other",keyword,no,no
visibility and authenticity,radicalcopyeditor-trans-style-guide-2017,46,"**Visibility and authenticity:** Don't use terms implying deception (""passes,"" ""stealth,"" ""secret""). Instead, use ""openl",glossary,yes,no
visually impaired,apa-inclusive-language-2023-10,1185,Description of blind people and people who are visually impaired,keyword,no,no
visually impaired,diversity-style-guide-2023-11,686,- [blind/limited vision/low vision/partially sighted/visually impaired](https://www.diversitystyleguide.com/glossary/bli,glossary,no,no
visually impaired,ncdj-disability-style-guide-2021,356,### [Blind/legally blind/limited vision/low vision/partially sighted/visually impaired]{.highlight-gold},glossary,no,no
vodou,diversity-style-guide-2023-11,3901,"- [Vodou, Voodoo](https://www.diversitystyleguide.com/glossary/vodou-voodoo/){.glossaryLink .cmtt_Religion}",glossary,no,no
vodou,gcjt-style-guide-trauma-2021,2214,"Dread: A Tale of Love, Vodou, and Civil Strife in",keyword,no,no
voodoo,diversity-style-guide-2023-11,3901,"- [Vodou, Voodoo](https://www.diversitystyleguide.com/glossary/vodou-voodoo/){.glossaryLink .cmtt_Religion}",glossary,no,no
voting rights act,diversity-style-guide-2023-11,3906,- [Voting Rights Act](https://www.diversitystyleguide.com/glossary/voting-rights-act/){.glossaryLink .cmtt_African .Amer,glossary,no,no
voting rights act,nabj-style-guide-2022-10,669,"| | | [civil-rights movement, Civil Rights Act:]{style=""font-weight: bold;""} Often used to describe the struggles of bla",keyword,yes,no
voting rights act,racial-equity-tools-glossary-2023,322,"2. On June 29, 2023, the Supreme Court set the United States back decades, invalidating the policy that enabled institut",keyword,no,no
voting rights act,seiu-stylebook-2020-01,3525,Rights Act : rétablissement de la Voting Rights Act (Loi sur le droit de vote),keyword,no,no
w. deen,religion-stylebook-2026-06,689,"## Mohammed, W. Deen",glossary,no,no
wacko,diversity-style-guide-2023-11,996,"- [crazy/crazed, psycho, nuts, lunatic, deranged, wacko](https://www.diversitystyleguide.com/glossary/crazycrazed-psycho",glossary,no,no
wage gap,movement-strategy-center-glossary-2024,387,#### Wage Gap,glossary,no,no
wahhabism,religion-stylebook-2026-06,807,## Wahhabism,glossary,no,no
walkability,diversity-style-guide-2023-11,3911,"- [walking distance, walkability, walkable](https://www.diversitystyleguide.com/glossary/walking-distance-walkability-wa",glossary,no,no
walkable,diversity-style-guide-2023-11,3911,"- [walking distance, walkability, walkable](https://www.diversitystyleguide.com/glossary/walking-distance-walkability-wa",glossary,no,no
walking distance,diversity-style-guide-2023-11,3911,"- [walking distance, walkability, walkable](https://www.diversitystyleguide.com/glossary/walking-distance-walkability-wa",glossary,no,no
wallace fard,religion-stylebook-2026-06,713,"## Muhammad, Wallace Fard",glossary,no,no
watch for inappropriate stock images,tja-stylebook-2026-01,1068,"### [watch for inappropriate stock images](#photo-mistakes){.header-anchor} {#photo-mistakes updated=""2023-08-25"" tabind",glossary,yes,no
west indies,diversity-style-guide-2023-11,3916,- [West Indies](https://www.diversitystyleguide.com/glossary/west-indies/){.glossaryLink .cmtt_Geography},glossary,no,no
west indies,nabj-style-guide-2022-10,667,"| | | [Cajun, Creole:]{style=""font-weight: bold;""} Cajun is a native of Louisiana originally descended from the Acadian ",keyword,no,no
what to do if you can't determine someone's pronouns,tja-stylebook-2026-01,378,### [what to do if you can't determine someone's pronouns](#unknown-pronouns){.header-anchor} {#unknown-pronouns updated,glossary,yes,no
what to do if you can't obtain self identification,tja-stylebook-2026-01,566,"### [what to do if you can't obtain self-identification](#no-self-id){.header-anchor} {#no-self-id updated=""2025-04-22"" ",glossary,yes,no
wheelchair,apa-inclusive-language-2023-10,647,wheelchair-bound,keyword,no,no
wheelchair,dcfpi-inclusive-language-2017-12,272,Confined to a wheelchair,keyword,no,no
wheelchair,diversity-style-guide-2023-11,3921,- [wheelchair/wheelchair-bound/confined to a wheelchair](https://www.diversitystyleguide.com/glossary/wheelchairwheelcha,glossary,no,no
wheelchair,seiu-stylebook-2020-01,3932,wheelchair attendants : préposés aux fauteuils roulants,keyword,no,no
wheelchair,sierra-club-equity-language-guide-2021,1941,"action, could the image be of a person in a wheelchair",keyword,no,no
wheelchair,sumofus-progressive-styleguide-2016,429,"individual affected. For example, if a wheelchair using",keyword,no,no
wheelchair bound,apa-inclusive-language-2023-10,647,wheelchair-bound,keyword,no,no
wheelchair bound,dcfpi-inclusive-language-2017-12,273,Wheelchair bound,keyword,no,no
wheelchair bound,diversity-style-guide-2023-11,3921,- [wheelchair/wheelchair-bound/confined to a wheelchair](https://www.diversitystyleguide.com/glossary/wheelchairwheelcha,glossary,no,no
when past news coverage deadnames,tja-stylebook-2026-01,292,### [when past news coverage deadnames/misgenders a trans person](#past-coverage-errors){.header-anchor} {#past-coverage,glossary,no,no
when sources deadname,tja-stylebook-2026-01,304,"### [when sources deadname or misgender a trans person](#deadnaming){.header-anchor} {#deadnaming updated=""2023-08-25"" t",glossary,no,no
when to use gendered medical language,tja-stylebook-2026-01,860,### [when to use gendered medical language](#gendered-medical-language){.header-anchor} {#gendered-medical-language upda,glossary,no,no
when web assets deadname,tja-stylebook-2026-01,300,"### [when web assets deadname/misgender a trans person](#web-asset-errors){.header-anchor} {#web-asset-errors updated=""2",glossary,yes,no
white,apa-inclusive-language-2023-10,274,White women may experience discrimination based on their gender but may also benefit from Whiteness and have privilege,keyword,no,no
white,casey-editorial-guide-2013-04,14,"black-and-white bear-like mammal, native to China. Eats, shoots and leaves.”",keyword,no,no
white,color-of-change-antiracist-protest-reporting-2020,86,"Native Americans, and much more. We have also seen white",keyword,no,no
white,color-of-change-black-families-narrative-2020,60,while Underrepresenting White Families as Perpetrators,keyword,no,no
white,comm-unity-style-guide-2021,139,• “African American adults are 5.9 times as likely to be incarcerated than whites and [Latinxs] are,keyword,no,no
white,dcfpi-inclusive-language-2017-12,93,"percent” try “Black incomes fell by an average of 12 percent, Latinx incomes by 4 percent, while white",keyword,no,no
white,define-american-media-reference-2024-01,229,"(often white) then swoop in to save them. For example, one-fourth of",keyword,no,no
white,diversity-style-guide-2023-11,3936,"- [White, U.S. Census definition of](https://www.diversitystyleguide.com/glossary/white-u-s-census-definition-of/){.glos",glossary,no,no
white,gcjt-style-guide-trauma-2021,4550,"security and intelligence reporters, White House journalists, Middle",keyword,no,no
white,idp-journalist-style-guide-2020,138,• “African-American adults are 5.9 times as likely to be incarcerated than whites and,keyword,no,no
white,nabj-style-guide-2022-10,169,"| | | NABJ also recommends that whenever a color is used to appropriately describe race then it should be capitalized, i",keyword,no,no
white,native-governance-center-style-guide-2021-02,85,DO NOT capitalize the word white.,keyword,no,yes
white,opportunity-agenda-social-justice-phrase-guide-2015,24,than nouns (i.e. Black or White people vs. Blacks and,keyword,no,no
white,racial-equity-tools-glossary-2023,281,**SOURCE:** [[*Accountability and White Anti-Racist Organizing: Stories from Our Work*]{.underline}](https://www.worldca,keyword,no,no
white,seiu-stylebook-2020-01,96,"a comma before the conjunction in a simple series: The flag is red, white and blue.",keyword,no,no
white,sierra-club-equity-language-guide-2021,44,Racism and White Supremacy. ............................................................................................,keyword,no,no
white,sumofus-progressive-styleguide-2016,2488,mention the race or color of white people as well.,keyword,no,no
white,wfpusa-writing-with-dignity-2022,14,**Scope:** Primarily focused on removing white savior language from international relief communications. Centered on how,keyword,no,no
white flight,diversity-style-guide-2023-11,3926,"- [White flight](https://www.diversitystyleguide.com/glossary/white-flight/){.glossaryLink .cmtt_African .American, .Bla",glossary,no,no
white fragility,movement-strategy-center-glossary-2024,390,#### White Fragility,glossary,no,no
white fragility,racial-equity-tools-glossary-2023,4670,"[[[[White Fragility]{.wixui-rich-text__text style=""letter-spacing:0.03em;""}]{.wixui-rich-text__text style=""font-size:22p",keyword,no,no
white privilege,apa-inclusive-language-2023-10,348,"discrimination, oppression, and White privilege. Decolonization is a process of examining and undoing the epistemologica",keyword,no,no
white privilege,color-of-change-black-families-narrative-2020,2494,"D’Onofrio, Kaitlyn, “White Privilege on Display in Post-Super Bowl Riots,” DiversityInc, February 6, 2018.",keyword,no,no
white privilege,dcfpi-inclusive-language-2017-12,545,"society to all members of a dominant group (ex: white privilege, male",keyword,no,no
white privilege,diversity-style-guide-2023-11,3931,- [White privilege](https://www.diversitystyleguide.com/glossary/white-privilege/){.glossaryLink .cmtt_Race},glossary,no,no
white privilege,movement-strategy-center-glossary-2024,394,#### White Privilege,glossary,no,no
white privilege,racial-equity-tools-glossary-2023,732,"To advance racial equity, there is work for white people and people of color to do separately and together. Caucuses pro",keyword,no,no
white privilege,sumofus-progressive-styleguide-2016,3433,220 http://www.intellectualtakeout.org/blog/not-fan-term-white-privilege,keyword,no,no
white supremacy,apa-inclusive-language-2023-10,1814,"across institutions that maintain White supremacy, thereby producing harmful cumulative, durable, race-based",keyword,yes,no
white supremacy,color-of-change-antiracist-protest-reporting-2020,201,white supremacy and far-right extremists.,keyword,no,no
white supremacy,movement-strategy-center-glossary-2024,398,#### White Supremacy,glossary,no,no
white supremacy,racial-equity-tools-glossary-2023,379,"2. *This definition was found on the White Noise Collective webpage ""*[[*Shared Understandings*]{.underline}](https://ww",keyword,no,no
white supremacy,seiu-stylebook-2020-01,3961,white supremacy : suprématie des Blancs et Blanches,keyword,no,no
white supremacy,sierra-club-equity-language-guide-2021,44,Racism and White Supremacy. ............................................................................................,keyword,no,no
white supremacy,sumofus-progressive-styleguide-2016,2613,yy white supremacy (white,keyword,no,no
white supremacy culture,movement-strategy-center-glossary-2024,402,#### White Supremacy Culture,glossary,yes,no
white supremacy culture,racial-equity-tools-glossary-2023,4860,"[[[[White Supremacy Culture]{.wixui-rich-text__text style=""letter-spacing:0.03em;""}]{.wixui-rich-text__text style=""font-",keyword,no,no
white supremacy culture,sierra-club-equity-language-guide-2021,46,Systemic Racism and White Supremacy Culture....................................................................... 14,keyword,no,no
wicca,diversity-style-guide-2023-11,3946,- [Wicca](https://www.diversitystyleguide.com/glossary/wicca/){.glossaryLink .cmtt_Paganism/Wicca .cmtt_Religion},glossary,no,no
wigger,diversity-style-guide-2023-11,3951,"- [wigger](https://www.diversitystyleguide.com/glossary/wigger/){.glossaryLink .cmtt_African .American, .Black}",glossary,no,no
wigger,nabj-style-guide-2022-10,2109,"| | | [wigger:]{style=""font-weight: bold;""} A derogatory term used for a white person who mimics language, dress and man",keyword,no,no
witch,diversity-style-guide-2023-11,3956,- [witch](https://www.diversitystyleguide.com/glossary/witch/){.glossaryLink .cmtt_Paganism/Wicca .cmtt_Religion},glossary,no,no
withdrawal,diversity-style-guide-2023-11,3961,- [withdrawal (drug)](https://www.diversitystyleguide.com/glossary/withdrawal-drug/){.glossaryLink .cmtt_Drugs .and .alc,glossary,no,no
withdrawal,gcjt-style-guide-trauma-2021,996,"psychological injury, including social withdrawal, anxiety and",keyword,no,no
woke,tja-stylebook-2026-01,529,"### [woke (adj.), wokeness/wokism (n.)](#woke){.header-anchor} {#woke updated=""2025-09-24"" tabindex=""-1""}",glossary,no,no
wokeness,tja-stylebook-2026-01,529,"### [woke (adj.), wokeness/wokism (n.)](#woke){.header-anchor} {#woke updated=""2025-09-24"" tabindex=""-1""}",glossary,no,no
wokism,tja-stylebook-2026-01,529,"### [woke (adj.), wokeness/wokism (n.)](#woke){.header-anchor} {#woke updated=""2025-09-24"" tabindex=""-1""}",glossary,no,no
workforce housing,diversity-style-guide-2023-11,3966,- [workforce housing](https://www.diversitystyleguide.com/glossary/workforce-housing/){.glossaryLink},glossary,no,no
workforce housing,sumofus-progressive-styleguide-2016,1788,yy workforce housing,keyword,no,no
working class,apa-inclusive-language-2023-10,2243,“working class.”,keyword,no,no
working class,color-of-change-black-families-narrative-2020,96,34 “Working Class” / “Working Families”,keyword,no,no
working class,seiu-stylebook-2020-01,1514,"working class (n.), working-class (adj.)",keyword,no,no
working class,sierra-club-equity-language-guide-2021,1321,actually mean. BIPOC communities? Working class,keyword,yes,no
worship,apa-inclusive-language-2023-10,1682,"becoming more common at conferences (including the APA convention), community gatherings, places of worship,",keyword,no,no
worship,cair-journalists-guide-2021-08,390,"Masjid – The Arabic word for “mosque,” an Islamic house of worship. Plural: masajid.",keyword,no,no
worship,diversity-style-guide-2023-11,3971,"- [worship, worshipped, worshipper](https://www.diversitystyleguide.com/glossary/worship-worshipped-worshipper/){.glossa",glossary,no,no
worship,nabj-style-guide-2022-10,1099,"| | | | [Islam:]{style=""font-weight: bold;""} Youngest of the world\'s three major monotheistic religions. Like Judaism a",keyword,no,no
worshipped,cair-journalists-guide-2021-08,308,“Allah” is the Arabic word for God—the same God worshipped in other Abrahamic faiths. Muslims,keyword,no,no
worshipped,diversity-style-guide-2023-11,3971,"- [worship, worshipped, worshipper](https://www.diversitystyleguide.com/glossary/worship-worshipped-worshipper/){.glossa",glossary,no,no
worshipper,diversity-style-guide-2023-11,3971,"- [worship, worshipped, worshipper](https://www.diversitystyleguide.com/glossary/worship-worshipped-worshipper/){.glossa",glossary,no,no
write around outdated,tja-stylebook-2026-01,570,"### [write around outdated or false details](#explaining-gender-id){.header-anchor} {#explaining-gender-id updated=""2024",glossary,yes,no
writing about someone in the past,tja-stylebook-2026-01,266,"### [writing about someone in the past](#past-pronouns){.header-anchor} {#past-pronouns updated=""2025-09-24"" tabindex=""-",glossary,yes,no
wudu,religion-stylebook-2026-06,811,## wudu,glossary,no,no
xmas,diversity-style-guide-2023-11,3976,- [Xmas](https://www.diversitystyleguide.com/glossary/xmas/){.glossaryLink .cmtt_Christianity .cmtt_Religion},glossary,no,no
yahrzeit,religion-stylebook-2026-06,399,## yahrzeit,glossary,no,no
yahweh,religion-stylebook-2026-06,403,## Yahweh,glossary,no,no
yang,diversity-style-guide-2023-11,4001,- [yin/yang](https://www.diversitystyleguide.com/glossary/yinyang/){.glossaryLink .cmtt_Confucianism .cmtt_Taoism},glossary,no,no
yang,racial-equity-tools-glossary-2023,1310,"2. Per Eve Tuck and K. Wayne Yang: ""Decolonization doesn't have a synonym""; it is not a substitute for 'human rights' or",keyword,no,no
yang,sumofus-progressive-styleguide-2016,2059,"Eve Tuck and K. Wayne Yang,",keyword,no,no
yarmulke,diversity-style-guide-2023-11,3981,- [yarmulke](https://www.diversitystyleguide.com/glossary/yarmulke/){.glossaryLink .cmtt_Judaism .cmtt_Religion},glossary,no,no
yarmulke,religion-stylebook-2026-06,407,## yarmulke,glossary,no,no
yellow journalism,diversity-style-guide-2023-11,3986,- [yellow journalism](https://www.diversitystyleguide.com/glossary/yellow-journalism/){.glossaryLink .cmtt_Asian .Americ,glossary,no,no
yellow peril,diversity-style-guide-2023-11,3991,- [yellow peril](https://www.diversitystyleguide.com/glossary/yellow-peril/){.glossaryLink .cmtt_Asian .American .cmtt_I,glossary,no,no
yellow skin,diversity-style-guide-2023-11,3996,"- [yellow skin, Asian-ness of](https://www.diversitystyleguide.com/glossary/yellow-skin-asian-ness-of/){.glossaryLink .c",glossary,no,no
yin,diversity-style-guide-2023-11,4001,- [yin/yang](https://www.diversitystyleguide.com/glossary/yinyang/){.glossaryLink .cmtt_Confucianism .cmtt_Taoism},glossary,no,no
yom hashoah,religion-stylebook-2026-06,411,## Yom Hashoah,glossary,no,no
yom kippur,diversity-style-guide-2023-11,4006,- [Yom Kippur](https://www.diversitystyleguide.com/glossary/yom-kippur/){.glossaryLink .cmtt_Judaism .cmtt_Religion},glossary,no,no
yom kippur,religion-stylebook-2026-06,415,## Yom Kippur,glossary,no,no
yom kippur,sierra-club-equity-language-guide-2021,1471,Rosh Hashanah and Yom Kippur are the Jewish High,keyword,no,no
yonsei,diversity-style-guide-2023-11,4011,"- [Yonsei, yonsei](https://www.diversitystyleguide.com/glossary/yonsei-yonsei/){.glossaryLink .cmtt_Asian .American .cmt",glossary,no,no
zakat,cair-journalists-guide-2021-08,81,3. Zakat - One of the most important principles of Islam is that all things belong to God and,keyword,no,no
zakat,religion-stylebook-2026-06,815,## zakat,glossary,no,no
zionism,diversity-style-guide-2023-11,4016,"- [Zionism, Zionist](https://www.diversitystyleguide.com/glossary/zionism-zionist/){.glossaryLink .cmtt_Judaism .cmtt_Re",glossary,no,no
zionism,religion-stylebook-2026-06,419,## Zionism,glossary,no,no
zionist,diversity-style-guide-2023-11,4016,"- [Zionism, Zionist](https://www.diversitystyleguide.com/glossary/zionism-zionist/){.glossaryLink .cmtt_Judaism .cmtt_Re",glossary,no,no
zionist,religion-stylebook-2026-06,426,## Zionist,glossary,no,no
